#include "assets.h"

// width is 240, height is 240
const unsigned short bigben_background[57600] PROGMEM = {
	0xffff, 0xffff, 0xffff, 0xffff, 0xffff, 0xffff, 0xffff, 0xffff, 0xffff, 0xffff, 0xffff, 0xffff, 0xffff, 0xffff, 0xffff, 0xffff, 
	0xffff, 0xffff, 0xffff, 0xffff, 0xffff, 0xffff, 0xffff, 0xffff, 0xffff, 0xffff, 0xffff, 0xffff, 0xffff, 0xffff, 0xffff, 0xffff, 
	0xffff, 0xffff, 0xffff, 0xffff, 0xffff, 0xffff, 0xffff, 0xffff, 0xffff, 0xffff, 0xffff, 0xffff, 0xffff, 0xffff, 0xffff, 0xffff, 
	0xffff, 0xffff, 0xffff, 0xffff, 0xffff, 0xffff, 0xffff, 0xffff, 0xffff, 0xffff, 0xffff, 0xffff, 0xffff, 0xffff, 0xffff, 0xffff, 
	0xffff, 0xffff, 0xffff, 0xffff, 0xffff, 0xffff, 0xffff, 0xffff, 0xffff, 0xffff, 0xffff, 0xffff, 0xffff, 0xffff, 0xffff, 0xffff, 
	0xffff, 0xffff, 0xffff, 0xffff, 0xffff, 0xffff, 0xffff, 0xffff, 0xffff, 0xffff, 0xffff, 0xffff, 0xffff, 0xffff, 0xffff, 0xffff, 
	0xffff, 0xffff, 0xffff, 0xffff, 0xffff, 0xffff, 0xffff, 0xffff, 0xffff, 0xffff, 0xffff, 0xffff, 0xffff, 0xffff, 0xffff, 0xffff, 
	0xffff, 0xffff, 0xffff, 0xffff, 0xffff, 0xffff, 0xffff, 0xffff, 0xffff, 0xffff, 0xf7be, 0xf7be, 0xffdf, 0xffff, 0xffff, 0xffff, 
	0xffff, 0xffff, 0xffff, 0xffff, 0xffff, 0xffff, 0xffff, 0xffff, 0xffff, 0xffff, 0xffff, 0xffff, 0xffff, 0xffff, 0xffff, 0xffff, 
	0xffff, 0xffff, 0xffff, 0xffff, 0xffff, 0xffff, 0xffff, 0xffff, 0xffff, 0xffff, 0xffff, 0xffff, 0xffff, 0xffff, 0xffff, 0xffff, 
	0xffff, 0xffff, 0xffff, 0xffff, 0xffff, 0xffff, 0xffff, 0xffff, 0xffff, 0xffff, 0xffff, 0xffff, 0xffff, 0xffff, 0xffff, 0xffff, 
	0xffff, 0xffff, 0xffff, 0xffff, 0xffff, 0xffff, 0xffff, 0xffff, 0xffff, 0xffff, 0xffff, 0xffff, 0xffff, 0xffff, 0xffff, 0xffff, 
	0xffff, 0xffff, 0xffff, 0xffff, 0xffff, 0xffff, 0xffff, 0xffff, 0xffff, 0xffff, 0xffff, 0xffff, 0xffff, 0xffff, 0xffff, 0xffff, 
	0xffff, 0xffff, 0xffff, 0xffff, 0xffff, 0xffff, 0xffff, 0xffff, 0xffff, 0xffff, 0xffff, 0xffff, 0xffff, 0xffff, 0xffff, 0xffff, 
	0xffff, 0xffff, 0xffff, 0xffff, 0xffff, 0xffff, 0xffff, 0xffff, 0xffff, 0xffff, 0xffff, 0xffff, 0xffff, 0xffff, 0xffff, 0xffff, 
	0xffff, 0xffff, 0xffff, 0xffff, 0xffff, 0xffff, 0xffff, 0xffff, 0xffff, 0xffff, 0xffff, 0xffff, 0xffff, 0xffff, 0xffff, 0xffff, 
	0xffff, 0xffff, 0xffff, 0xffff, 0xffff, 0xffff, 0xffff, 0xffff, 0xffff, 0xffff, 0xffff, 0xffff, 0xffff, 0xffff, 0xffff, 0xffff, 
	0xffff, 0xffff, 0xffff, 0xffff, 0xffff, 0xffff, 0xffff, 0xffff, 0xffff, 0xffff, 0xffff, 0xffff, 0xffff, 0xffff, 0xffff, 0xffff, 
	0xffff, 0xffff, 0xffff, 0xffff, 0xffff, 0xffff, 0xffff, 0xffff, 0xffff, 0xffff, 0xffff, 0xffff, 0xffff, 0xffff, 0xffff, 0xffff, 
	0xffff, 0xffff, 0xffff, 0xffff, 0xffff, 0xffff, 0xffff, 0xffff, 0xffff, 0xffff, 0xffff, 0xffff, 0xffff, 0xffff, 0xffff, 0xffff, 
	0xffff, 0xffff, 0xffff, 0xffff, 0xffff, 0xffff, 0xffff, 0xffff, 0xffff, 0xffff, 0xffff, 0xffff, 0xffff, 0xffff, 0xffff, 0xffff, 
	0xffff, 0xffff, 0xffff, 0xffff, 0xffff, 0xffff, 0xffff, 0xffff, 0xffff, 0xffff, 0xffff, 0xffff, 0xffff, 0xffff, 0xffff, 0xffff, 
	0xffff, 0xffff, 0xffff, 0xffff, 0xffff, 0xffff, 0xffff, 0xffff, 0xf79e, 0xffff, 0xffff, 0xffff, 0xffff, 0xffff, 0xffff, 0xffff, 
	0xffff, 0xffff, 0xffff, 0xffff, 0xffff, 0xffff, 0xffff, 0xffff, 0xffff, 0xffff, 0xffff, 0xffff, 0xffff, 0xffff, 0xffff, 0xffff, 
	0xffff, 0xffff, 0xffff, 0xffff, 0xffff, 0xffff, 0xffff, 0xffff, 0xffff, 0xffff, 0xffff, 0xffff, 0xffff, 0xffff, 0xffff, 0xffff, 
	0xffff, 0xffff, 0xffff, 0xffff, 0xffff, 0xffff, 0xffff, 0xffff, 0xffff, 0xffff, 0xffff, 0xffff, 0xffff, 0xffff, 0xffff, 0xffff, 
	0xffff, 0xffff, 0xffff, 0xffff, 0xffff, 0xffff, 0xffff, 0xffff, 0xffff, 0xffff, 0xffff, 0xffff, 0xffff, 0xffff, 0xffff, 0xffff, 
	0xffff, 0xffff, 0xffff, 0xffff, 0xffff, 0xffff, 0xffff, 0xffff, 0xffff, 0xffff, 0xffff, 0xffff, 0xffff, 0xffff, 0xffff, 0xffff, 
	0xffff, 0xffff, 0xffff, 0xffff, 0xffff, 0xffff, 0xffff, 0xffff, 0xffff, 0xffff, 0xffff, 0xffff, 0xffff, 0xffff, 0xffff, 0xffff, 
	0xffff, 0xffff, 0xffff, 0xffff, 0xffff, 0xffff, 0xffff, 0xffff, 0xffff, 0xffff, 0xffff, 0xffff, 0xffff, 0xffff, 0xffff, 0xffff, 
	0xffff, 0xffff, 0xffff, 0xffff, 0xffff, 0xffff, 0xffff, 0xffff, 0xffff, 0xffff, 0xffff, 0xffff, 0xffff, 0xffff, 0xffff, 0xffff, 
	0xffff, 0xffff, 0xffff, 0xffff, 0xffff, 0xffff, 0xffff, 0xffff, 0xffff, 0xffff, 0xffff, 0xffff, 0xffff, 0xffff, 0xffff, 0xffff, 
	0xffff, 0xffff, 0xffff, 0xffff, 0xffff, 0xffff, 0xffff, 0xffff, 0xffff, 0xffff, 0xffff, 0xffff, 0xffff, 0xffff, 0xffff, 0xffff, 
	0xffff, 0xffff, 0xffff, 0xffff, 0xffff, 0xffff, 0xffff, 0xffff, 0xffff, 0xffff, 0xffff, 0xffff, 0xffff, 0xffff, 0xffff, 0xffff, 
	0xffff, 0xffff, 0xffff, 0xffff, 0xffff, 0xffff, 0xffff, 0xffff, 0xffff, 0xffff, 0xffff, 0xffff, 0xffff, 0xffff, 0xffff, 0xffff, 
	0xffff, 0xffff, 0xffff, 0xffff, 0xffff, 0xffff, 0xffff, 0xffff, 0xffff, 0xffff, 0xffff, 0xffff, 0xffff, 0xffff, 0xffff, 0xffff, 
	0xffff, 0xffff, 0xffff, 0xffff, 0xffff, 0xffff, 0xffff, 0xffff, 0xffff, 0xffff, 0xffff, 0xffff, 0xffff, 0xffff, 0xffff, 0xffff, 
	0xffff, 0xffff, 0xffff, 0xffff, 0xffff, 0xffff, 0xffff, 0xce59, 0x5aeb, 0x9cd3, 0xffff, 0xffff, 0xffff, 0xffff, 0xffff, 0xffff, 
	0xffff, 0xffff, 0xffff, 0xffff, 0xffff, 0xffff, 0xffff, 0xffff, 0xffff, 0xffff, 0xffff, 0xffff, 0xffff, 0xffff, 0xffff, 0xffff, 
	0xffff, 0xffff, 0xffff, 0xffff, 0xffff, 0xffff, 0xffff, 0xffff, 0xffff, 0xffff, 0xffff, 0xffff, 0xffff, 0xffff, 0xffff, 0xffff, 
	0xffff, 0xffff, 0xffff, 0xffff, 0xffff, 0xffff, 0xffff, 0xffff, 0xffff, 0xffff, 0xffff, 0xffff, 0xffff, 0xffff, 0xffff, 0xffff, 
	0xffff, 0xffff, 0xffff, 0xffff, 0xffff, 0xffff, 0xffff, 0xffff, 0xffff, 0xffff, 0xffff, 0xffff, 0xffff, 0xffff, 0xffff, 0xffff, 
	0xffff, 0xffff, 0xffff, 0xffff, 0xffff, 0xffff, 0xffff, 0xffff, 0xffff, 0xffff, 0xffff, 0xffff, 0xffff, 0xffff, 0xffff, 0xffff, 
	0xffff, 0xffff, 0xffff, 0xffff, 0xffff, 0xffff, 0xffff, 0xffff, 0xffff, 0xffff, 0xffff, 0xffff, 0xffff, 0xffff, 0xffff, 0xffff, 
	0xffff, 0xffff, 0xffff, 0xffff, 0xffff, 0xffff, 0xffff, 0xffff, 0xffff, 0xffff, 0xffff, 0xffff, 0xffff, 0xffff, 0xffff, 0xffff, 
	0xffff, 0xffff, 0xffff, 0xffff, 0xffff, 0xffff, 0xffff, 0xffff, 0xffff, 0xffff, 0xffff, 0xffff, 0xffff, 0xffff, 0xffff, 0xffff, 
	0xffff, 0xffff, 0xffff, 0xffff, 0xffff, 0xffff, 0xffff, 0xffff, 0xffff, 0xffff, 0xffff, 0xffff, 0xffff, 0xffff, 0xffff, 0xffff, 
	0xffff, 0xffff, 0xffff, 0xffff, 0xffff, 0xffff, 0xffff, 0xffff, 0xffff, 0xffff, 0xffff, 0xffff, 0xffff, 0xffff, 0xffff, 0xffff, 
	0xffff, 0xffff, 0xffff, 0xffff, 0xffff, 0xffff, 0xffff, 0xffff, 0xffff, 0xffff, 0xffff, 0xffff, 0xffff, 0xffff, 0xffff, 0xffff, 
	0xffff, 0xffff, 0xffff, 0xffff, 0xffff, 0xffff, 0xffff, 0xffff, 0xffff, 0xffff, 0xffff, 0xffff, 0xffff, 0xffff, 0xffff, 0xffff, 
	0xffff, 0xffff, 0xffff, 0xffff, 0xffff, 0xffff, 0xffff, 0xffff, 0xffff, 0xffff, 0xffff, 0xffff, 0xffff, 0xffff, 0xffff, 0xffff, 
	0xffff, 0xffff, 0xffff, 0xffff, 0xffff, 0xffff, 0xffff, 0xffff, 0xffff, 0xffff, 0xffff, 0xffff, 0xffff, 0xffff, 0xffff, 0xffff, 
	0xffff, 0xffff, 0xffff, 0xffff, 0xffff, 0xffff, 0xbdf7, 0x5acb, 0x5acb, 0x4a49, 0x9cd3, 0xffff, 0xffff, 0xffff, 0xffff, 0xffff, 
	0xffff, 0xffff, 0xffff, 0xffff, 0xffff, 0xffff, 0xffff, 0xffff, 0xffff, 0xffff, 0xffff, 0xffff, 0xffff, 0xffff, 0xffff, 0xffff, 
	0xffff, 0xffff, 0xffff, 0xffff, 0xffff, 0xffff, 0xffff, 0xffff, 0xffff, 0xffff, 0xffff, 0xffff, 0xffff, 0xffff, 0xffff, 0xffff, 
	0xffff, 0xffff, 0xffff, 0xffff, 0xffff, 0xffff, 0xffff, 0xffff, 0xffff, 0xffff, 0xffff, 0xffff, 0xffff, 0xffff, 0xffff, 0xffff, 
	0xffff, 0xffff, 0xffff, 0xffff, 0xffff, 0xffff, 0xffff, 0xffff, 0xffff, 0xffff, 0xffff, 0xffff, 0xffff, 0xffff, 0xffff, 0xffff, 
	0xffff, 0xffff, 0xffff, 0xffff, 0xffff, 0xffff, 0xffff, 0xffff, 0xffff, 0xffff, 0xffff, 0xffff, 0xffff, 0xffff, 0xffff, 0xffff, 
	0xffff, 0xffff, 0xffff, 0xffff, 0xffff, 0xffff, 0xffff, 0xffff, 0xffff, 0xffff, 0xffff, 0xffff, 0xffff, 0xffff, 0xffff, 0xffff, 
	0xffff, 0xffff, 0xffff, 0xffff, 0xffff, 0xffff, 0xffff, 0xffff, 0xffff, 0xffff, 0xffff, 0xffff, 0xffff, 0xffff, 0xffff, 0xffff, 
	0xffff, 0xffff, 0xffff, 0xffff, 0xffff, 0xffff, 0xffff, 0xffff, 0xffff, 0xffff, 0xffff, 0xffff, 0xffff, 0xffff, 0xffff, 0xffff, 
	0xffff, 0xffff, 0xffff, 0xffff, 0xffff, 0xffff, 0xffff, 0xffff, 0xffff, 0xffff, 0xffff, 0xffff, 0xffff, 0xffff, 0xffff, 0xffff, 
	0xffff, 0xffff, 0xffff, 0xffff, 0xffff, 0xffff, 0xffff, 0xffff, 0xffff, 0xffff, 0xffff, 0xffff, 0xffff, 0xffff, 0xffff, 0xffff, 
	0xffff, 0xffff, 0xffff, 0xffff, 0xffff, 0xffff, 0xffff, 0xffff, 0xffff, 0xffff, 0xffff, 0xffff, 0xffff, 0xffff, 0xffff, 0xffff, 
	0xffff, 0xffff, 0xffff, 0xffff, 0xffff, 0xffff, 0xffff, 0xffff, 0xffff, 0xffff, 0xffff, 0xffff, 0xffff, 0xffff, 0xffff, 0xffff, 
	0xffff, 0xffff, 0xffff, 0xffff, 0xffff, 0xffff, 0xffff, 0xffff, 0xffff, 0xffff, 0xffff, 0xffff, 0xffff, 0xffff, 0xffff, 0xffff, 
	0xffff, 0xffff, 0xffff, 0xffff, 0xffff, 0xffff, 0xffff, 0xffff, 0xffff, 0xffff, 0xffff, 0xffff, 0xffff, 0xffff, 0xffff, 0xffff, 
	0xffff, 0xffff, 0xffff, 0xffff, 0xffff, 0xb5b6, 0x52aa, 0x5acb, 0x5aca, 0x5aca, 0x4a28, 0x94b2, 0xffff, 0xffff, 0xffff, 0xffff, 
	0xffff, 0xffff, 0xffff, 0xffff, 0xffff, 0xffff, 0xffff, 0xffff, 0xffff, 0xffff, 0xffff, 0xffff, 0xffff, 0xffff, 0xffff, 0xffff, 
	0xffff, 0xffff, 0xffff, 0xffff, 0xffff, 0xffff, 0xffff, 0xffff, 0xffff, 0xffff, 0xffff, 0xffff, 0xffff, 0xffff, 0xffff, 0xffff, 
	0xffff, 0xffff, 0xffff, 0xffff, 0xffff, 0xffff, 0xffff, 0xffff, 0xffff, 0xffff, 0xffff, 0xffff, 0xffff, 0xffff, 0xffff, 0xffff, 
	0xffff, 0xffff, 0xffff, 0xffff, 0xffff, 0xffff, 0xffff, 0xffff, 0xffff, 0xffff, 0xffff, 0xffff, 0xffff, 0xffff, 0xffff, 0xffff, 
	0xffff, 0xffff, 0xffff, 0xffff, 0xffff, 0xffff, 0xffff, 0xffff, 0xffff, 0xffff, 0xffff, 0xffff, 0xffff, 0xffff, 0xffff, 0xffff, 
	0xffff, 0xffff, 0xffff, 0xffff, 0xffff, 0xffff, 0xffff, 0xffff, 0xffff, 0xffff, 0xffff, 0xffff, 0xffff, 0xffff, 0xffff, 0xffff, 
	0xffff, 0xffff, 0xffff, 0xffff, 0xffff, 0xffff, 0xffff, 0xffff, 0xffff, 0xffff, 0xffff, 0xffff, 0xffff, 0xffff, 0xffff, 0xffff, 
	0xffff, 0xffff, 0xffff, 0xffff, 0xffff, 0xffff, 0xffff, 0xffff, 0xffff, 0xffff, 0xffff, 0xffff, 0xffff, 0xffff, 0xffff, 0xffff, 
	0xffff, 0xffff, 0xffff, 0xffff, 0xffff, 0xffff, 0xffff, 0xffff, 0xffff, 0xffff, 0xffff, 0xffff, 0xffff, 0xffff, 0xffff, 0xffff, 
	0xffff, 0xffff, 0xffff, 0xffff, 0xffff, 0xffff, 0xffff, 0xffff, 0xffff, 0xffff, 0xffff, 0xffff, 0xffff, 0xffff, 0xffff, 0xffff, 
	0xffff, 0xffff, 0xffff, 0xffff, 0xffff, 0xffff, 0xffff, 0xffff, 0xffff, 0xffff, 0xffff, 0xffff, 0xffff, 0xffff, 0xffff, 0xffff, 
	0xffff, 0xffff, 0xffff, 0xffff, 0xffff, 0xffff, 0xffff, 0xffff, 0xffff, 0xffff, 0xffff, 0xffff, 0xffff, 0xffff, 0xffff, 0xffff, 
	0xffff, 0xffff, 0xffff, 0xffff, 0xffff, 0xffff, 0xffff, 0xffff, 0xffff, 0xffff, 0xffff, 0xffff, 0xffff, 0xffff, 0xffff, 0xffff, 
	0xffff, 0xffff, 0xffff, 0xffff, 0xffff, 0xffff, 0xffff, 0xffff, 0xffff, 0xffff, 0xffff, 0xffff, 0xffff, 0xffff, 0xffff, 0xffff, 
	0xffff, 0xffff, 0xffff, 0xffff, 0xffff, 0xbdd7, 0x5289, 0x52aa, 0x5acb, 0x52aa, 0x5289, 0xbdd7, 0xffff, 0xffff, 0xffff, 0xffff, 
	0xffff, 0xffff, 0xffff, 0xffff, 0xffff, 0xffff, 0xffff, 0xffff, 0xffff, 0xffff, 0xffff, 0xffff, 0xffff, 0xffff, 0xffff, 0xffff, 
	0xffff, 0xffff, 0xffff, 0xffff, 0xffff, 0xffff, 0xffff, 0xffff, 0xffff, 0xffff, 0xffff, 0xffff, 0xffff, 0xffff, 0xffff, 0xffff, 
	0xffff, 0xffff, 0xffff, 0xffff, 0xffff, 0xffff, 0xffff, 0xffff, 0xffff, 0xffff, 0xffff, 0xffff, 0xffff, 0xffff, 0xffff, 0xffff, 
	0xffff, 0xffff, 0xffff, 0xffff, 0xffff, 0xffff, 0xffff, 0xffff, 0xffff, 0xffff, 0xffff, 0xffff, 0xffff, 0xffff, 0xffff, 0xffff, 
	0xffff, 0xffff, 0xffff, 0xffff, 0xffff, 0xffff, 0xffff, 0xffff, 0xffff, 0xffff, 0xffff, 0xffff, 0xffff, 0xffff, 0xffff, 0xffff, 
	0xffff, 0xffff, 0xffff, 0xffff, 0xffff, 0xffff, 0xffff, 0xffff, 0xffff, 0xffff, 0xffff, 0xffff, 0xffff, 0xffff, 0xffff, 0xffff, 
	0xffff, 0xffff, 0xffff, 0xffff, 0xffff, 0xffff, 0xffff, 0xffff, 0xffff, 0xffff, 0xffff, 0xffff, 0xffff, 0xffff, 0xffff, 0xffff, 
	0xffff, 0xffff, 0xffff, 0xffff, 0xffff, 0xffff, 0xffff, 0xffff, 0xffff, 0xffff, 0xffff, 0xffff, 0xffff, 0xffff, 0xffff, 0xffff, 
	0xffff, 0xffff, 0xffff, 0xffff, 0xffff, 0xffff, 0xffff, 0xffff, 0xffff, 0xffff, 0xffff, 0xffff, 0xffff, 0xffff, 0xffff, 0xffff, 
	0xffff, 0xffff, 0xffff, 0xffff, 0xffff, 0xffff, 0xffff, 0xffff, 0xffff, 0xffff, 0xffff, 0xffff, 0xffff, 0xffff, 0xffff, 0xffff, 
	0xffff, 0xffff, 0xffff, 0xffff, 0xffff, 0xffff, 0xffff, 0xffff, 0xffff, 0xffff, 0xffff, 0xffff, 0xffff, 0xffff, 0xffff, 0xffff, 
	0xffff, 0xffff, 0xffff, 0xffff, 0xffff, 0xffff, 0xffff, 0xffff, 0xffff, 0xffff, 0xffff, 0xffff, 0xffff, 0xffff, 0xffff, 0xffff, 
	0xffff, 0xffff, 0xffff, 0xffff, 0xffff, 0xffff, 0xffff, 0xffff, 0xffff, 0xffff, 0xffff, 0xffff, 0xffff, 0xffff, 0xffff, 0xffff, 
	0xffff, 0xffff, 0xffff, 0xffff, 0xffff, 0xffff, 0xffff, 0xffff, 0xffff, 0xffff, 0xffff, 0xffff, 0xffff, 0xffff, 0xffff, 0xffff, 
	0xffff, 0xffff, 0xffff, 0xffff, 0xffff, 0xffff, 0xc617, 0x52aa, 0x528a, 0x5aca, 0xce59, 0xffff, 0xffff, 0xffff, 0xffff, 0xffff, 
	0xffff, 0xffff, 0xffff, 0xffff, 0xffff, 0xffff, 0xffff, 0xffff, 0xffff, 0xffff, 0xffff, 0xffff, 0xffff, 0xffff, 0xffff, 0xffff, 
	0xffff, 0xffff, 0xffff, 0xffff, 0xffff, 0xffff, 0xffff, 0xffff, 0xffff, 0xffff, 0xffff, 0xffff, 0xffff, 0xffff, 0xffff, 0xffff, 
	0xffff, 0xffff, 0xffff, 0xffff, 0xffff, 0xffff, 0xffff, 0xffff, 0xffff, 0xffff, 0xffff, 0xffff, 0xffff, 0xffff, 0xffff, 0xffff, 
	0xffff, 0xffff, 0xffff, 0xffff, 0xffff, 0xffff, 0xffff, 0xffff, 0xffff, 0xffff, 0xffff, 0xffff, 0xffff, 0xffff, 0xffff, 0xffff, 
	0xffff, 0xffff, 0xffff, 0xffff, 0xffff, 0xffff, 0xffff, 0xffff, 0xffff, 0xffff, 0xffff, 0xffff, 0xffff, 0xffff, 0xffff, 0xffff, 
	0xffff, 0xffff, 0xffff, 0xffff, 0xffff, 0xffff, 0xffff, 0xffff, 0xffff, 0xffff, 0xffff, 0xffff, 0xffff, 0xffff, 0xffff, 0xffff, 
	0xffff, 0xffff, 0xffff, 0xffff, 0xffff, 0xffff, 0xffff, 0xffff, 0xffff, 0xffff, 0xffff, 0xffff, 0xffff, 0xffff, 0xffff, 0xffff, 
	0xffff, 0xffff, 0xffff, 0xffff, 0xffff, 0xffff, 0xffff, 0xffff, 0xffff, 0xffff, 0xffff, 0xffff, 0xffff, 0xffff, 0xffff, 0xffff, 
	0xffff, 0xffff, 0xffff, 0xffff, 0xffff, 0xffff, 0xffff, 0xffff, 0xffff, 0xffff, 0xffff, 0xffff, 0xffff, 0xffff, 0xffff, 0xffff, 
	0xffff, 0xffff, 0xffff, 0xffff, 0xffff, 0xffff, 0xffff, 0xffff, 0xffff, 0xffff, 0xffff, 0xffff, 0xffff, 0xffff, 0xffff, 0xffff, 
	0xffff, 0xffff, 0xffff, 0xffff, 0xffff, 0xffff, 0xffff, 0xffff, 0xffff, 0xffff, 0xffff, 0xffff, 0xffff, 0xffff, 0xffff, 0xffff, 
	0xffff, 0xffff, 0xffff, 0xffff, 0xffff, 0xffff, 0xffff, 0xffff, 0xffff, 0xffff, 0xffff, 0xffff, 0xffff, 0xffff, 0xffff, 0xffff, 
	0xffff, 0xffff, 0xffff, 0xffff, 0xffff, 0xffff, 0xffff, 0xffff, 0xffff, 0xffff, 0xffff, 0xffff, 0xffff, 0xffff, 0xffff, 0xffff, 
	0xffff, 0xffff, 0xffff, 0xffff, 0xffff, 0xffff, 0xffff, 0xffff, 0xffff, 0xffff, 0xffff, 0xffff, 0xffff, 0xffdf, 0xffff, 0xffff, 
	0xf7be, 0xf79e, 0xef5c, 0xe71b, 0xdefb, 0xd6ba, 0xdeda, 0x9cb2, 0x4a49, 0x9cf3, 0xdedb, 0xd6ba, 0xdefb, 0xe71b, 0xe73c, 0xef7d, 
	0xf79e, 0xffdf, 0xffff, 0xc638, 0x94b2, 0xffff, 0xffff, 0xffff, 0xffff, 0xffff, 0xffff, 0xffff, 0xffff, 0xffff, 0xffff, 0xffff, 
	0xffff, 0xffff, 0xffff, 0xffff, 0xffff, 0xffff, 0xffff, 0xffff, 0xffff, 0xffff, 0xffff, 0xffff, 0xffff, 0xffff, 0xffff, 0xffff, 
	0xffff, 0xffff, 0xffff, 0xffff, 0xffff, 0xffff, 0xffff, 0xffff, 0xffff, 0xffff, 0xffff, 0xffff, 0xffff, 0xffff, 0xffff, 0xffff, 
	0xffff, 0xffff, 0xffff, 0xffff, 0xffff, 0xffff, 0xffff, 0xffff, 0xffff, 0xffff, 0xffff, 0xffff, 0xffff, 0xffff, 0xffff, 0xffff, 
	0xffff, 0xffff, 0xffff, 0xffff, 0xffff, 0xffff, 0xffff, 0xffff, 0xffff, 0xffff, 0xffff, 0xffff, 0xffff, 0xffff, 0xffff, 0xffff, 
	0xffff, 0xffff, 0xffff, 0xffff, 0xffff, 0xffff, 0xffff, 0xffff, 0xffff, 0xffff, 0xffff, 0xffff, 0xffff, 0xffff, 0xffff, 0xffff, 
	0xffff, 0xffff, 0xffff, 0xffff, 0xffff, 0xffff, 0xffff, 0xffff, 0xffff, 0xffff, 0xffff, 0xffff, 0xffff, 0xffff, 0xffff, 0xffff, 
	0xffff, 0xffff, 0xffff, 0xffff, 0xffff, 0xffff, 0xffff, 0xffff, 0xffff, 0xffff, 0xffff, 0xffff, 0xffff, 0xffff, 0xffff, 0xffff, 
	0xffff, 0xffff, 0xffff, 0xffff, 0xffff, 0xffff, 0xffff, 0xffff, 0xffff, 0xffff, 0xffff, 0xffff, 0xffff, 0xffff, 0xffff, 0xffff, 
	0xffff, 0xffff, 0xffff, 0xffff, 0xffff, 0xffff, 0xffff, 0xffff, 0xffff, 0xffff, 0xffff, 0xffff, 0xffff, 0xffff, 0xffff, 0xffff, 
	0xffff, 0xffff, 0xffff, 0xffff, 0xffff, 0xffff, 0xffff, 0xffff, 0xffff, 0xffff, 0xffff, 0xffff, 0xffff, 0xffff, 0xffff, 0xffff, 
	0xffff, 0xffff, 0xffff, 0xffff, 0xffff, 0xffff, 0xffff, 0xffff, 0xffff, 0xffff, 0xffff, 0xffff, 0xffff, 0xffff, 0xffff, 0xffff, 
	0xffff, 0xffff, 0xffff, 0xffff, 0xffff, 0xffff, 0xffff, 0xffff, 0xffff, 0xffff, 0xffff, 0xffff, 0xffff, 0xffff, 0xffff, 0xffff, 
	0xffff, 0xffff, 0xffff, 0xffff, 0xffff, 0xffff, 0xffff, 0xffff, 0xffff, 0xffdf, 0xf7be, 0xef5d, 0xc638, 0xa534, 0x8c51, 0x6b6d, 
	0x5aeb, 0x52aa, 0x4a69, 0x4a69, 0x4a69, 0x4a69, 0x4a69, 0x5aca, 0x5aca, 0x5aca, 0x4a69, 0x4a69, 0x4a49, 0x4a69, 0x4a69, 0x528a, 
	0x52aa, 0x5aeb, 0x6b6d, 0x630c, 0x52aa, 0x9cf3, 0xb596, 0xce79, 0xe73c, 0xf79e, 0xffff, 0xffff, 0xffff, 0xffff, 0xffff, 0xf7be, 
	0xffdf, 0xffff, 0xffff, 0xffff, 0xffff, 0xffff, 0xffff, 0xffff, 0xffff, 0xffff, 0xffff, 0xffff, 0xffff, 0xffff, 0xffff, 0xffff, 
	0xffff, 0xffff, 0xffff, 0xffff, 0xffff, 0xffff, 0xffff, 0xffff, 0xffff, 0xffff, 0xffff, 0xffff, 0xffff, 0xffff, 0xffff, 0xffff, 
	0xffff, 0xffff, 0xffff, 0xffff, 0xffff, 0xffff, 0xffff, 0xffff, 0xffff, 0xffff, 0xffff, 0xffff, 0xffff, 0xffff, 0xffff, 0xffff, 
	0xffff, 0xffff, 0xffff, 0xffff, 0xffff, 0xffff, 0xffff, 0xffff, 0xffff, 0xffff, 0xffff, 0xffff, 0xffff, 0xffff, 0xffff, 0xffff, 
	0xffff, 0xffff, 0xffff, 0xffff, 0xffff, 0xffff, 0xffff, 0xffff, 0xffff, 0xffff, 0xffff, 0xffff, 0xffff, 0xffff, 0xffff, 0xffff, 
	0xffff, 0xffff, 0xffff, 0xffff, 0xffff, 0xffff, 0xffff, 0xffff, 0xffff, 0xffff, 0xffff, 0xffff, 0xffff, 0xffff, 0xffff, 0xffff, 
	0xffff, 0xffff, 0xffff, 0xffff, 0xffff, 0xffff, 0xffff, 0xffff, 0xffff, 0xffff, 0xffff, 0xffff, 0xffff, 0xffff, 0xffff, 0xffff, 
	0xffff, 0xffff, 0xffff, 0xffff, 0xffff, 0xffff, 0xffff, 0xffff, 0xffff, 0xffff, 0xffff, 0xffff, 0xffff, 0xffff, 0xffff, 0xffff, 
	0xffff, 0xffff, 0xffff, 0xffff, 0xffff, 0xffff, 0xffff, 0xffff, 0xffff, 0xffff, 0xffff, 0xffff, 0xffff, 0xffff, 0xffff, 0xffff, 
	0xffff, 0xffff, 0xffff, 0xffff, 0xffff, 0xffff, 0xffff, 0xffff, 0xffff, 0xffff, 0xffff, 0xffff, 0xffff, 0xffff, 0xffff, 0xffff, 
	0xffff, 0xffff, 0xffff, 0xffff, 0xffff, 0xffff, 0xffff, 0xffff, 0xffff, 0xffff, 0xffff, 0xffff, 0xffff, 0xffff, 0xffff, 0xffff, 
	0xffff, 0xffff, 0xffff, 0xffff, 0xffff, 0xffff, 0xffff, 0xffff, 0xffff, 0xffff, 0xffff, 0xffff, 0xffff, 0xffff, 0xffff, 0xffff, 
	0xffff, 0xffff, 0xffff, 0xf7be, 0xef5d, 0xdedb, 0xce59, 0xb5b6, 0x9cf3, 0x8c51, 0x7bef, 0x7bef, 0x6b4d, 0x632c, 0x94b2, 0x9cf3, 
	0xad75, 0xbdd7, 0xc638, 0xce79, 0xd6ba, 0xdefb, 0xe71c, 0x7bce, 0x4a49, 0x8410, 0xe71c, 0xdefb, 0xd6ba, 0xce79, 0xc638, 0xbdd7, 
	0xad55, 0x9cd3, 0x9492, 0x5aeb, 0x5aeb, 0x630c, 0x528a, 0x4a49, 0x4a69, 0x52aa, 0x6b6d, 0x8c51, 0xa534, 0xce59, 0xe73c, 0x7bae, 
	0xbdd7, 0xffff, 0xffff, 0xffff, 0xffff, 0xffff, 0xffff, 0xffff, 0xffff, 0xffff, 0xffff, 0xffff, 0xffff, 0xffff, 0xffff, 0xffff, 
	0xffff, 0xffff, 0xffff, 0xffff, 0xffff, 0xffff, 0xffff, 0xffff, 0xffff, 0xffff, 0xffff, 0xffff, 0xffff, 0xffff, 0xffff, 0xffff, 
	0xffff, 0xffff, 0xffff, 0xffff, 0xffff, 0xffff, 0xffff, 0xffff, 0xffff, 0xffff, 0xffff, 0xffff, 0xffff, 0xffff, 0xffff, 0xffff, 
	0xffff, 0xffff, 0xffff, 0xffff, 0xffff, 0xffff, 0xffff, 0xffff, 0xffff, 0xffff, 0xffff, 0xffff, 0xffff, 0xffff, 0xffff, 0xffff, 
	0xffff, 0xffff, 0xffff, 0xffff, 0xffff, 0xffff, 0xffff, 0xffff, 0xffff, 0xffff, 0xffff, 0xffff, 0xffff, 0xffff, 0xffff, 0xffff, 
	0xffff, 0xffff, 0xffff, 0xffff, 0xffff, 0xffff, 0xffff, 0xffff, 0xffff, 0xffff, 0xffff, 0xffff, 0xffff, 0xffff, 0xffff, 0xffff, 
	0xffff, 0xffff, 0xffff, 0xffff, 0xffff, 0xffff, 0xffff, 0xffff, 0xffff, 0xffff, 0xffff, 0xffff, 0xffff, 0xffff, 0xffff, 0xffff, 
	0xffff, 0xffff, 0xffff, 0xffff, 0xffff, 0xffff, 0xffff, 0xffff, 0xffff, 0xffff, 0xffff, 0xffff, 0xffff, 0xffff, 0xffff, 0xffff, 
	0xffff, 0xffff, 0xffff, 0xffff, 0xffff, 0xffff, 0xffff, 0xffff, 0xffff, 0xffff, 0xffff, 0xffff, 0xffff, 0xffff, 0xffff, 0xffff, 
	0xffff, 0xffff, 0xffff, 0xffff, 0xffff, 0xffff, 0xffff, 0xffff, 0xffff, 0xffff, 0xffff, 0xffff, 0xffff, 0xffff, 0xffff, 0xffff, 
	0xffff, 0xffff, 0xffff, 0xffff, 0xffff, 0xffff, 0xffff, 0xffff, 0xffff, 0xffff, 0xffff, 0xffff, 0xffff, 0xffff, 0xffff, 0xffff, 
	0xffff, 0xffff, 0xffff, 0xffff, 0xffff, 0xffff, 0xffff, 0xffff, 0xffff, 0xffff, 0xffff, 0xffff, 0xffff, 0xffdf, 0xef7d, 0xd69a, 
	0x9cf3, 0x8410, 0x7bcf, 0x738e, 0x7bcf, 0x8c51, 0x9cf3, 0xad75, 0xce59, 0xdefb, 0xef7d, 0xffff, 0x8c71, 0x6b6d, 0xffff, 0xffff, 
	0xffff, 0xffff, 0xffff, 0xffff, 0xffff, 0xffff, 0xffbe, 0x630c, 0x5269, 0x6b6d, 0xffff, 0xffff, 0xffff, 0xffff, 0xffff, 0xffff, 
	0xffff, 0xffff, 0xffff, 0x6b6d, 0x8c71, 0xffff, 0xef5d, 0xdefb, 0xc638, 0xa534, 0x8c51, 0x6b6d, 0x52aa, 0x4a49, 0x528a, 0x4a69, 
	0x6b6d, 0xad75, 0xd6ba, 0xf79e, 0xffff, 0xffff, 0xffff, 0xffff, 0xffff, 0xffff, 0xffff, 0xffff, 0xffff, 0xffff, 0xffff, 0xffff, 
	0xffff, 0xffff, 0xffff, 0xffff, 0xffff, 0xffff, 0xffff, 0xffff, 0xffff, 0xffff, 0xffff, 0xffff, 0xffff, 0xffff, 0xffff, 0xffff, 
	0xffff, 0xffff, 0xffff, 0xffff, 0xffff, 0xffff, 0xffff, 0xffff, 0xffff, 0xffff, 0xffff, 0xffff, 0xffff, 0xffff, 0xffff, 0xffff, 
	0xffff, 0xffff, 0xffff, 0xffff, 0xffff, 0xffff, 0xffff, 0xffff, 0xffff, 0xffff, 0xffff, 0xffff, 0xffff, 0xffff, 0xffff, 0xffff, 
	0xffff, 0xffff, 0xffff, 0xffff, 0xffff, 0xffff, 0xffff, 0xffff, 0xffff, 0xffff, 0xffff, 0xffff, 0xffff, 0xffff, 0xffff, 0xffff, 
	0xffff, 0xffff, 0xffff, 0xffff, 0xffff, 0xffff, 0xffff, 0xffff, 0xffff, 0xffff, 0xffff, 0xffff, 0xffff, 0xffff, 0xffff, 0xffff, 
	0xffff, 0xffff, 0xffff, 0xffff, 0xffff, 0xffff, 0xffff, 0xffff, 0xffff, 0xffff, 0xffff, 0xffff, 0xffff, 0xffff, 0xffff, 0xffff, 
	0xffff, 0xffff, 0xffff, 0xffff, 0xffff, 0xffff, 0xffff, 0xffff, 0xffff, 0xffff, 0xffff, 0xffff, 0xffff, 0xffff, 0xffff, 0xffff, 
	0xffff, 0xffff, 0xffff, 0xffff, 0xffff, 0xffff, 0xffff, 0xffff, 0xffff, 0xffff, 0xffff, 0xffff, 0xffff, 0xffff, 0xffff, 0xffff, 
	0xffff, 0xffff, 0xffff, 0xffff, 0xffff, 0xffff, 0xffff, 0xffff, 0xffff, 0xffff, 0xffff, 0xffff, 0xffff, 0xffff, 0xffff, 0xffff, 
	0xffff, 0xffff, 0xffff, 0xffff, 0xffff, 0xffff, 0xffff, 0xffff, 0xffff, 0xffff, 0xffff, 0xffff, 0xffff, 0xffff, 0xffff, 0xffff, 
	0xffff, 0xffff, 0xffff, 0xffff, 0xffff, 0xffff, 0xffff, 0xffff, 0xffff, 0xffdf, 0xe73c, 0xbdf7, 0x8c71, 0x632c, 0x5269, 0x5acb, 
	0x738e, 0x528a, 0xad75, 0xe71c, 0xf7be, 0xffff, 0xffff, 0xffff, 0xffff, 0xffff, 0xffff, 0xffff, 0xa514, 0x5aeb, 0xffff, 0xffff, 
	0xffff, 0xffff, 0xffff, 0xffff, 0xffff, 0xffff, 0xbdf7, 0x4a49, 0x5acb, 0x4a69, 0xce59, 0xffff, 0xffff, 0xffff, 0xffff, 0xffff, 
	0xffff, 0xffff, 0xffff, 0x5aeb, 0xa514, 0xffff, 0xffff, 0xffff, 0xffff, 0xffff, 0xffff, 0xffff, 0xf7be, 0xdefb, 0x9cf3, 0x528a, 
	0x736e, 0x528a, 0x4a28, 0x5aaa, 0x7bef, 0xad75, 0xdedb, 0xffdf, 0xffff, 0xffff, 0xffff, 0xffff, 0xffff, 0xffff, 0xffff, 0xffff, 
	0xffff, 0xffff, 0xffff, 0xffff, 0xffff, 0xffff, 0xffff, 0xffff, 0xffff, 0xffff, 0xffff, 0xffff, 0xffff, 0xffff, 0xffff, 0xffff, 
	0xffff, 0xffff, 0xffff, 0xffff, 0xffff, 0xffff, 0xffff, 0xffff, 0xffff, 0xffff, 0xffff, 0xffff, 0xffff, 0xffff, 0xffff, 0xffff, 
	0xffff, 0xffff, 0xffff, 0xffff, 0xffff, 0xffff, 0xffff, 0xffff, 0xffff, 0xffff, 0xffff, 0xffff, 0xffff, 0xffff, 0xffff, 0xffff, 
	0xffff, 0xffff, 0xffff, 0xffff, 0xffff, 0xffff, 0xffff, 0xffff, 0xffff, 0xffff, 0xffff, 0xffff, 0xffff, 0xffff, 0xffff, 0xffff, 
	0xffff, 0xffff, 0xffff, 0xffff, 0xffff, 0xffff, 0xffff, 0xffff, 0xffff, 0xffff, 0xffff, 0xffff, 0xffff, 0xffff, 0xffff, 0xffff, 
	0xffff, 0xffff, 0xffff, 0xffff, 0xffff, 0xffff, 0xffff, 0xffff, 0xffff, 0xffff, 0xffff, 0xffff, 0xffff, 0xffff, 0xffff, 0xffff, 
	0xffff, 0xffff, 0xffff, 0xffff, 0xffff, 0xffff, 0xffff, 0xffff, 0xffff, 0xffff, 0xffff, 0xffff, 0xffff, 0xffff, 0xffff, 0xffff, 
	0xffff, 0xffff, 0xffff, 0xffff, 0xffff, 0xffff, 0xffff, 0xffff, 0xffff, 0xffff, 0xffff, 0xffff, 0xffff, 0xffff, 0xffff, 0xffff, 
	0xffff, 0xffff, 0xffff, 0xffff, 0xffff, 0xffff, 0xffff, 0xffff, 0xffff, 0xffff, 0xffff, 0xffff, 0xffff, 0xffff, 0xffff, 0xffff, 
	0xffff, 0xffff, 0xffff, 0xffff, 0xffff, 0xffff, 0xffff, 0xffff, 0xffff, 0xffff, 0xffff, 0xffff, 0xffff, 0xffff, 0xffff, 0xffff, 
	0xffff, 0xffff, 0xffff, 0xffff, 0xffff, 0x9cd3, 0xbdf7, 0xce79, 0x94b2, 0x630c, 0x4a49, 0x528a, 0x7bcf, 0xad35, 0xd6ba, 0xf7be, 
	0xef7d, 0x526a, 0xbdd7, 0xffff, 0xffff, 0xffff, 0xffff, 0xffff, 0xffff, 0xffff, 0xffff, 0xffff, 0xb596, 0x52aa, 0xf79e, 0xffff, 
	0xffff, 0xffdf, 0xffff, 0xffff, 0xffff, 0xf79e, 0x6b4c, 0x528a, 0x52aa, 0x528a, 0x738e, 0xffbe, 0xffff, 0xffdf, 0xffff, 0xffdf, 
	0xffdf, 0xffff, 0xf79e, 0x52aa, 0xb596, 0xffff, 0xffff, 0xffff, 0xffff, 0xffff, 0xffff, 0xffff, 0xffff, 0xffff, 0xa534, 0x5acb, 
	0xffdf, 0xf7be, 0xd69a, 0xa514, 0x73ae, 0x4a69, 0x4228, 0x5aeb, 0x9492, 0xce79, 0xa514, 0x8c71, 0xffff, 0xffff, 0xffff, 0xffff, 
	0xffff, 0xffff, 0xffff, 0xffff, 0xffff, 0xffff, 0xffff, 0xffff, 0xffff, 0xffff, 0xffff, 0xffdf, 0xffdf, 0xffff, 0xffff, 0xffff, 
	0xffff, 0xffff, 0xffff, 0xffff, 0xffff, 0xffff, 0xffff, 0xffff, 0xffff, 0xffff, 0xffff, 0xffff, 0xffff, 0xffff, 0xffff, 0xffff, 
	0xffff, 0xffff, 0xffff, 0xffff, 0xffff, 0xffff, 0xffff, 0xffff, 0xffff, 0xffff, 0xffff, 0xffff, 0xffff, 0xffff, 0xffff, 0xffff, 
	0xffff, 0xffff, 0xffff, 0xffff, 0xffff, 0xffff, 0xffff, 0xffff, 0xffff, 0xffff, 0xffff, 0xffff, 0xffff, 0xffff, 0xffff, 0xffff, 
	0xffff, 0xffff, 0xffff, 0xffff, 0xffff, 0xffff, 0xffff, 0xffff, 0xffff, 0xffff, 0xffff, 0xffff, 0xffff, 0xffff, 0xffff, 0xffff, 
	0xffff, 0xffff, 0xffff, 0xffff, 0xffff, 0xffff, 0xffff, 0xffff, 0xffff, 0xffff, 0xffff, 0xffff, 0xffff, 0xffff, 0xffff, 0xffff, 
	0xffff, 0xffff, 0xffff, 0xffff, 0xffff, 0xffff, 0xffff, 0xffff, 0xffff, 0xffff, 0xffff, 0xffff, 0xffff, 0xffff, 0xffff, 0xffff, 
	0xffff, 0xffff, 0xffff, 0xffff, 0xffff, 0xffff, 0xffff, 0xffff, 0xffff, 0xffff, 0xffff, 0xffff, 0xffff, 0xffff, 0xffff, 0xffff, 
	0xffff, 0xffff, 0xffff, 0xffff, 0xffff, 0xffff, 0xffff, 0xffff, 0xffff, 0xffff, 0xffff, 0xffff, 0xffff, 0xffff, 0xffff, 0xffff, 
	0xffff, 0xffff, 0xffff, 0xffff, 0xffff, 0xffff, 0xffff, 0xffff, 0xffff, 0xffff, 0xffff, 0xffff, 0xffff, 0xffff, 0xffff, 0xffff, 
	0xffff, 0xffff, 0xffff, 0xf79e, 0xbdf7, 0x52aa, 0x528a, 0x4a49, 0x630c, 0x9cd3, 0xce79, 0xf79e, 0xffff, 0xffff, 0xffff, 0xffff, 
	0xffff, 0x632c, 0x8c71, 0xffff, 0xffff, 0xffff, 0xffff, 0xffff, 0xffff, 0xffff, 0xffff, 0xffff, 0xc638, 0x4a69, 0xe73c, 0xffff, 
	0xffff, 0xffff, 0xce59, 0xf79e, 0xf79e, 0x7bef, 0x4a69, 0x5aca, 0x5acb, 0x5acb, 0x4a49, 0x8c51, 0xf7be, 0xffbf, 0xce79, 0xffff, 
	0xffff, 0xffff, 0xe73c, 0x4a69, 0xc638, 0xffff, 0xffff, 0xffff, 0xffff, 0xffff, 0xffff, 0xffff, 0xffff, 0xffff, 0x7baf, 0x7bcf, 
	0xffff, 0xffff, 0xffff, 0xffff, 0xffff, 0xef7d, 0xce59, 0x94b2, 0x5aeb, 0x4a69, 0x4a69, 0x630c, 0xc638, 0xf79e, 0xffff, 0xffff, 
	0xffff, 0xffff, 0xffff, 0xffff, 0xffff, 0xffff, 0xffff, 0xffff, 0xffff, 0xffff, 0xffff, 0xffff, 0xffff, 0xffdf, 0xffdf, 0xffff, 
	0xffff, 0xffff, 0xffff, 0xffff, 0xffff, 0xffff, 0xffff, 0xffff, 0xffff, 0xffff, 0xffff, 0xffff, 0xffff, 0xffff, 0xffff, 0xffff, 
	0xffff, 0xffff, 0xffff, 0xffff, 0xffff, 0xffff, 0xffff, 0xffff, 0xffff, 0xffff, 0xffff, 0xffff, 0xffff, 0xffff, 0xffff, 0xffff, 
	0xffff, 0xffff, 0xffff, 0xffff, 0xffff, 0xffff, 0xffff, 0xffff, 0xffff, 0xffff, 0xffff, 0xffff, 0xffff, 0xffff, 0xffff, 0xffff, 
	0xffff, 0xffff, 0xffff, 0xffff, 0xffff, 0xffff, 0xffff, 0xffff, 0xffff, 0xffff, 0xffff, 0xffff, 0xffff, 0xffff, 0xffff, 0xffff, 
	0xffff, 0xffff, 0xffff, 0xffff, 0xffff, 0xffff, 0xffff, 0xffff, 0xffff, 0xffff, 0xffff, 0xffff, 0xffff, 0xffff, 0xffff, 0xffff, 
	0xffff, 0xffff, 0xffff, 0xffff, 0xffff, 0xffff, 0xffff, 0xffff, 0xffff, 0xffff, 0xffff, 0xffff, 0xffff, 0xffff, 0xffff, 0xffff, 
	0xffff, 0xffff, 0xffff, 0xffff, 0xffff, 0xffff, 0xffff, 0xffff, 0xffff, 0xffff, 0xffff, 0xffff, 0xffff, 0xffff, 0xffff, 0xffff, 
	0xffff, 0xffff, 0xffff, 0xffff, 0xffff, 0xffff, 0xffff, 0xffff, 0xffff, 0xffff, 0xffff, 0xffff, 0xffff, 0xffff, 0xffff, 0xffff, 
	0xffff, 0xffff, 0xffff, 0xffff, 0xffff, 0xffff, 0xffff, 0xffff, 0xffff, 0xffff, 0xffff, 0xffff, 0xffff, 0xffff, 0xffff, 0xffff, 
	0xffdf, 0xce59, 0x8430, 0x4a69, 0x4a49, 0x6b4d, 0x52aa, 0xce79, 0xffff, 0xffff, 0xffff, 0xffff, 0xffff, 0xffff, 0xffff, 0xffff, 
	0xffff, 0x8c51, 0x6b4d, 0xffff, 0xffff, 0xffff, 0xffff, 0xffff, 0xffff, 0xffff, 0xffff, 0xffff, 0xdedb, 0x4a49, 0xdedb, 0xffff, 
	0xffff, 0xb596, 0x4a49, 0x7bae, 0x6b6d, 0x5289, 0x5aca, 0x5aca, 0x5aaa, 0x5acb, 0x5aaa, 0x4a69, 0x738e, 0x8410, 0x4a49, 0xb596, 
	0xffff, 0xffff, 0xdedb, 0x4a49, 0xdedb, 0xffff, 0xffff, 0xffff, 0xffff, 0xffff, 0xffff, 0xffff, 0xffff, 0xf7be, 0x5acb, 0x9cf3, 
	0xffff, 0xffff, 0xffff, 0xffff, 0xffff, 0xffff, 0xffff, 0xffff, 0xffff, 0xbdf7, 0x4a69, 0x6b4d, 0x4a49, 0x528a, 0x8c71, 0xd69a, 
	0xffff, 0xffff, 0xffff, 0xffff, 0xffff, 0xffff, 0xffff, 0xffff, 0xffff, 0xffff, 0xffff, 0xffff, 0xffff, 0xffff, 0xffff, 0xffdf, 
	0xf7be, 0xffff, 0xffff, 0xffff, 0xffff, 0xffff, 0xffff, 0xffff, 0xffff, 0xffff, 0xffff, 0xffff, 0xffff, 0xffff, 0xffff, 0xffff, 
	0xffff, 0xffff, 0xffff, 0xffff, 0xffff, 0xffff, 0xffff, 0xffff, 0xffff, 0xffff, 0xffff, 0xffff, 0xffff, 0xffff, 0xffff, 0xffff, 
	0xffff, 0xffff, 0xffff, 0xffff, 0xffff, 0xffff, 0xffff, 0xffff, 0xffff, 0xffff, 0xffff, 0xffff, 0xffff, 0xffff, 0xffff, 0xffff, 
	0xffff, 0xffff, 0xffff, 0xffff, 0xffff, 0xffff, 0xffff, 0xffff, 0xffff, 0xffff, 0xffff, 0xffff, 0xffff, 0xffff, 0xffff, 0xffff, 
	0xffff, 0xffff, 0xffff, 0xffff, 0xffff, 0xffff, 0xffff, 0xffff, 0xffff, 0xffff, 0xffff, 0xffff, 0xffff, 0xffff, 0xffff, 0xffff, 
	0xffff, 0xffff, 0xffff, 0xffff, 0xffff, 0xffff, 0xffff, 0xffff, 0xffff, 0xffff, 0xffff, 0xffff, 0xffff, 0xffff, 0xffff, 0xffff, 
	0xffff, 0xffff, 0xffff, 0xffff, 0xffff, 0xffff, 0xffff, 0xffff, 0xffff, 0xffff, 0xffff, 0xffff, 0xffff, 0xffff, 0xffff, 0xffff, 
	0xffff, 0xffff, 0xffff, 0xffff, 0xffff, 0xffff, 0xffff, 0xffff, 0xffff, 0xffff, 0xffff, 0xffff, 0xffff, 0xffff, 0xffff, 0xffff, 
	0xffff, 0xffff, 0xffff, 0xffff, 0xffff, 0xffff, 0xffff, 0xffff, 0xffff, 0xffff, 0xffff, 0xffff, 0xffff, 0xffff, 0xe71c, 0x9cf3, 
	0x5aeb, 0x4228, 0x632c, 0xa534, 0xe71c, 0xe73c, 0x4a49, 0xbdf7, 0xffff, 0xffff, 0xffff, 0xffff, 0xffff, 0xffff, 0xffff, 0xffff, 
	0xffff, 0xb596, 0x528a, 0xef7d, 0xffff, 0xffff, 0xffff, 0xffff, 0xffff, 0xffff, 0xffff, 0xffff, 0xe71c, 0x4a69, 0xc638, 0xffff, 
	0xffff, 0x8c71, 0x4208, 0x5aaa, 0x5269, 0x52aa, 0x5acb, 0x5aca, 0x5aca, 0x5aca, 0x5aca, 0x528a, 0x528a, 0x5aca, 0x4208, 0x8410, 
	0xffdf, 0xffff, 0xc638, 0x4a69, 0xe71c, 0xffff, 0xffff, 0xffff, 0xffff, 0xffff, 0xffff, 0xffff, 0xffff, 0xe71c, 0x4a49, 0xce59, 
	0xffff, 0xffff, 0xffff, 0xffff, 0xffff, 0xffff, 0xffff, 0xffff, 0xffff, 0xa534, 0x52aa, 0xf79e, 0xdedb, 0x9cf3, 0x5aeb, 0x4228, 
	0x630c, 0xa534, 0xe73c, 0xffff, 0xffff, 0xffff, 0xffff, 0xffff, 0xffff, 0xffff, 0xffff, 0xffff, 0xffff, 0xffff, 0xffff, 0xffff, 
	0xffff, 0xf7be, 0xf79e, 0xffff, 0xffff, 0xffff, 0xffff, 0xffff, 0xffff, 0xffff, 0xffff, 0xffff, 0xffff, 0xffff, 0xffff, 0xffff, 
	0xffff, 0xffff, 0xffff, 0xffff, 0xffff, 0xffff, 0xffff, 0xffff, 0xffff, 0xffff, 0xffff, 0xffff, 0xffff, 0xffff, 0xffff, 0xffff, 
	0xffff, 0xffff, 0xffff, 0xffff, 0xffff, 0xffff, 0xffff, 0xffff, 0xffff, 0xffff, 0xffff, 0xffff, 0xffff, 0xffff, 0xffff, 0xffff, 
	0xffff, 0xffff, 0xffff, 0xffff, 0xffff, 0xffff, 0xffff, 0xffff, 0xffff, 0xffff, 0xffff, 0xffff, 0xffff, 0xffff, 0xffff, 0xffff, 
	0xffff, 0xffff, 0xffff, 0xffff, 0xffff, 0xffff, 0xffff, 0xffff, 0xffff, 0xffff, 0xffff, 0xffff, 0xffff, 0xffff, 0xffff, 0xffff, 
	0xffff, 0xffff, 0xffff, 0xffff, 0xffff, 0xffff, 0xffff, 0xffff, 0xffff, 0xffff, 0xffff, 0xffff, 0xffff, 0xffff, 0xffff, 0xffff, 
	0xffff, 0xffff, 0xffff, 0xffff, 0xffff, 0xffff, 0xffff, 0xffff, 0xffff, 0xffff, 0xffff, 0xffff, 0xffff, 0xffff, 0xffff, 0xffff, 
	0xffff, 0xffff, 0xffff, 0xffff, 0xffff, 0xffff, 0xffff, 0xffff, 0xffff, 0xffff, 0xffff, 0xffff, 0xffff, 0xffff, 0xffff, 0xffff, 
	0xffff, 0xffff, 0xffff, 0xffff, 0xffff, 0xffff, 0xffff, 0xffff, 0xffff, 0xffff, 0xad35, 0xce39, 0xce79, 0x7bcf, 0x4a49, 0x528a, 
	0x8c71, 0xd69a, 0xffdf, 0xffff, 0xffff, 0xffff, 0x738e, 0x7bef, 0xffff, 0xffff, 0xffff, 0xffff, 0xffff, 0xffff, 0xffff, 0xffff, 
	0xffff, 0xdedb, 0x4a49, 0xce79, 0xffff, 0xffff, 0xffff, 0xffff, 0xffff, 0xffff, 0xffff, 0xffff, 0xef7d, 0x52aa, 0xb5b6, 0xffff, 
	0xffff, 0xffdf, 0x9cd3, 0xdedb, 0xce79, 0x630c, 0x5289, 0x5aca, 0x5aca, 0x5aca, 0x5289, 0x6b4d, 0xdeda, 0xdefb, 0x94b2, 0xf7be, 
	0xffff, 0xffff, 0xb5b6, 0x52aa, 0xef7d, 0xffff, 0xffff, 0xffff, 0xffff, 0xffff, 0xffff, 0xffff, 0xffff, 0xbdf7, 0x4a69, 0xe73c, 
	0xffff, 0xffff, 0xffff, 0xffff, 0xffff, 0xffff, 0xffff, 0xffff, 0xffdf, 0x6b4d, 0x8430, 0xffff, 0xffff, 0xffff, 0xffdf, 0xce59, 
	0x8c51, 0x4a69, 0x4a49, 0x8410, 0xd6ba, 0xc618, 0x9cd3, 0xffff, 0xffff, 0xffff, 0xffff, 0xffff, 0xffff, 0xffff, 0xffff, 0xffff, 
	0xffff, 0xffff, 0xffff, 0xf79e, 0xf7be, 0xffff, 0xffff, 0xffff, 0xffff, 0xffff, 0xffff, 0xffff, 0xffff, 0xffff, 0xffff, 0xffff, 
	0xffff, 0xffff, 0xffff, 0xffff, 0xffff, 0xffff, 0xffff, 0xffff, 0xffff, 0xffff, 0xffff, 0xffff, 0xffff, 0xffff, 0xffff, 0xffff, 
	0xffff, 0xffff, 0xffff, 0xffff, 0xffff, 0xffff, 0xffff, 0xffff, 0xffff, 0xffff, 0xffff, 0xffff, 0xffff, 0xffff, 0xffff, 0xffff, 
	0xffff, 0xffff, 0xffff, 0xffff, 0xffff, 0xffff, 0xffff, 0xffff, 0xffff, 0xffff, 0xffff, 0xffff, 0xffff, 0xffff, 0xffff, 0xffff, 
	0xffff, 0xffff, 0xffff, 0xffff, 0xffff, 0xffff, 0xffff, 0xffff, 0xffff, 0xffff, 0xffff, 0xffff, 0xffff, 0xffff, 0xffff, 0xffff, 
	0xffff, 0xffff, 0xffff, 0xffff, 0xffff, 0xffff, 0xffff, 0xffff, 0xffff, 0xffff, 0xffff, 0xffff, 0xffff, 0xffff, 0xffff, 0xffff, 
	0xffff, 0xffff, 0xffff, 0xffff, 0xffff, 0xffff, 0xffff, 0xffff, 0xffff, 0xffff, 0xffff, 0xffff, 0xffff, 0xffff, 0xffff, 0xffff, 
	0xffff, 0xffff, 0xffff, 0xffff, 0xffff, 0xffff, 0xffff, 0xffff, 0xffff, 0xffff, 0xffff, 0xffff, 0xffff, 0xf7be, 0xd69a, 0xdefb, 
	0xf7be, 0xffff, 0xffff, 0xffff, 0xffff, 0xffff, 0xffff, 0xffff, 0xffff, 0xf79e, 0x632c, 0x528a, 0x5269, 0x6b6d, 0xb596, 0xf79e, 
	0xffff, 0xffff, 0xffff, 0xffff, 0xffff, 0xffff, 0xad75, 0x528a, 0xef7d, 0xffff, 0xffff, 0xffff, 0xffff, 0xffff, 0xffff, 0xffff, 
	0xffff, 0xf79e, 0x52aa, 0xad75, 0xffff, 0xffff, 0xffff, 0xffff, 0xffff, 0xffff, 0xffff, 0xffff, 0xffdf, 0x630c, 0xa514, 0xffff, 
	0xffff, 0xffff, 0xffff, 0xffff, 0xffff, 0xdefb, 0x5aca, 0x52aa, 0x5aca, 0x528a, 0x630c, 0xef5d, 0xffff, 0xffff, 0xffff, 0xffff, 
	0xffff, 0xffff, 0xa514, 0x630c, 0xffdf, 0xffff, 0xffff, 0xffff, 0xffff, 0xffff, 0xffff, 0xffff, 0xffff, 0x94b2, 0x630c, 0xffff, 
	0xffff, 0xffff, 0xffff, 0xffff, 0xffff, 0xffff, 0xffff, 0xffff, 0xdefb, 0x4a49, 0xc638, 0xffff, 0xffff, 0xffff, 0xffff, 0xffff, 
	0xffff, 0xef7d, 0xad75, 0x632c, 0x4a69, 0x528a, 0x6b2c, 0xf7be, 0xffff, 0xffff, 0xffff, 0xffff, 0xffff, 0xffff, 0xffff, 0xffff, 
	0xffff, 0xef5d, 0xbdf7, 0xd6ba, 0xffff, 0xffdf, 0xffff, 0xffff, 0xffff, 0xffff, 0xffff, 0xffff, 0xffff, 0xffff, 0xffff, 0xffff, 
	0xffff, 0xffff, 0xffff, 0xffff, 0xffff, 0xffff, 0xffff, 0xffff, 0xffff, 0xffff, 0xffff, 0xffff, 0xffff, 0xffff, 0xffff, 0xffff, 
	0xffff, 0xffff, 0xffff, 0xffff, 0xffff, 0xffff, 0xffff, 0xffff, 0xffff, 0xffff, 0xffff, 0xffff, 0xffff, 0xffff, 0xffff, 0xffff, 
	0xffff, 0xffff, 0xffff, 0xffff, 0xffff, 0xffff, 0xffff, 0xffff, 0xffff, 0xffff, 0xffff, 0xffff, 0xffff, 0xffff, 0xffff, 0xffff, 
	0xffff, 0xffff, 0xffff, 0xffff, 0xffff, 0xffff, 0xffff, 0xffff, 0xffff, 0xffff, 0xffff, 0xffff, 0xffff, 0xffff, 0xffff, 0xffff, 
	0xffff, 0xffff, 0xffff, 0xffff, 0xffff, 0xffff, 0xffff, 0xffff, 0xffff, 0xffff, 0xffff, 0xffff, 0xffff, 0xffff, 0xffff, 0xffff, 
	0xffff, 0xffff, 0xffff, 0xffff, 0xffff, 0xffff, 0xffff, 0xffff, 0xffff, 0xffff, 0xffff, 0xffff, 0xffff, 0xffff, 0xffff, 0xffff, 
	0xffff, 0xffff, 0xffff, 0xffff, 0xffff, 0xffff, 0xffff, 0xffff, 0xffff, 0xffff, 0xffff, 0xffff, 0xffff, 0xb596, 0x630c, 0x52aa, 
	0x632c, 0x8c51, 0xef7d, 0xffff, 0xffdf, 0xffff, 0xffff, 0xf77d, 0xa534, 0x5acb, 0x528a, 0x4a49, 0xb596, 0xffff, 0xffff, 0xffff, 
	0xffff, 0xffff, 0xffff, 0xffff, 0xffff, 0xffff, 0xe71c, 0x4a49, 0xbdd7, 0xffff, 0xffff, 0xffff, 0xffff, 0xffff, 0xffff, 0xffff, 
	0xffff, 0xffff, 0x738e, 0x8430, 0xffff, 0xffff, 0xffff, 0xffff, 0xffff, 0xffff, 0xffff, 0xffff, 0xffff, 0x738e, 0x8c71, 0xffff, 
	0xffff, 0xffff, 0xffff, 0xffff, 0xffff, 0xffff, 0xad75, 0x4a49, 0x5aca, 0x4a49, 0xbdd7, 0xffff, 0xffff, 0xffff, 0xffff, 0xffff, 
	0xffff, 0xffff, 0x8c71, 0x738e, 0xffff, 0xffff, 0xffff, 0xffff, 0xffff, 0xffff, 0xffff, 0xffff, 0xffff, 0x6b6d, 0x8430, 0xffff, 
	0xffff, 0xffff, 0xffff, 0xffff, 0xffff, 0xffff, 0xffff, 0xffff, 0xa534, 0x528a, 0xf79e, 0xffff, 0xffff, 0xffff, 0xffff, 0xffff, 
	0xffff, 0xffff, 0xffff, 0xffff, 0xad55, 0x4a49, 0x528a, 0x62eb, 0xad55, 0xf79e, 0xffff, 0xffff, 0xffdf, 0xffff, 0xef7d, 0xa514, 
	0x7bef, 0x5acb, 0x4228, 0x6b6d, 0xffff, 0xffff, 0xffff, 0xffff, 0xffff, 0xffff, 0xffff, 0xffff, 0xffff, 0xffff, 0xffff, 0xffff, 
	0xffff, 0xffff, 0xffff, 0xffff, 0xffff, 0xffff, 0xffff, 0xffff, 0xffff, 0xffff, 0xffff, 0xffff, 0xffff, 0xffff, 0xffff, 0xffff, 
	0xffff, 0xffff, 0xffff, 0xffff, 0xffff, 0xffff, 0xffff, 0xffff, 0xffff, 0xffff, 0xffff, 0xffff, 0xffff, 0xffff, 0xffff, 0xffff, 
	0xffff, 0xffff, 0xffff, 0xffff, 0xffff, 0xffff, 0xffff, 0xffff, 0xffff, 0xffff, 0xffff, 0xffff, 0xffff, 0xffff, 0xffff, 0xffff, 
	0xffff, 0xffff, 0xffff, 0xffff, 0xffff, 0xffff, 0xffff, 0xffff, 0xffff, 0xffff, 0xffff, 0xffff, 0xffff, 0xffff, 0xffff, 0xffff, 
	0xffff, 0xffff, 0xffff, 0xffff, 0xffff, 0xffff, 0xffff, 0xffff, 0xffff, 0xffff, 0xffff, 0xffff, 0xffff, 0xffff, 0xffff, 0xffff, 
	0xffff, 0xffff, 0xffff, 0xffff, 0xffff, 0xffff, 0xffff, 0xffff, 0xffff, 0xffff, 0xffff, 0xffff, 0xffff, 0xffff, 0xffff, 0xffff, 
	0xffff, 0xffff, 0xffff, 0xffff, 0xffff, 0xffff, 0xffff, 0xffff, 0xffff, 0xffff, 0xffff, 0xffff, 0xf79e, 0x738e, 0x5acb, 0x5aaa, 
	0x4a49, 0x630c, 0xf7be, 0xffff, 0xffff, 0xef7d, 0xa534, 0x52aa, 0x4a49, 0x9471, 0xdedb, 0x6b2d, 0x8c30, 0xffff, 0xffff, 0xffff, 
	0xffff, 0xffff, 0xffff, 0xffff, 0xffff, 0xffff, 0xffff, 0x6b6d, 0x8410, 0xffff, 0xffff, 0xffff, 0xffff, 0xffff, 0xffff, 0xffff, 
	0xffff, 0xffff, 0x94b2, 0x630c, 0xffdf, 0xffff, 0xffff, 0xffff, 0xffff, 0xffff, 0xffff, 0xffff, 0xffff, 0x8410, 0x73ae, 0xffff, 
	0xffff, 0xffff, 0xffff, 0xffff, 0xffff, 0xffff, 0xef7d, 0x5aeb, 0x5289, 0x632c, 0xf7be, 0xffff, 0xffff, 0xffff, 0xffff, 0xffff, 
	0xffff, 0xffff, 0x73ae, 0x8410, 0xffff, 0xffff, 0xffff, 0xffff, 0xffff, 0xffff, 0xffff, 0xffff, 0xf79e, 0x52aa, 0xad75, 0xffff, 
	0xffff, 0xffff, 0xffff, 0xffff, 0xffff, 0xffff, 0xffff, 0xffff, 0x6b4d, 0x8410, 0xffff, 0xffff, 0xffff, 0xffff, 0xffff, 0xffff, 
	0xffff, 0xffff, 0xffff, 0xffff, 0x8430, 0x6b4d, 0xd69a, 0x8c31, 0x4a28, 0x5acb, 0xad55, 0xf79e, 0xffff, 0xffff, 0xef5d, 0x5269, 
	0x4a69, 0x5aaa, 0x5aaa, 0x5acb, 0xe73c, 0xffff, 0xffff, 0xffff, 0xffff, 0xffff, 0xffff, 0xffff, 0xffff, 0xffff, 0xffff, 0xffff, 
	0xffff, 0xffff, 0xffff, 0xffff, 0xffff, 0xffff, 0xffff, 0xffff, 0xffff, 0xffff, 0xffff, 0xffff, 0xffff, 0xffff, 0xffff, 0xffff, 
	0xffff, 0xffff, 0xffff, 0xffff, 0xffff, 0xffff, 0xffff, 0xffff, 0xffff, 0xffff, 0xffff, 0xffff, 0xffff, 0xffff, 0xffff, 0xffff, 
	0xffff, 0xffff, 0xffff, 0xffff, 0xffff, 0xffff, 0xffff, 0xffff, 0xffff, 0xffff, 0xffff, 0xffff, 0xffff, 0xffff, 0xffff, 0xffff, 
	0xffff, 0xffff, 0xffff, 0xffff, 0xffff, 0xffff, 0xffff, 0xffff, 0xffff, 0xffff, 0xffff, 0xffff, 0xffff, 0xffff, 0xffff, 0xffff, 
	0xffff, 0xffff, 0xffff, 0xffff, 0xffff, 0xffff, 0xffff, 0xffff, 0xffff, 0xffff, 0xffff, 0xffff, 0xffff, 0xffff, 0xffff, 0xffff, 
	0xffff, 0xffff, 0xffff, 0xffff, 0xffff, 0xffff, 0xffff, 0xffff, 0xffff, 0xffff, 0xffff, 0xffff, 0xffff, 0xffff, 0xffff, 0xffff, 
	0xffff, 0xffff, 0xffff, 0xffff, 0xffff, 0xffff, 0xffff, 0xffff, 0xffff, 0xffff, 0xffff, 0xffff, 0xc618, 0x52aa, 0x5aaa, 0x5acb, 
	0x4a49, 0x9492, 0xffff, 0xf79e, 0xad55, 0x528a, 0x4a49, 0x9492, 0xe73c, 0xffff, 0xffff, 0xb5b6, 0x4228, 0xe71c, 0xffff, 0xffff, 
	0xffff, 0xffff, 0xffff, 0xffff, 0xffff, 0xffff, 0xffff, 0xad55, 0x528a, 0xef7d, 0xffff, 0xffff, 0xffff, 0xffff, 0xffff, 0xffff, 
	0xffff, 0xffff, 0xc618, 0x4a69, 0xe73c, 0xffff, 0xffff, 0xffff, 0xffff, 0xffff, 0xffff, 0xffff, 0xffff, 0x94b2, 0x630c, 0xffff, 
	0xffff, 0xffff, 0xffff, 0xffff, 0xffff, 0xffff, 0xffff, 0x8410, 0x4208, 0x9472, 0xffff, 0xffff, 0xffff, 0xffff, 0xffff, 0xffff, 
	0xffff, 0xffff, 0x630c, 0x94b2, 0xffff, 0xffff, 0xffff, 0xffff, 0xffff, 0xffff, 0xffff, 0xffff, 0xd6ba, 0x4a49, 0xd6ba, 0xffff, 
	0xffff, 0xffff, 0xffff, 0xffff, 0xffff, 0xffff, 0xffff, 0xdefb, 0x4a49, 0xc618, 0xffff, 0xffff, 0xffff, 0xffff, 0xffff, 0xffff, 
	0xffff, 0xffff, 0xffff, 0xe71c, 0x4228, 0xb5b6, 0xffff, 0xffff, 0xe71c, 0x8c51, 0x4a28, 0x5acb, 0xb596, 0xffbf, 0xffff, 0x7bef, 
	0x4a69, 0x5aca, 0x5aca, 0x4a69, 0xbdf7, 0xffff, 0xffff, 0xffff, 0xffff, 0xffff, 0xffff, 0xffff, 0xffff, 0xffff, 0xffff, 0xffff, 
	0xffff, 0xffff, 0xffff, 0xffff, 0xffff, 0xffff, 0xffff, 0xffff, 0xffff, 0xffff, 0xffff, 0xffff, 0xffff, 0xffff, 0xffff, 0xffff, 
	0xffff, 0xffff, 0xffff, 0xffff, 0xffff, 0xffff, 0xffff, 0xffff, 0xffff, 0xffff, 0xffff, 0xffff, 0xffff, 0xffff, 0xffff, 0xffff, 
	0xffff, 0xffff, 0xffff, 0xffff, 0xffff, 0xffff, 0xffff, 0xffff, 0xffff, 0xffff, 0xffff, 0xffff, 0xffff, 0xffff, 0xffff, 0xffff, 
	0xffff, 0xffff, 0xffff, 0xffff, 0xffff, 0xffff, 0xffff, 0xffff, 0xffff, 0xffff, 0xffff, 0xffff, 0xffff, 0xffff, 0xffff, 0xffff, 
	0xffff, 0xffff, 0xffff, 0xffff, 0xffff, 0xffff, 0xffff, 0xffff, 0xffff, 0xffff, 0xffff, 0xffff, 0xffff, 0xffff, 0xffff, 0xffff, 
	0xffff, 0xffff, 0xffff, 0xffff, 0xffff, 0xffff, 0xffff, 0xffff, 0xffff, 0xffff, 0xffff, 0xffff, 0xffff, 0xffff, 0xffff, 0xffff, 
	0xffff, 0xffff, 0xffff, 0xffff, 0xffff, 0xffff, 0xffff, 0xffff, 0xffff, 0xffff, 0xffff, 0xffff, 0x840f, 0x4228, 0x4a69, 0x528a, 
	0x5289, 0xc618, 0xbdf7, 0x5aab, 0x4a28, 0x9492, 0xef3c, 0xffff, 0xffff, 0xffff, 0xffff, 0xf79e, 0x52aa, 0x94b2, 0xffff, 0xffff, 
	0xffff, 0xffff, 0xffff, 0xffff, 0xffff, 0xffff, 0xffff, 0xe71c, 0x4a49, 0xbdf7, 0xffff, 0xffff, 0xffff, 0xffff, 0xffff, 0xffff, 
	0xffff, 0xffff, 0xe71c, 0x4a49, 0xc638, 0xffff, 0xffff, 0xffff, 0xffff, 0xffff, 0xffff, 0xffff, 0xffff, 0xad55, 0x5acb, 0xef3d, 
	0xe71c, 0xd69a, 0xce59, 0xc618, 0xbdd7, 0xb5b6, 0xb5b6, 0x7bae, 0x4a49, 0x83ef, 0xb5b6, 0xb5b6, 0xbdf7, 0xc618, 0xce59, 0xd6ba, 
	0xe73c, 0xe73c, 0x5acb, 0xad55, 0xffff, 0xffff, 0xffff, 0xffff, 0xffff, 0xffff, 0xffff, 0xffff, 0xb596, 0x528a, 0xf77d, 0xffff, 
	0xffff, 0xffff, 0xffff, 0xffff, 0xffff, 0xffff, 0xffff, 0xa534, 0x528a, 0xf79e, 0xffff, 0xffff, 0xffff, 0xffff, 0xffff, 0xffff, 
	0xffff, 0xffff, 0xffff, 0x94b2, 0x52aa, 0xf7be, 0xffff, 0xffff, 0xffff, 0xffff, 0xe71c, 0x8c51, 0x4208, 0x62ec, 0xc638, 0xad55, 
	0x4a69, 0x52aa, 0x5289, 0x41e7, 0x8c50, 0xffff, 0xffff, 0xffff, 0xffff, 0xffff, 0xffff, 0xffff, 0xffff, 0xffff, 0xffff, 0xffff, 
	0xffff, 0xffff, 0xffff, 0xffff, 0xffff, 0xffff, 0xffff, 0xffff, 0xffff, 0xffff, 0xffff, 0xffff, 0xffff, 0xffff, 0xffff, 0xffff, 
	0xffff, 0xffff, 0xffff, 0xffff, 0xffff, 0xffff, 0xffff, 0xffff, 0xffff, 0xffff, 0xffff, 0xffff, 0xffff, 0xffff, 0xffff, 0xffff, 
	0xffff, 0xffff, 0xffff, 0xffff, 0xffff, 0xffff, 0xffff, 0xffff, 0xffff, 0xffff, 0xffff, 0xffff, 0xffff, 0xffff, 0xffff, 0xffff, 
	0xffff, 0xffff, 0xffff, 0xffff, 0xffff, 0xffff, 0xffff, 0xffff, 0xffff, 0xffff, 0xffff, 0xffff, 0xffff, 0xffff, 0xffff, 0xffff, 
	0xffff, 0xffff, 0xffff, 0xffff, 0xffff, 0xffff, 0xffff, 0xffff, 0xffff, 0xffff, 0xffff, 0xffff, 0xffff, 0xffff, 0xffff, 0xffff, 
	0xffff, 0xffff, 0xffff, 0xffff, 0xffff, 0xffff, 0xffff, 0xffff, 0xffff, 0xffff, 0xffff, 0xffff, 0xffff, 0xffff, 0xffff, 0xffff, 
	0xffff, 0xffff, 0xffff, 0xffff, 0xffff, 0xffff, 0xffff, 0xffff, 0xffff, 0xffff, 0xffff, 0xffff, 0xe71c, 0xbdf7, 0x94b2, 0x736d, 
	0x5aca, 0x6b4d, 0x4a69, 0x8430, 0xe71c, 0xffff, 0xffff, 0xffdf, 0xffdf, 0xffff, 0xffff, 0xffff, 0xa514, 0x4a69, 0xef7d, 0xffff, 
	0xffff, 0xffff, 0xffff, 0xffff, 0xffff, 0xffff, 0xffff, 0xffff, 0x6b4d, 0x8410, 0xffff, 0xffff, 0xffff, 0xffff, 0xffff, 0xffff, 
	0xffff, 0xffff, 0xffff, 0x62eb, 0xa514, 0xffff, 0xffff, 0xf79e, 0xdefb, 0xc638, 0xad55, 0x8c71, 0x7bcf, 0x630c, 0x52aa, 0x4a69, 
	0x4a49, 0x4a49, 0x4a49, 0x4a69, 0x528a, 0x528a, 0x528a, 0x630c, 0x5acb, 0x630c, 0x528a, 0x528a, 0x528a, 0x4a69, 0x4a49, 0x4a49, 
	0x4a49, 0x4a69, 0x52aa, 0x630c, 0x7bcf, 0x8c71, 0xad55, 0xc638, 0xe71c, 0xf79e, 0xffff, 0xffff, 0x8c51, 0x736e, 0xffff, 0xffff, 
	0xffff, 0xffff, 0xffff, 0xffff, 0xffff, 0xffff, 0xffff, 0x6b6d, 0x7bef, 0xffff, 0xffff, 0xffff, 0xffff, 0xffff, 0xffff, 0xffff, 
	0xffff, 0xffff, 0xef7d, 0x4a69, 0xa514, 0xffff, 0xffff, 0xffff, 0xffff, 0xffdf, 0xffff, 0xffff, 0xdedb, 0x7bef, 0x4a49, 0x6b4d, 
	0x52aa, 0x630c, 0x7bcf, 0xa513, 0xd699, 0xffff, 0xffff, 0xffff, 0xffff, 0xffff, 0xffff, 0xffff, 0xffff, 0xffff, 0xffff, 0xffff, 
	0xffff, 0xffff, 0xffff, 0xffff, 0xffff, 0xffff, 0xffff, 0xffff, 0xffff, 0xffff, 0xffff, 0xffff, 0xffff, 0xffff, 0xffff, 0xffff, 
	0xffff, 0xffff, 0xffff, 0xffff, 0xffff, 0xffff, 0xffff, 0xffff, 0xffff, 0xffff, 0xffff, 0xffff, 0xffff, 0xffff, 0xffff, 0xffff, 
	0xffff, 0xffff, 0xffff, 0xffff, 0xffff, 0xffff, 0xffff, 0xffff, 0xffff, 0xffff, 0xffff, 0xffff, 0xffff, 0xffff, 0xffff, 0xffff, 
	0xffff, 0xffff, 0xffff, 0xffff, 0xffff, 0xffff, 0xffff, 0xffff, 0xffff, 0xffff, 0xffff, 0xffff, 0xffff, 0xffff, 0xffff, 0xffff, 
	0xffff, 0xffff, 0xffff, 0xffff, 0xffff, 0xffff, 0xffff, 0xffff, 0xffff, 0xffff, 0xffff, 0xffff, 0xffff, 0xffff, 0xffff, 0xffff, 
	0xffff, 0xffff, 0xffff, 0xffff, 0xffff, 0xffff, 0xffff, 0xffff, 0xffff, 0xffff, 0xffff, 0xffff, 0xffff, 0xffff, 0xffff, 0xffff, 
	0xffff, 0xffff, 0xffff, 0xffff, 0xffff, 0xffff, 0xffff, 0xffff, 0xffff, 0xffff, 0xffff, 0xffff, 0xffff, 0xffff, 0xf79d, 0x8410, 
	0x4a69, 0x4a49, 0xa514, 0xffff, 0xffff, 0xffff, 0xffff, 0xffff, 0xffff, 0xffff, 0xffff, 0xffff, 0xef5d, 0x4a49, 0xad75, 0xffff, 
	0xffff, 0xffff, 0xffff, 0xffff, 0xffff, 0xffff, 0xffff, 0xffff, 0xa534, 0x528a, 0xf79e, 0xffff, 0xffff, 0xffff, 0xffff, 0xffff, 
	0xffff, 0xffff, 0xf7be, 0x7baf, 0x6b4d, 0x9472, 0x6b4d, 0x526a, 0x4a49, 0x4a49, 0x52aa, 0x6b4d, 0x8430, 0x8430, 0x4a28, 0xad55, 
	0xce79, 0xd6ba, 0xe6fb, 0xef5d, 0xf79e, 0xf79e, 0xffdf, 0xa534, 0x4a69, 0xa514, 0xffdf, 0xf79e, 0xf77e, 0xef3c, 0xe6fb, 0xd6ba, 
	0xce59, 0xad35, 0x4a28, 0x8430, 0x8430, 0x6b4d, 0x52aa, 0x4a49, 0x4a49, 0x528a, 0x6b6d, 0x9492, 0x5aeb, 0x8c51, 0xf7be, 0xffff, 
	0xffff, 0xffff, 0xffff, 0xffff, 0xffff, 0xffff, 0xe73c, 0x4a49, 0xbdd7, 0xffff, 0xffff, 0xffff, 0xffff, 0xffff, 0xffff, 0xffff, 
	0xffff, 0xffff, 0xad55, 0x4a49, 0xef5d, 0xffff, 0xffff, 0xffff, 0xffdf, 0xffff, 0xffff, 0xffff, 0xffff, 0xffff, 0xa514, 0x4a49, 
	0x4a69, 0x83ef, 0xef7d, 0xffff, 0xffff, 0xffff, 0xffff, 0xffff, 0xffff, 0xffff, 0xffff, 0xffff, 0xffff, 0xffff, 0xffff, 0xffff, 
	0xffff, 0xffff, 0xffff, 0xffff, 0xffff, 0xffff, 0xffff, 0xffff, 0xffff, 0xffff, 0xffff, 0xffff, 0xffff, 0xffff, 0xffff, 0xffff, 
	0xffff, 0xffff, 0xffff, 0xffff, 0xffff, 0xffff, 0xffff, 0xffff, 0xffff, 0xffff, 0xffff, 0xffff, 0xffff, 0xffff, 0xffff, 0xffff, 
	0xffff, 0xffff, 0xffff, 0xffff, 0xffff, 0xffff, 0xffff, 0xffff, 0xffff, 0xffff, 0xffff, 0xffff, 0xffff, 0xffff, 0xffff, 0xffff, 
	0xffff, 0xffff, 0xffff, 0xffff, 0xffff, 0xffff, 0xffff, 0xffff, 0xffff, 0xffff, 0xffff, 0xffff, 0xffff, 0xffff, 0xffff, 0xffff, 
	0xffff, 0xffff, 0xffff, 0xffff, 0xffff, 0xffff, 0xffff, 0xffff, 0xffff, 0xffff, 0xffff, 0xffff, 0xffff, 0xffff, 0xffff, 0xffff, 
	0xffff, 0xffff, 0xffff, 0xffff, 0xffff, 0xffff, 0xffff, 0xffff, 0xffff, 0xffff, 0xffff, 0xffff, 0xffff, 0xffff, 0xffff, 0xffff, 
	0xffff, 0xffff, 0xffff, 0xffff, 0xffff, 0xffff, 0xffff, 0xffff, 0xffff, 0xffff, 0xffff, 0xffff, 0xffdf, 0xad55, 0x4a49, 0x632c, 
	0x738d, 0x528a, 0x5acb, 0xc5f7, 0xffff, 0xffff, 0xffff, 0xffff, 0xef7d, 0xef5d, 0xffff, 0xffff, 0xffff, 0x8c51, 0x5aeb, 0xf7be, 
	0xffff, 0xffff, 0xffff, 0xffff, 0xffff, 0xffff, 0xffff, 0xffff, 0xdefb, 0x4a49, 0xc618, 0xffff, 0xffff, 0xffff, 0xf79e, 0xd69a, 
	0x9cf3, 0x738e, 0x528a, 0x526a, 0x4a69, 0x6b4d, 0x8c71, 0xb596, 0xce59, 0xe73c, 0xf7be, 0xffff, 0xffff, 0xffbf, 0xbdd7, 0xffdf, 
	0xffff, 0xffff, 0xffff, 0xffff, 0xffff, 0xffff, 0xad55, 0x4a69, 0x52aa, 0x4a69, 0xa534, 0xffff, 0xffff, 0xffff, 0xffff, 0xffff, 
	0xffff, 0xffdf, 0xb596, 0xf7be, 0xffff, 0xffff, 0xf7be, 0xe73c, 0xc638, 0xad75, 0x8c51, 0x632c, 0x4a69, 0x4a69, 0x52aa, 0x73ae, 
	0xa514, 0xd6ba, 0xf7be, 0xffff, 0xffff, 0xffff, 0xad75, 0x528a, 0xef7d, 0xffff, 0xffff, 0xffff, 0xffff, 0xffff, 0xffff, 0xffff, 
	0xffff, 0xf7be, 0x5aeb, 0x8c71, 0xffff, 0xffdf, 0xffff, 0xffff, 0xf7be, 0xffff, 0xffff, 0xffff, 0xffff, 0xce79, 0x5aeb, 0x528a, 
	0x738d, 0x62eb, 0x5289, 0xb596, 0xffff, 0xffff, 0xffff, 0xffff, 0xffff, 0xffff, 0xffff, 0xffff, 0xffff, 0xffff, 0xffff, 0xffff, 
	0xffff, 0xffff, 0xffff, 0xffff, 0xffff, 0xffff, 0xffff, 0xffff, 0xffff, 0xffff, 0xffff, 0xffff, 0xffff, 0xffff, 0xffff, 0xffff, 
	0xffff, 0xffff, 0xffff, 0xffff, 0xffff, 0xffff, 0xffff, 0xffff, 0xffff, 0xffff, 0xffff, 0xffff, 0xffff, 0xffff, 0xffff, 0xffff, 
	0xffff, 0xffff, 0xffff, 0xffff, 0xffff, 0xffff, 0xffff, 0xffff, 0xffff, 0xffff, 0xffff, 0xffff, 0xffff, 0xffff, 0xffff, 0xffff, 
	0xffff, 0xffff, 0xffff, 0xffff, 0xffff, 0xffff, 0xffff, 0xffff, 0xffff, 0xffff, 0xffff, 0xffff, 0xffff, 0xffff, 0xffff, 0xffff, 
	0xffff, 0xffff, 0xffff, 0xffff, 0xffff, 0xffff, 0xffff, 0xffff, 0xffff, 0xffff, 0xffff, 0xffff, 0xffff, 0xffff, 0xffff, 0xffff, 
	0xffff, 0xffff, 0xffff, 0xffff, 0xffff, 0xffff, 0xffff, 0xffff, 0xffff, 0xffff, 0xffff, 0xffff, 0xffff, 0xffff, 0xffff, 0xffff, 
	0xffff, 0xffff, 0xffff, 0xffff, 0xffff, 0xffff, 0xffff, 0xffff, 0xffff, 0xffff, 0xffff, 0xd6ba, 0x6b2c, 0x4228, 0x9cd2, 0xf7be, 
	0xbdf7, 0x4a49, 0x52aa, 0x528a, 0x94b2, 0xe71c, 0xffff, 0xffff, 0x9492, 0x528a, 0x9cd3, 0xffff, 0xffff, 0xdedb, 0x4228, 0xbdd7, 
	0xffff, 0xffff, 0xffff, 0xffff, 0xffff, 0xffff, 0xffff, 0xffff, 0xffff, 0x6b6d, 0x8430, 0xe73c, 0xb596, 0x7bcf, 0x528a, 0x4a49, 
	0x5acb, 0x7bef, 0xb596, 0xad75, 0x630c, 0xef7d, 0xffff, 0xffff, 0xffff, 0xffff, 0xffff, 0xffff, 0xffff, 0xffff, 0xffff, 0xffff, 
	0xffdf, 0xffff, 0xffff, 0xffff, 0xffff, 0xffdf, 0x73ae, 0x4a49, 0x5acb, 0x4a49, 0x736e, 0xf7be, 0xffff, 0xffff, 0xffff, 0xffff, 
	0xffdf, 0xffff, 0xffff, 0xffff, 0xffff, 0xffff, 0xffff, 0xffff, 0xffff, 0xffff, 0xffff, 0xe73c, 0x632c, 0xbdd7, 0xad55, 0x7bcf, 
	0x52aa, 0x4228, 0x52aa, 0x8410, 0xbdd7, 0xef3d, 0x738e, 0x8410, 0xffff, 0xffff, 0xffff, 0xffff, 0xffff, 0xffff, 0xffff, 0xffff, 
	0xffff, 0xbdd7, 0x4228, 0xdefb, 0xffff, 0xffff, 0xb5b6, 0x738e, 0x9cf3, 0xffff, 0xffff, 0xf79e, 0xad55, 0x528a, 0x528a, 0x4a49, 
	0xc618, 0xf79d, 0x8c71, 0x4207, 0x738e, 0xe6fb, 0xffff, 0xffff, 0xffff, 0xffff, 0xffff, 0xffff, 0xffff, 0xffff, 0xffff, 0xffff, 
	0xffff, 0xffff, 0xffff, 0xffff, 0xffff, 0xffff, 0xffff, 0xffff, 0xffff, 0xffff, 0xffff, 0xffff, 0xffff, 0xffff, 0xffff, 0xffff, 
	0xffff, 0xffff, 0xffff, 0xffff, 0xffff, 0xffff, 0xffff, 0xffff, 0xffff, 0xffff, 0xffff, 0xffff, 0xffff, 0xffff, 0xffff, 0xffff, 
	0xffff, 0xffff, 0xffff, 0xffff, 0xffff, 0xffff, 0xffff, 0xffff, 0xffff, 0xffff, 0xffff, 0xffff, 0xffff, 0xffff, 0xffff, 0xffff, 
	0xffff, 0xffff, 0xffff, 0xffff, 0xffff, 0xffff, 0xffff, 0xffff, 0xffff, 0xffff, 0xffff, 0xffff, 0xffff, 0xffff, 0xffff, 0xffff, 
	0xffff, 0xffff, 0xffff, 0xffff, 0xffff, 0xffff, 0xffff, 0xffff, 0xffff, 0xffff, 0xffff, 0xffff, 0xffff, 0xffff, 0xffff, 0xffff, 
	0xffff, 0xffff, 0xffff, 0xffff, 0xffff, 0xffff, 0xffff, 0xffff, 0xffff, 0xffff, 0xffff, 0xffff, 0xffff, 0xffff, 0xffff, 0xffff, 
	0xffff, 0xffff, 0xffff, 0xffff, 0xffff, 0xffff, 0xffff, 0xffff, 0xffff, 0xffdf, 0x9cf3, 0x4228, 0x6b4d, 0xd69a, 0xffff, 0xffff, 
	0xdedb, 0x528a, 0x5aca, 0x52aa, 0x4a69, 0x5aca, 0x73ae, 0x8430, 0x5acb, 0x39c7, 0x8c71, 0xffff, 0xffff, 0xffff, 0x7bcf, 0x6b6d, 
	0xffff, 0xffff, 0xffff, 0xffff, 0xffff, 0xffff, 0xffff, 0xffff, 0xe73c, 0x7bef, 0x528a, 0x52aa, 0x4a69, 0x738e, 0xa534, 0xd69a, 
	0xf7be, 0xffff, 0xffff, 0xffff, 0xef7d, 0xffff, 0xffff, 0xffff, 0xffdf, 0xffff, 0xffff, 0xffff, 0xffff, 0xffff, 0xffff, 0xffff, 
	0xffff, 0xffff, 0xffff, 0xffff, 0xffff, 0xffff, 0xffbf, 0x8410, 0x4a69, 0x7bcf, 0xf7be, 0xffff, 0xffff, 0xffff, 0xffff, 0xffff, 
	0xffff, 0xffff, 0xffff, 0xffff, 0xffff, 0xffff, 0xffff, 0xffff, 0xffff, 0xffff, 0xffff, 0xffff, 0xf7be, 0xffff, 0xffff, 0xffff, 
	0xf7be, 0xd69a, 0xa514, 0x6b6d, 0x4a69, 0x52aa, 0x5269, 0x8c51, 0xe73c, 0xffff, 0xffff, 0xffff, 0xffff, 0xffff, 0xffff, 0xffff, 
	0xffff, 0x6b6d, 0x7bcf, 0xffff, 0xffff, 0xffff, 0x8430, 0x39a6, 0x62ec, 0x9cf3, 0x8c71, 0x632c, 0x4a49, 0x52aa, 0x5aaa, 0x5aca, 
	0xe73c, 0xffff, 0xffff, 0xce59, 0x630c, 0x4a29, 0xa534, 0xffdf, 0xffff, 0xffdf, 0xffff, 0xffff, 0xffff, 0xffff, 0xffff, 0xffff, 
	0xffff, 0xffff, 0xffff, 0xffff, 0xffff, 0xffff, 0xffff, 0xffff, 0xffff, 0xffff, 0xffff, 0xffff, 0xffff, 0xffff, 0xffff, 0xffff, 
	0xffff, 0xffff, 0xffff, 0xffff, 0xffff, 0xffff, 0xffff, 0xffff, 0xffff, 0xffff, 0xffff, 0xffff, 0xffff, 0xffff, 0xffff, 0xffff, 
	0xffff, 0xffff, 0xffff, 0xffff, 0xffff, 0xffff, 0xffff, 0xffff, 0xffff, 0xffff, 0xffff, 0xffff, 0xffff, 0xffff, 0xffff, 0xffff, 
	0xffff, 0xffff, 0xffff, 0xffff, 0xffff, 0xffff, 0xffff, 0xffff, 0xffff, 0xffff, 0xffff, 0xffff, 0xffff, 0xffff, 0xffff, 0xffff, 
	0xffff, 0xffff, 0xffff, 0xffff, 0xffff, 0xffff, 0xffff, 0xffff, 0xffff, 0xffff, 0xffff, 0xffff, 0xffff, 0xffff, 0xffff, 0xffff, 
	0xffff, 0xffff, 0xffff, 0xffff, 0xffff, 0xffff, 0xffff, 0xffff, 0xffff, 0xffff, 0xffff, 0xffff, 0xffff, 0xffff, 0xffff, 0xffff, 
	0xffff, 0xffff, 0xffff, 0xffff, 0xffff, 0xffff, 0xf79e, 0xffff, 0xdebb, 0x6b2d, 0x4228, 0xa534, 0xffdf, 0xffff, 0xffff, 0xffff, 
	0xef5d, 0x5acb, 0x52aa, 0x5aaa, 0x5acb, 0x52aa, 0x528a, 0x4228, 0x8430, 0xa514, 0xce79, 0xffff, 0xffff, 0xffff, 0xce59, 0x4228, 
	0xd679, 0xffff, 0xffff, 0xffff, 0xffff, 0xef5d, 0xb596, 0x738e, 0x4a49, 0x5acb, 0x4228, 0x94b2, 0xef5d, 0xffff, 0xffff, 0xffff, 
	0xffff, 0xffff, 0xffff, 0xffff, 0xffff, 0xffff, 0xffff, 0xffff, 0xffff, 0xffff, 0xffff, 0xffff, 0xffbf, 0xef5d, 0xdedb, 0xce79, 
	0xbdd7, 0xad55, 0x9cf3, 0x9cb2, 0x9472, 0x8c51, 0x8430, 0x7baf, 0x4a49, 0x7baf, 0x8c51, 0x8c51, 0x9472, 0x9cb2, 0xa4f3, 0xad75, 
	0xbdf7, 0xd679, 0xdedb, 0xef5d, 0xffbf, 0xffff, 0xffff, 0xffff, 0xffff, 0xffff, 0xffff, 0xffff, 0xffff, 0xffff, 0xffff, 0xffff, 
	0xffff, 0xffff, 0xffff, 0xffff, 0xef3d, 0x8430, 0x4a29, 0x5aab, 0x4a49, 0x7bcf, 0xb5b6, 0xef7d, 0xffff, 0xffff, 0xffff, 0xffff, 
	0xce79, 0x4228, 0xce59, 0xffff, 0xffff, 0xffff, 0xc638, 0x7bcf, 0x6b2d, 0x4228, 0x4a69, 0x528a, 0x5aaa, 0x5aca, 0x52aa, 0x630c, 
	0xf7be, 0xffff, 0xffff, 0xffff, 0xf7be, 0x9cd3, 0x4208, 0x738e, 0xdefb, 0xffff, 0xffff, 0xffff, 0xffff, 0xffff, 0xffff, 0xffff, 
	0xffff, 0xffff, 0xffff, 0xffff, 0xffff, 0xffff, 0xffff, 0xffff, 0xffff, 0xffff, 0xffff, 0xffff, 0xffff, 0xffff, 0xffff, 0xffff, 
	0xffff, 0xffff, 0xffff, 0xffff, 0xffff, 0xffff, 0xffff, 0xffff, 0xffff, 0xffff, 0xffff, 0xffff, 0xffff, 0xffff, 0xffff, 0xffff, 
	0xffff, 0xffff, 0xffff, 0xffff, 0xffff, 0xffff, 0xffff, 0xffff, 0xffff, 0xffff, 0xffff, 0xffff, 0xffff, 0xffff, 0xffff, 0xffff, 
	0xffff, 0xffff, 0xffff, 0xffff, 0xffff, 0xffff, 0xffff, 0xffff, 0xffff, 0xffff, 0xffff, 0xffff, 0xffff, 0xffff, 0xffff, 0xffff, 
	0xffff, 0xffff, 0xffff, 0xffff, 0xffff, 0xffff, 0xffff, 0xffff, 0xffff, 0xffff, 0xffff, 0xffff, 0xffff, 0xffff, 0xffff, 0xffff, 
	0xffff, 0xffff, 0xffff, 0xffff, 0xffff, 0xffff, 0xffff, 0xffff, 0xffff, 0xffff, 0xffff, 0xffff, 0xffff, 0xffff, 0xffff, 0xffff, 
	0xffff, 0xffff, 0xffff, 0xffff, 0xffff, 0xe73c, 0x6b6d, 0x94b2, 0x4a49, 0x6b2c, 0xdedb, 0xffff, 0xffff, 0xffff, 0xffff, 0xffff, 
	0xdefb, 0x52aa, 0x5aaa, 0x5aca, 0x5aca, 0x5aca, 0x52aa, 0x5acb, 0xe73c, 0xffff, 0xffff, 0xffff, 0xffff, 0xffff, 0xffdf, 0x632c, 
	0x83ef, 0xffff, 0xffff, 0xce79, 0x8c51, 0x4a69, 0x4a49, 0x7bcf, 0xbdf7, 0xef7d, 0x9cf3, 0xdefb, 0xffff, 0xffff, 0xffff, 0xffff, 
	0xffff, 0xffff, 0xffff, 0xffff, 0xffff, 0xffff, 0xf7be, 0xe71c, 0xc638, 0xa534, 0x8c30, 0x736e, 0x5acb, 0x528a, 0x4a49, 0x4a69, 
	0x528a, 0x5acb, 0x630c, 0x6b4d, 0x6b6d, 0x73ae, 0x7bcf, 0x8410, 0x8c51, 0x8410, 0x7bcf, 0x73ae, 0x6b6d, 0x6b4d, 0x630c, 0x5aeb, 
	0x528a, 0x4a49, 0x4a49, 0x528a, 0x5aeb, 0x738e, 0x8c51, 0xad34, 0xc638, 0xe71c, 0xffdf, 0xffff, 0xffff, 0xffff, 0xffff, 0xffff, 
	0xffff, 0xffff, 0xffff, 0xffff, 0xffff, 0xd69a, 0xad55, 0xef7d, 0xb5b6, 0x738e, 0x4a49, 0x528a, 0x8c71, 0xd6ba, 0xffff, 0xffff, 
	0x7bef, 0x632c, 0xffff, 0xffff, 0xffff, 0xffff, 0xffff, 0xffff, 0xce59, 0x526a, 0x5aaa, 0x5aaa, 0x5aca, 0x5aca, 0x52aa, 0x62eb, 
	0xef7d, 0xffff, 0xffff, 0xffff, 0xffff, 0xffff, 0xce79, 0x5aeb, 0x528a, 0xa514, 0x9cb3, 0xf7be, 0xffff, 0xffff, 0xffff, 0xffff, 
	0xffff, 0xffff, 0xffff, 0xffff, 0xffff, 0xffff, 0xffff, 0xffff, 0xffff, 0xffff, 0xffff, 0xffff, 0xffff, 0xffff, 0xffff, 0xffff, 
	0xffff, 0xffff, 0xffff, 0xffff, 0xffff, 0xffff, 0xffff, 0xffff, 0xffff, 0xffff, 0xffff, 0xffff, 0xffff, 0xffff, 0xffff, 0xffff, 
	0xffff, 0xffff, 0xffff, 0xffff, 0xffff, 0xffff, 0xffff, 0xffff, 0xffff, 0xffff, 0xffff, 0xffff, 0xffff, 0xffff, 0xffff, 0xffff, 
	0xffff, 0xffff, 0xffff, 0xffff, 0xffff, 0xffff, 0xffff, 0xffff, 0xffff, 0xffff, 0xffff, 0xffff, 0xffff, 0xffff, 0xffff, 0xffff, 
	0xffff, 0xffff, 0xffff, 0xffff, 0xffff, 0xffff, 0xffff, 0xffff, 0xffff, 0xffff, 0xffff, 0xffff, 0xffff, 0xffff, 0xffff, 0xffff, 
	0xffff, 0xffff, 0xffff, 0xffff, 0xffff, 0xffff, 0xffff, 0xffff, 0xffff, 0xffff, 0xffff, 0xffff, 0xffff, 0xffdf, 0xffff, 0xffff, 
	0xffff, 0xffff, 0xffff, 0xffff, 0xffff, 0xe71c, 0x52aa, 0x39e7, 0x9cd3, 0xffdf, 0xffff, 0xffdf, 0xffff, 0xffff, 0xffff, 0xffff, 
	0xb5b6, 0x4a49, 0x5aca, 0x5aca, 0x5aca, 0x5aca, 0x5269, 0x8410, 0xffff, 0xffff, 0xffff, 0xffff, 0xffff, 0xffdf, 0xffff, 0xc5f7, 
	0x528a, 0xad35, 0x6b6d, 0x4208, 0x630c, 0xa534, 0xe73c, 0xffff, 0xffff, 0xffff, 0xffff, 0xffff, 0xffff, 0xffff, 0xffff, 0xffff, 
	0xffff, 0xffff, 0xe73c, 0xc638, 0x9cf3, 0x7bcf, 0x5acb, 0x4a49, 0x4a69, 0x5aeb, 0x738e, 0x9492, 0xad55, 0xbdd7, 0xc638, 0xce59, 
	0xce79, 0xd67a, 0xd69a, 0xd69a, 0xce79, 0xce59, 0xce39, 0xce39, 0xc638, 0xce39, 0xce39, 0xce59, 0xd679, 0xd69a, 0xd69a, 0xd67a, 
	0xce79, 0xd69a, 0xce59, 0xbdb7, 0xad35, 0x9471, 0x736d, 0x5acb, 0x4a69, 0x4a49, 0x5acb, 0x7bcf, 0xa534, 0xce79, 0xef5d, 0xffff, 
	0xffff, 0xffff, 0xffff, 0xffdf, 0xffdf, 0xffff, 0xffff, 0xffff, 0xffff, 0xffff, 0xe71c, 0xa514, 0x5acb, 0x4228, 0x73ae, 0xad75, 
	0x528a, 0xc618, 0xffff, 0xffff, 0xffff, 0xffff, 0xffff, 0xffff, 0xffbf, 0x6b4d, 0x528a, 0x5aca, 0x5aca, 0x5aca, 0x5aaa, 0x5269, 
	0xd69a, 0xffff, 0xffff, 0xffff, 0xffff, 0xffdf, 0xffff, 0xf79e, 0x9472, 0x4208, 0x528a, 0xef5d, 0xffff, 0xffff, 0xffff, 0xffff, 
	0xffff, 0xffff, 0xffff, 0xffff, 0xffff, 0xffff, 0xffff, 0xffff, 0xffff, 0xffff, 0xffff, 0xffff, 0xffff, 0xffff, 0xffff, 0xffff, 
	0xffff, 0xffff, 0xffff, 0xffff, 0xffff, 0xffff, 0xffff, 0xffff, 0xffff, 0xffff, 0xffff, 0xffff, 0xffff, 0xffff, 0xffff, 0xffff, 
	0xffff, 0xffff, 0xffff, 0xffff, 0xffff, 0xffff, 0xffff, 0xffff, 0xffff, 0xffff, 0xffff, 0xffff, 0xffff, 0xffff, 0xffff, 0xffff, 
	0xffff, 0xffff, 0xffff, 0xffff, 0xffff, 0xffff, 0xffff, 0xffff, 0xffff, 0xffff, 0xffff, 0xffff, 0xffff, 0xffff, 0xffff, 0xffff, 
	0xffff, 0xffff, 0xffff, 0xffff, 0xffff, 0xffff, 0xffff, 0xffff, 0xffff, 0xffff, 0xffff, 0xffff, 0xffff, 0xffff, 0xffff, 0xffff, 
	0xffff, 0xffff, 0xffff, 0xffff, 0xffff, 0xffff, 0xffff, 0xffff, 0xffff, 0xffff, 0xffff, 0xffff, 0xffff, 0xffff, 0xffff, 0xffff, 
	0xffff, 0xffff, 0xffff, 0xffff, 0xce79, 0x52aa, 0x630c, 0x5acb, 0x8c71, 0xffff, 0xffdf, 0xffdf, 0xffff, 0xffff, 0xd6ba, 0xdedb, 
	0x738e, 0x5289, 0x5aca, 0x5aca, 0x5aca, 0x5aca, 0x4a69, 0x94d3, 0xffff, 0xffff, 0xffff, 0xffff, 0xffff, 0xffff, 0xef5d, 0x9cf3, 
	0x4a49, 0x4a49, 0x8410, 0xce59, 0xffdf, 0xffff, 0xffff, 0xffff, 0xffff, 0xffff, 0xffff, 0xffff, 0xffff, 0xffff, 0xef7d, 0xce59, 
	0x9cd3, 0x6b4d, 0x4a69, 0x4a49, 0x630c, 0x8430, 0xad55, 0xc638, 0xd679, 0xd69a, 0xce59, 0xc638, 0xbdd7, 0xb5b6, 0xa534, 0xa514, 
	0xbdf7, 0xbdf7, 0xc618, 0xce59, 0xd69a, 0xd6ba, 0xdeba, 0xd69a, 0xad55, 0xdeba, 0xd6ba, 0xd6ba, 0xd69a, 0xce59, 0xc618, 0xbdf7, 
	0xbdd7, 0xa514, 0xb596, 0xb5b6, 0xbdf7, 0xc638, 0xce59, 0xd69a, 0xd679, 0xc638, 0xad55, 0x8410, 0x5aeb, 0x4a49, 0x4a69, 0x6b6d, 
	0x9cf3, 0xce79, 0xf79e, 0xffff, 0xffff, 0xffff, 0xffff, 0xffff, 0xffff, 0xffff, 0xffff, 0xffff, 0xffdf, 0xc638, 0x7bcf, 0x4a49, 
	0x4a69, 0xa534, 0xef7d, 0xffff, 0xffff, 0xffff, 0xffff, 0xffff, 0xffff, 0x8410, 0x5269, 0x5aca, 0x5aca, 0x5aca, 0x5aca, 0x4a69, 
	0x9492, 0xffdf, 0xef7d, 0xffff, 0xffff, 0xffff, 0xffff, 0xffff, 0xa4f4, 0x528a, 0x5aab, 0x630c, 0xdedb, 0xffff, 0xffff, 0xffff, 
	0xffff, 0xffff, 0xffff, 0xffff, 0xffff, 0xffff, 0xffff, 0xffff, 0xffff, 0xffff, 0xffff, 0xffff, 0xffff, 0xffff, 0xffff, 0xffff, 
	0xffff, 0xffff, 0xffff, 0xffff, 0xffff, 0xffff, 0xffff, 0xffff, 0xffff, 0xffff, 0xffff, 0xffff, 0xffff, 0xffff, 0xffff, 0xffff, 
	0xffff, 0xffff, 0xffff, 0xffff, 0xffff, 0xffff, 0xffff, 0xffff, 0xffff, 0xffff, 0xffff, 0xffff, 0xffff, 0xffff, 0xffff, 0xffff, 
	0xffff, 0xffff, 0xffff, 0xffff, 0xffff, 0xffff, 0xffff, 0xffff, 0xffff, 0xffff, 0xffff, 0xffff, 0xffff, 0xffff, 0xffff, 0xffff, 
	0xffff, 0xffff, 0xffff, 0xffff, 0xffff, 0xffff, 0xffff, 0xffff, 0xffff, 0xffff, 0xffff, 0xffff, 0xffff, 0xffff, 0xffff, 0xffff, 
	0xffff, 0xffff, 0xffff, 0xffff, 0xffff, 0xffff, 0xffff, 0xffff, 0xffff, 0xffff, 0xffff, 0xffff, 0xffff, 0xffff, 0xffff, 0xffff, 
	0xffff, 0xffff, 0xffff, 0xad75, 0x4208, 0x73ae, 0xef7d, 0xc638, 0x39e7, 0xb596, 0xffff, 0xffff, 0xffff, 0xffff, 0x6b6d, 0x4a69, 
	0x528a, 0x5aaa, 0x4a69, 0x4a69, 0x52aa, 0x5acb, 0x4a69, 0x9492, 0xffff, 0xffff, 0xffff, 0xffff, 0xef5d, 0x9cd3, 0x4a69, 0x52aa, 
	0x738e, 0x5aeb, 0xffdf, 0xffff, 0xffff, 0xffff, 0xffff, 0xffff, 0xffff, 0xffff, 0xffff, 0xef5d, 0xbdd7, 0x7bef, 0x528a, 0x4a29, 
	0x630c, 0x9492, 0xbdf7, 0xd69a, 0xd69a, 0xbdd7, 0xb5b6, 0xbdd7, 0xbdb7, 0xbdf7, 0xd69a, 0xe71c, 0xf79e, 0xffdf, 0xe71c, 0xd69a, 
	0xffff, 0xffff, 0xffff, 0xffff, 0xffff, 0xffff, 0xffff, 0xffff, 0xce38, 0xffff, 0xffff, 0xffff, 0xffff, 0xffff, 0xffff, 0xffff, 
	0xffff, 0xc618, 0xef3d, 0xffdf, 0xf79e, 0xe71c, 0xd69a, 0xbdf7, 0xbdd7, 0xb5b6, 0xbdd7, 0xce59, 0xd69a, 0xd69a, 0xbdd7, 0x8c71, 
	0x5aeb, 0x4228, 0x52aa, 0x8410, 0xc5f8, 0xef7d, 0xffff, 0xffff, 0xffff, 0xffff, 0xffff, 0xffff, 0xffff, 0xffff, 0xffff, 0x630c, 
	0x738e, 0x528a, 0x528a, 0xa514, 0xef7d, 0xffff, 0xffff, 0xffff, 0xffff, 0x8410, 0x5269, 0x5aca, 0x5aaa, 0x5269, 0x4a49, 0x4a69, 
	0x528a, 0x6b4d, 0x8410, 0xffff, 0xffff, 0xffff, 0xffff, 0xc638, 0x39e7, 0xb596, 0xe73c, 0x6b4d, 0x4228, 0xb5b6, 0xffff, 0xffff, 
	0xffff, 0xffff, 0xffff, 0xffff, 0xffff, 0xffff, 0xffff, 0xffff, 0xffff, 0xffff, 0xffff, 0xffff, 0xffff, 0xffff, 0xffff, 0xffff, 
	0xffff, 0xffff, 0xffff, 0xffff, 0xffff, 0xffff, 0xffff, 0xffff, 0xffff, 0xffff, 0xffff, 0xffff, 0xffff, 0xffff, 0xffff, 0xffff, 
	0xffff, 0xffff, 0xffff, 0xffff, 0xffff, 0xffff, 0xffff, 0xffff, 0xffff, 0xffff, 0xffff, 0xffff, 0xffff, 0xffff, 0xffff, 0xffff, 
	0xffff, 0xffff, 0xffff, 0xffff, 0xffff, 0xffff, 0xffff, 0xffff, 0xffff, 0xffff, 0xffff, 0xffff, 0xffff, 0xffff, 0xffff, 0xffff, 
	0xffff, 0xffff, 0xffff, 0xffff, 0xffff, 0xffff, 0xffff, 0xffff, 0xffff, 0xffff, 0xffff, 0xffff, 0xffff, 0xffff, 0xffff, 0xffff, 
	0xffff, 0xffff, 0xffff, 0xffff, 0xffff, 0xffff, 0xffff, 0xffff, 0xffff, 0xffff, 0xffff, 0xffff, 0xffff, 0xffff, 0xffff, 0xffff, 
	0xffff, 0xf7be, 0x8430, 0x39e7, 0x9cf3, 0xffff, 0xffff, 0xffff, 0x94b2, 0x4228, 0xdefb, 0xffff, 0xffff, 0xef5d, 0x5acb, 0x39e7, 
	0xad55, 0xe71c, 0xce79, 0x9492, 0x528a, 0x528a, 0x528a, 0x7bce, 0xffff, 0xffff, 0xef7d, 0x9cd2, 0x4a49, 0x528a, 0xa514, 0xef5d, 
	0xf79e, 0xd69a, 0xffff, 0xffff, 0xffff, 0xffff, 0xffff, 0xffff, 0xef7d, 0xbdd7, 0x7bcf, 0x4a49, 0x4a49, 0x73ae, 0xad75, 0xd67a, 
	0xd69a, 0xc618, 0xb5b6, 0xb5b6, 0xc638, 0xb5b6, 0xce79, 0xffff, 0xffff, 0xffff, 0xffff, 0xffff, 0xffff, 0xffff, 0xef5d, 0xc618, 
	0xffff, 0xffff, 0xce59, 0x8c71, 0xffff, 0xffff, 0xf79e, 0x6b6d, 0xb596, 0xffff, 0xd6ba, 0x632c, 0xe73c, 0xffff, 0xd69a, 0x8410, 
	0xf7be, 0xc638, 0xf79e, 0xffff, 0xffff, 0xffff, 0xffff, 0xffff, 0xffff, 0xffdf, 0xc618, 0xbdd7, 0xc618, 0xb5b6, 0xb5b6, 0xce38, 
	0xd69a, 0xce59, 0xad55, 0x738e, 0x4a49, 0x4a69, 0x83ef, 0xc5f8, 0xf77d, 0xffff, 0xffff, 0xffff, 0xffff, 0xffff, 0xffff, 0xdedb, 
	0xf7be, 0xe73c, 0x9cd3, 0x4a49, 0x4a69, 0xa514, 0xf79e, 0xffff, 0xffff, 0x738e, 0x528a, 0x528a, 0x5269, 0x7bef, 0xb5b6, 0xce79, 
	0x94b2, 0x39c7, 0x528a, 0xef5d, 0xffff, 0xffff, 0xef5d, 0x528a, 0x8410, 0xffff, 0xffff, 0xffdf, 0x9492, 0x39e7, 0x9492, 0xffdf, 
	0xffff, 0xffff, 0xffff, 0xffff, 0xffff, 0xffff, 0xffff, 0xffff, 0xffff, 0xffff, 0xffff, 0xffff, 0xffff, 0xffff, 0xffff, 0xffff, 
	0xffff, 0xffff, 0xffff, 0xffff, 0xffff, 0xffff, 0xffff, 0xffff, 0xffff, 0xffff, 0xffff, 0xffff, 0xffff, 0xffff, 0xffff, 0xffff, 
	0xffff, 0xffff, 0xffff, 0xffff, 0xffff, 0xffff, 0xffff, 0xffff, 0xffff, 0xffff, 0xffff, 0xffff, 0xffff, 0xffff, 0xffff, 0xffff, 
	0xffff, 0xffff, 0xffff, 0xffff, 0xffff, 0xffff, 0xffff, 0xffff, 0xffff, 0xffff, 0xffff, 0xffff, 0xffff, 0xffff, 0xffff, 0xffff, 
	0xffff, 0xffff, 0xffff, 0xffff, 0xffff, 0xffff, 0xffff, 0xffff, 0xffff, 0xffff, 0xffff, 0xffff, 0xffff, 0xffff, 0xffff, 0xffff, 
	0xffff, 0xffff, 0xffff, 0xffff, 0xffff, 0xffff, 0xffff, 0xffff, 0xffff, 0xffff, 0xffff, 0xffff, 0xffff, 0xffff, 0xffff, 0xffff, 
	0xe73c, 0x6b6d, 0x4a49, 0xbdf7, 0xffff, 0xffff, 0xffdf, 0xffff, 0xf7be, 0x632c, 0x632c, 0xffdf, 0xffff, 0xffdf, 0xe71c, 0xbdd7, 
	0xef5d, 0xffff, 0xffff, 0xffff, 0xd69a, 0x630c, 0x4a69, 0x5acb, 0xdeda, 0xad75, 0x4a69, 0x5269, 0xa514, 0xef7d, 0xffff, 0xffff, 
	0xffff, 0xffff, 0xffff, 0xffff, 0xffff, 0xffff, 0xce79, 0x8c31, 0x5269, 0x4a49, 0x7bcf, 0xb5b6, 0xd6ba, 0xd69a, 0xbdd7, 0xb596, 
	0xbdf7, 0xdebb, 0xf79e, 0xffff, 0xffff, 0xe73c, 0xce59, 0xffff, 0xffff, 0xffff, 0xffff, 0xffff, 0xffff, 0xffff, 0xef7d, 0xbdf7, 
	0xffff, 0xbdd7, 0x10a2, 0x0000, 0x4a69, 0xd69a, 0x4a69, 0x0000, 0x2945, 0xce79, 0x4228, 0x0000, 0x2104, 0xa534, 0x4208, 0x0000, 
	0x39e7, 0xa514, 0xffff, 0xffff, 0xffff, 0xffff, 0xffff, 0xffff, 0xffff, 0xffff, 0xc618, 0xef7d, 0xffff, 0xffff, 0xf77d, 0xd6ba, 
	0xbdf7, 0xb596, 0xbdd7, 0xd69a, 0xd67a, 0xb596, 0x738e, 0x4a29, 0x528a, 0x9492, 0xd6ba, 0xffff, 0xffff, 0xffff, 0xffff, 0xffff, 
	0xffff, 0xffff, 0xffff, 0xef5d, 0x9cb2, 0x4a49, 0x528a, 0xb596, 0xdedb, 0x5aab, 0x5269, 0x5aeb, 0xc618, 0xffff, 0xffff, 0xffff, 
	0xdefb, 0x8c51, 0xbdd7, 0xf79e, 0xffff, 0xffff, 0x7bcf, 0x52aa, 0xef7d, 0xffff, 0xffdf, 0xffff, 0xffff, 0xb596, 0x4208, 0x73ae, 
	0xf79e, 0xffff, 0xffff, 0xffff, 0xffff, 0xffff, 0xffff, 0xffff, 0xffff, 0xffff, 0xffff, 0xffff, 0xffff, 0xffff, 0xffff, 0xffff, 
	0xffff, 0xffff, 0xffff, 0xffff, 0xffff, 0xffff, 0xffff, 0xffff, 0xffff, 0xffff, 0xffff, 0xffff, 0xffff, 0xffff, 0xffff, 0xffff, 
	0xffff, 0xffff, 0xffff, 0xffff, 0xffff, 0xffff, 0xffff, 0xffff, 0xffff, 0xffff, 0xffff, 0xffff, 0xffff, 0xffff, 0xffff, 0xffff, 
	0xffff, 0xffff, 0xffff, 0xffff, 0xffff, 0xffff, 0xffff, 0xffff, 0xffff, 0xffff, 0xffff, 0xffff, 0xffff, 0xffff, 0xffff, 0xffff, 
	0xffff, 0xffff, 0xffff, 0xffff, 0xffff, 0xffff, 0xffff, 0xffff, 0xffff, 0xffff, 0xffff, 0xffff, 0xffff, 0xffff, 0xffff, 0xffff, 
	0xffff, 0xffff, 0xffff, 0xffff, 0xffff, 0xffff, 0xffff, 0xffff, 0xffff, 0xffff, 0xffff, 0xffff, 0xffff, 0xffff, 0xffff, 0xd6ba, 
	0x52aa, 0x5aeb, 0xdedb, 0xffff, 0xffff, 0xffff, 0xffff, 0xffff, 0xffff, 0xdedb, 0x4228, 0x94b2, 0xffff, 0xffff, 0xffff, 0xffff, 
	0xffff, 0xffff, 0xffff, 0xffff, 0xffff, 0xef3c, 0x6b4d, 0x5289, 0x5aaa, 0x5269, 0x9cd2, 0xef5c, 0xffff, 0xffff, 0xffff, 0xffff, 
	0xffff, 0xffff, 0xffff, 0xf79e, 0xad75, 0x632c, 0x4228, 0x6b2c, 0xad55, 0xd69a, 0xce79, 0xbdd7, 0x9cf3, 0xbdb6, 0xef5d, 0xffff, 
	0xffff, 0xffff, 0xffff, 0xffff, 0xffff, 0xf79e, 0xbdd7, 0xffff, 0xffff, 0xffff, 0xffff, 0xffff, 0xffff, 0xffff, 0xf7be, 0xc638, 
	0xbdf7, 0x10a2, 0x0000, 0x0841, 0x0000, 0x10a2, 0x0861, 0x0000, 0x1082, 0x52aa, 0x0000, 0x0020, 0x0000, 0x0861, 0x0000, 0x0020, 
	0x0000, 0x6b6d, 0xffff, 0xffff, 0xffff, 0xffff, 0xffff, 0xffff, 0xffff, 0xffdf, 0xbdd7, 0xf7be, 0xffff, 0xffff, 0xffff, 0xffff, 
	0xffff, 0xffff, 0xef5d, 0xad75, 0xa4f4, 0xbdd7, 0xd679, 0xd67a, 0xa514, 0x630c, 0x4228, 0x6b6d, 0xb5b6, 0xf7be, 0xffff, 0xffff, 
	0xffff, 0xffff, 0xffff, 0xffff, 0xffff, 0xe71c, 0x8c71, 0x4a49, 0x5aab, 0x528a, 0x6b2c, 0xe71c, 0xffff, 0xffff, 0xffff, 0xffff, 
	0xffff, 0xffff, 0xffff, 0xffff, 0xffff, 0xa534, 0x4208, 0xce79, 0xffff, 0xffff, 0xffff, 0xffff, 0xffff, 0xffff, 0xce79, 0x528a, 
	0x5aeb, 0xdefb, 0xffff, 0xffff, 0xffff, 0xffff, 0xffff, 0xffff, 0xffff, 0xffff, 0xffff, 0xffff, 0xffff, 0xffff, 0xffff, 0xffff, 
	0xffff, 0xffff, 0xffff, 0xffff, 0xffff, 0xffff, 0xffff, 0xffff, 0xffff, 0xffff, 0xffff, 0xffff, 0xffff, 0xffff, 0xffff, 0xffff, 
	0xffff, 0xffff, 0xffff, 0xffff, 0xffff, 0xffff, 0xffff, 0xffff, 0xffff, 0xffff, 0xffff, 0xffff, 0xffff, 0xffff, 0xffff, 0xffff, 
	0xffff, 0xffff, 0xffff, 0xffff, 0xffff, 0xffff, 0xffff, 0xffff, 0xffff, 0xffff, 0xffff, 0xffff, 0xffff, 0xffff, 0xffff, 0xffff, 
	0xffff, 0xffff, 0xffff, 0xffff, 0xffff, 0xffff, 0xffff, 0xffff, 0xffff, 0xffff, 0xffff, 0xffff, 0xffff, 0xffff, 0xffff, 0xffff, 
	0xffff, 0xffff, 0xffff, 0xffff, 0xffff, 0xffff, 0xffff, 0xffff, 0xffff, 0xffff, 0xffff, 0xffff, 0xe73c, 0xbdf7, 0xc618, 0x4a49, 
	0x6b6d, 0xef5d, 0xffff, 0xffff, 0xffff, 0xffff, 0xffff, 0xffff, 0xffff, 0xffff, 0xb5b6, 0x39e7, 0xc618, 0xffff, 0xffff, 0xffff, 
	0xffff, 0xffff, 0xffff, 0xffff, 0xffff, 0xdefb, 0x6b2d, 0x4a49, 0x632c, 0xce59, 0xffff, 0xffff, 0xffff, 0xffff, 0xffff, 0xffff, 
	0xffff, 0xe73c, 0x9cd3, 0x528a, 0x4a49, 0x8c51, 0xce59, 0xd6ba, 0xbdd7, 0xb596, 0xce59, 0xef7d, 0xe71c, 0xce79, 0xffff, 0xffff, 
	0xffff, 0xffff, 0xffff, 0xffff, 0xffff, 0xffff, 0xbdf7, 0xf79e, 0xffff, 0xffff, 0xffff, 0xffff, 0xffff, 0xffff, 0xffff, 0xc618, 
	0xe73c, 0xce79, 0x31a6, 0x0000, 0x0000, 0x7bef, 0xce79, 0x2945, 0x8c71, 0xf7be, 0x3186, 0x0000, 0x18e3, 0xc638, 0x18e3, 0x0000, 
	0x10a2, 0xc638, 0xffff, 0xffff, 0xffff, 0xffff, 0xffff, 0xffff, 0xffff, 0xef5d, 0xc618, 0xffff, 0xffff, 0xffff, 0xffff, 0xffff, 
	0xffff, 0xffff, 0xffff, 0xc638, 0xef7d, 0xef5d, 0xc638, 0xb576, 0xbdf7, 0xd6ba, 0xc638, 0x8410, 0x4a49, 0x5acb, 0xa514, 0xef5d, 
	0xffff, 0xffff, 0xffff, 0xffff, 0xffff, 0xffff, 0xffff, 0xdedb, 0x738e, 0x4a29, 0x6b6d, 0xe73c, 0xffff, 0xffff, 0xffff, 0xffff, 
	0xffff, 0xffff, 0xffff, 0xffff, 0xd6ba, 0x4208, 0xa514, 0xffff, 0xffff, 0xffff, 0xffff, 0xffff, 0xffff, 0xffff, 0xffff, 0xe71c, 
	0x630c, 0x528a, 0xce79, 0xce79, 0xf79e, 0xffff, 0xffff, 0xffff, 0xffff, 0xffff, 0xffff, 0xffff, 0xffff, 0xffff, 0xffff, 0xffff, 
	0xffff, 0xffff, 0xffff, 0xffff, 0xffff, 0xffff, 0xffff, 0xffff, 0xffff, 0xffff, 0xffff, 0xffff, 0xffff, 0xffff, 0xffff, 0xffff, 
	0xffff, 0xffff, 0xffff, 0xffff, 0xffff, 0xffff, 0xffff, 0xffff, 0xffff, 0xffff, 0xffff, 0xffff, 0xffff, 0xffff, 0xffff, 0xffff, 
	0xffff, 0xffff, 0xffff, 0xffff, 0xffff, 0xffff, 0xffff, 0xffff, 0xffff, 0xffff, 0xffff, 0xffff, 0xffff, 0xffff, 0xffff, 0xffff, 
	0xffff, 0xffff, 0xffff, 0xffff, 0xffff, 0xffff, 0xffff, 0xffff, 0xffff, 0xffff, 0xffff, 0xffff, 0xffff, 0xffff, 0xffff, 0xffff, 
	0xffff, 0xffff, 0xffff, 0xffff, 0xffff, 0xffff, 0xffff, 0xffff, 0xffff, 0xffff, 0xffff, 0xffff, 0xd6ba, 0x4a49, 0x4a69, 0x8c51, 
	0xffbf, 0xffff, 0xffdf, 0xffff, 0xffff, 0xffff, 0xffff, 0xffff, 0xffff, 0xffff, 0xffff, 0x8430, 0x5269, 0xe73c, 0xffff, 0xffff, 
	0xffff, 0xffff, 0xffff, 0xf7be, 0x9cd3, 0x4228, 0x6b6d, 0xad54, 0x52aa, 0x630c, 0x73ae, 0xbdf7, 0xffff, 0xffff, 0xffff, 0xe71c, 
	0x8c71, 0x4a49, 0x52aa, 0xa514, 0xd6ba, 0xce59, 0xad75, 0xbdd7, 0xe71c, 0xffff, 0xffff, 0xffff, 0xf7be, 0xbdd7, 0xf7be, 0xffff, 
	0xffff, 0xffff, 0xffff, 0xffff, 0xffff, 0xffff, 0xc638, 0xe73c, 0xffff, 0xffff, 0xffff, 0xffff, 0xffff, 0xffff, 0xffff, 0xc618, 
	0xef5d, 0xffff, 0x8430, 0x0000, 0x0000, 0xad75, 0xffff, 0xef7d, 0xc638, 0xffff, 0x4208, 0x0000, 0x18c3, 0xe73c, 0x2965, 0x0000, 
	0x18c3, 0xce79, 0xffff, 0xffff, 0xffff, 0xffff, 0xffff, 0xffff, 0xffff, 0xdedb, 0xce79, 0xffff, 0xffff, 0xffff, 0xffff, 0xffff, 
	0xffff, 0xffff, 0xef7d, 0xbdd7, 0xffdf, 0xffff, 0xffff, 0xffff, 0xe6fb, 0xbdd7, 0xb596, 0xce59, 0xd6ba, 0x9cd3, 0x528a, 0x526a, 
	0x94b2, 0xef3c, 0xffff, 0xffff, 0xffff, 0xdeba, 0x9cf3, 0x7bef, 0x630c, 0xad55, 0x6b4c, 0x4a48, 0xa534, 0xf7be, 0xffff, 0xffff, 
	0xffff, 0xffff, 0xffff, 0xf79e, 0x5aeb, 0x738e, 0xffdf, 0xffff, 0xffff, 0xffff, 0xffff, 0xffff, 0xffff, 0xffff, 0xffff, 0xffff, 
	0xf79e, 0x8410, 0x4a69, 0x4a69, 0xdefb, 0xffff, 0xffff, 0xffff, 0xffff, 0xffff, 0xffff, 0xffff, 0xffff, 0xffff, 0xffff, 0xffff, 
	0xffff, 0xffff, 0xffff, 0xffff, 0xffff, 0xffff, 0xffff, 0xffff, 0xffff, 0xffff, 0xffff, 0xffff, 0xffff, 0xffff, 0xffff, 0xffff, 
	0xffff, 0xffff, 0xffff, 0xffff, 0xffff, 0xffff, 0xffff, 0xffff, 0xffff, 0xffff, 0xffff, 0xffff, 0xffff, 0xffff, 0xffff, 0xffff, 
	0xffff, 0xffff, 0xffff, 0xffff, 0xffff, 0xffff, 0xffff, 0xffff, 0xffff, 0xffff, 0xffff, 0xffff, 0xffff, 0xffff, 0xffff, 0xffff, 
	0xffff, 0xffff, 0xffff, 0xffff, 0xffff, 0xffff, 0xffff, 0xffff, 0xffff, 0xffff, 0xffff, 0xffff, 0xffff, 0xffff, 0xffff, 0xffff, 
	0xffff, 0xffff, 0xffff, 0xffff, 0xffff, 0xffff, 0xffff, 0xffff, 0xffff, 0xffff, 0xffff, 0xffff, 0xad55, 0x4a49, 0x4a49, 0xb596, 
	0xffff, 0xffff, 0xffff, 0xffff, 0xffff, 0xffff, 0xffff, 0xffff, 0xffff, 0xffff, 0xffff, 0xef7d, 0x5aab, 0x73ae, 0xffdf, 0xffff, 
	0xffff, 0xffff, 0xce59, 0x5aeb, 0x4a49, 0xa534, 0xffff, 0xb595, 0x4a49, 0x52aa, 0x4208, 0xb596, 0xffff, 0xe71c, 0x8c71, 0x4a29, 
	0x5acb, 0xad75, 0xd6ba, 0xbdf7, 0xa514, 0xce79, 0xf7be, 0xffff, 0xffff, 0xffff, 0xffff, 0xffff, 0xffff, 0xc638, 0xe71c, 0xffff, 
	0xffff, 0xffff, 0xffff, 0xffff, 0xffff, 0xffff, 0xd6ba, 0xd6ba, 0xffff, 0xffff, 0xffff, 0xffff, 0xffff, 0xffff, 0xffff, 0xc638, 
	0xe73c, 0xffff, 0x8430, 0x0000, 0x0000, 0xa514, 0xffff, 0xffdf, 0xbdf7, 0xffff, 0x39e7, 0x0000, 0x18c3, 0xe73c, 0x2965, 0x0000, 
	0x10a2, 0xd6ba, 0xffff, 0xffff, 0xffff, 0xffff, 0xffff, 0xffff, 0xffff, 0xce59, 0xe71c, 0xffff, 0xffff, 0xffff, 0xffff, 0xffff, 
	0xffff, 0xffff, 0xd6ba, 0xd69a, 0xffff, 0xffff, 0xffff, 0xffff, 0xffff, 0xffff, 0xf79e, 0xce59, 0x9cf3, 0xc618, 0xd6ba, 0xa514, 
	0x52aa, 0x4a69, 0x94b2, 0xe73c, 0xffff, 0xa534, 0x41e7, 0x528a, 0x4a49, 0xbdd7, 0xffdf, 0x9cd3, 0x4228, 0x632c, 0xd69a, 0xffff, 
	0xffff, 0xffdf, 0xffff, 0x8c31, 0x4a69, 0xe71c, 0xffff, 0xffff, 0xffff, 0xffff, 0xffff, 0xffff, 0xffff, 0xffff, 0xffff, 0xffff, 
	0xffff, 0xad75, 0x4a28, 0x4a69, 0xb596, 0xffff, 0xffff, 0xffff, 0xffff, 0xffff, 0xffff, 0xffff, 0xffff, 0xffff, 0xffff, 0xffff, 
	0xffff, 0xffff, 0xffff, 0xffff, 0xffff, 0xffff, 0xffff, 0xffff, 0xffff, 0xffff, 0xffff, 0xffff, 0xffff, 0xffff, 0xffff, 0xffff, 
	0xffff, 0xffff, 0xffff, 0xffff, 0xffff, 0xffff, 0xffff, 0xffff, 0xffff, 0xffff, 0xffff, 0xffff, 0xffff, 0xffff, 0xffff, 0xffff, 
	0xffff, 0xffff, 0xffff, 0xffff, 0xffff, 0xffff, 0xffff, 0xffff, 0xffff, 0xffff, 0xffff, 0xffff, 0xffff, 0xffff, 0xffff, 0xffff, 
	0xffff, 0xffff, 0xffff, 0xffff, 0xffff, 0xffff, 0xffff, 0xffff, 0xffff, 0xffff, 0xffff, 0xffff, 0xffff, 0xffff, 0xffff, 0xffff, 
	0xffff, 0xffff, 0xffff, 0xffff, 0xffff, 0xffff, 0xffff, 0xffff, 0xffff, 0xffff, 0xffff, 0x9cf3, 0x41e7, 0xad55, 0xa4f4, 0x4208, 
	0xbdf7, 0xffff, 0xffff, 0xffff, 0xffff, 0xffff, 0xffff, 0xffff, 0xffff, 0xffff, 0xffff, 0xffff, 0xce79, 0x4208, 0xa514, 0xffff, 
	0xf79e, 0x9492, 0x4208, 0x73ae, 0xe71c, 0xffff, 0xffff, 0x738e, 0x4228, 0x528a, 0x5aeb, 0xd6ba, 0x9cf3, 0x4a49, 0x5acb, 0xb575, 
	0xdedb, 0xbdd7, 0xad75, 0xd69a, 0xbdf7, 0xffff, 0xffff, 0xffff, 0xffff, 0xffff, 0xffff, 0xffff, 0xffff, 0xdefb, 0xc618, 0xffdf, 
	0xffff, 0xffff, 0xffff, 0xffff, 0xffdf, 0xf7be, 0xe71c, 0xc618, 0xffdf, 0xffff, 0xffff, 0xffff, 0xffff, 0xffff, 0xffff, 0xce79, 
	0xdefb, 0xffff, 0x8c51, 0x0000, 0x0000, 0x9cf3, 0xffff, 0xf7be, 0xbdf7, 0xffff, 0x39e7, 0x0000, 0x18c3, 0xe73c, 0x2965, 0x0000, 
	0x18c3, 0xdefb, 0xffff, 0xffff, 0xffff, 0xffff, 0xffff, 0xffff, 0xffff, 0xbdf7, 0xef5d, 0xf7be, 0xffdf, 0xffff, 0xffff, 0xffff, 
	0xffff, 0xffff, 0xbdf7, 0xef5d, 0xffff, 0xffff, 0xffff, 0xffff, 0xffff, 0xffff, 0xffff, 0xffdf, 0xbdd7, 0xce79, 0xad75, 0xbdd7, 
	0xdebb, 0xad35, 0x528a, 0x4a49, 0xa534, 0xce79, 0x5aaa, 0x5aaa, 0x4a28, 0x7bcf, 0xffff, 0xffff, 0xdedb, 0x6b6d, 0x4228, 0x9cf3, 
	0xffbe, 0xffff, 0xb596, 0x41e7, 0xc5f7, 0xffff, 0xffff, 0xffff, 0xffff, 0xffff, 0xffff, 0xffff, 0xffff, 0xffff, 0xffff, 0xffff, 
	0xbdd7, 0x4208, 0xa4f3, 0x9cd3, 0x41e7, 0xad55, 0xffff, 0xffff, 0xffff, 0xffff, 0xffff, 0xffff, 0xffff, 0xffff, 0xffff, 0xffff, 
	0xffff, 0xffff, 0xffff, 0xffff, 0xffff, 0xffff, 0xffff, 0xffff, 0xffff, 0xffff, 0xffff, 0xffff, 0xffff, 0xffff, 0xffff, 0xffff, 
	0xffff, 0xffff, 0xffff, 0xffff, 0xffff, 0xffff, 0xffff, 0xffff, 0xffff, 0xffff, 0xffff, 0xffff, 0xffff, 0xffff, 0xffff, 0xffff, 
	0xffff, 0xffff, 0xffff, 0xffff, 0xffff, 0xffff, 0xffff, 0xffff, 0xffff, 0xffff, 0xffff, 0xffff, 0xffff, 0xffff, 0xffff, 0xffff, 
	0xffff, 0xffff, 0xffff, 0xffff, 0xffff, 0xffff, 0xffff, 0xffff, 0xffff, 0xffff, 0xffff, 0xffff, 0xffff, 0xffff, 0xffff, 0xffff, 
	0xffff, 0xffff, 0xffff, 0xffff, 0xffff, 0xffff, 0xffff, 0xffff, 0xffff, 0xffff, 0x9cd3, 0x39e7, 0xad75, 0xffff, 0xffff, 0x8c51, 
	0x4208, 0xce79, 0xffff, 0xffff, 0xffff, 0xffff, 0xffff, 0xffff, 0xffff, 0xffff, 0xffff, 0xffff, 0xffff, 0xa514, 0x4a49, 0xb596, 
	0x632c, 0x4a49, 0xb596, 0xffff, 0xffff, 0xffff, 0xffff, 0xce38, 0x9cf3, 0x738d, 0x5aca, 0x5aca, 0x528a, 0xad55, 0xdedb, 0xb5b6, 
	0xad55, 0xdefb, 0xffff, 0xffff, 0xce59, 0xdedb, 0xffff, 0xffff, 0xffff, 0xffff, 0xffff, 0xffff, 0xffff, 0xef7d, 0xce59, 0xffdf, 
	0xf7be, 0xffff, 0xffdf, 0xf7be, 0xffdf, 0xffdf, 0xf7be, 0xce79, 0xf7be, 0xf7be, 0xffdf, 0xffff, 0xffff, 0xffff, 0xffff, 0xd69a, 
	0xdedb, 0xffff, 0x8c71, 0x0000, 0x0000, 0xa514, 0xffff, 0xffff, 0xce59, 0xffff, 0x39e7, 0x0000, 0x18c3, 0xe71c, 0x2965, 0x0000, 
	0x18c3, 0xe71c, 0xffff, 0xffff, 0xffff, 0xffff, 0xffff, 0xffff, 0xf7be, 0xb5b6, 0xf7be, 0xffdf, 0xf7be, 0xffdf, 0xffff, 0xffff, 
	0xffff, 0xf79e, 0xbdd7, 0xffff, 0xffff, 0xffff, 0xffff, 0xffff, 0xffff, 0xffff, 0xffff, 0xd69a, 0xd69a, 0xffff, 0xffff, 0xdedb, 
	0xad55, 0xbdd7, 0xdedb, 0xa514, 0x4a69, 0x5acb, 0x5acb, 0x62eb, 0x7bce, 0xad34, 0xffff, 0xffff, 0xffff, 0xffff, 0xa534, 0x4228, 
	0x736e, 0xc618, 0x528a, 0x9492, 0xffff, 0xffff, 0xffff, 0xffff, 0xffff, 0xffff, 0xffff, 0xffff, 0xffff, 0xffff, 0xffff, 0xce79, 
	0x4208, 0x8c71, 0xffff, 0xffff, 0xa514, 0x39e7, 0xa534, 0xffff, 0xffff, 0xffff, 0xffff, 0xffff, 0xffff, 0xffff, 0xffff, 0xffff, 
	0xffff, 0xffff, 0xffff, 0xffff, 0xffff, 0xffff, 0xffff, 0xffff, 0xffff, 0xffff, 0xffff, 0xffff, 0xffff, 0xffff, 0xffff, 0xffff, 
	0xffff, 0xffff, 0xffff, 0xffff, 0xffff, 0xffff, 0xffff, 0xffff, 0xffff, 0xffff, 0xffff, 0xffff, 0xffff, 0xffff, 0xffff, 0xffff, 
	0xffff, 0xffff, 0xffff, 0xffff, 0xffff, 0xffff, 0xffff, 0xffff, 0xffff, 0xffff, 0xffff, 0xffff, 0xffff, 0xffff, 0xffff, 0xffff, 
	0xffff, 0xffff, 0xffff, 0xffff, 0xffff, 0xffff, 0xffff, 0xffff, 0xffff, 0xffff, 0xffff, 0xffff, 0xffff, 0xffff, 0xffff, 0xffff, 
	0xffff, 0xffff, 0xffff, 0xffff, 0xffff, 0xffff, 0xffdf, 0xffff, 0xffff, 0x94b2, 0x39e7, 0xb596, 0xffff, 0xffff, 0xffff, 0xffdf, 
	0x7bcf, 0x4a49, 0xdedb, 0xffff, 0xffff, 0xffff, 0xffff, 0xffff, 0xffff, 0xffff, 0xffff, 0xffff, 0xffff, 0xffdf, 0x6b2c, 0x4208, 
	0x738e, 0xe6fb, 0xffff, 0xffff, 0xffff, 0xffff, 0xffff, 0xffff, 0xd6ba, 0x6b4d, 0x4a69, 0x9cf3, 0xdefb, 0xbdd7, 0xad75, 0xdedb, 
	0xffff, 0xffff, 0xffff, 0xffff, 0xef7d, 0xbdd7, 0xffdf, 0xffff, 0xffff, 0xffff, 0xffff, 0xffff, 0xffdf, 0xffdf, 0xdedb, 0xef7d, 
	0xffff, 0xffdf, 0xf7be, 0xffff, 0xffff, 0xffff, 0xffff, 0xd69a, 0xf7be, 0xffff, 0xf7be, 0xffff, 0xffff, 0xf7be, 0xf7be, 0xdefb, 
	0xad55, 0xa534, 0x6b4d, 0x0000, 0x0000, 0x738e, 0xbdd7, 0xb596, 0x8c51, 0xf79e, 0x4208, 0x0000, 0x10a2, 0xe71c, 0x3186, 0x0000, 
	0x18c3, 0xef5d, 0xffff, 0xffff, 0xffff, 0xffff, 0xffff, 0xffff, 0xe73c, 0xbdf7, 0xffff, 0xffff, 0xf7be, 0xffdf, 0xffff, 0xffff, 
	0xffff, 0xdedb, 0xce79, 0xffff, 0xffff, 0xffff, 0xffff, 0xffff, 0xffff, 0xffff, 0xffdf, 0xbdd7, 0xf7be, 0xffff, 0xffff, 0xffff, 
	0xffff, 0xdedb, 0xad55, 0xc618, 0xdedb, 0x8c51, 0x4a69, 0x632c, 0xdeda, 0xffff, 0xffff, 0xffff, 0xffff, 0xffff, 0xffff, 0xdedb, 
	0x6b6d, 0x4a28, 0x630c, 0xf7be, 0xffff, 0xffff, 0xffff, 0xffff, 0xffff, 0xffff, 0xffff, 0xffff, 0xffff, 0xffff, 0xd6ba, 0x4a49, 
	0x7bef, 0xffdf, 0xffff, 0xffff, 0xffff, 0xa534, 0x39c7, 0xa534, 0xffff, 0xffff, 0xffff, 0xffff, 0xffff, 0xffff, 0xffff, 0xffff, 
	0xffff, 0xffff, 0xffff, 0xffff, 0xffff, 0xffff, 0xffff, 0xffff, 0xffff, 0xffff, 0xffff, 0xffff, 0xffff, 0xffff, 0xffff, 0xffff, 
	0xffff, 0xffff, 0xffff, 0xffff, 0xffff, 0xffff, 0xffff, 0xffff, 0xffff, 0xffff, 0xffff, 0xffff, 0xffff, 0xffff, 0xffff, 0xffff, 
	0xffff, 0xffff, 0xffff, 0xffff, 0xffff, 0xffff, 0xffff, 0xffff, 0xffff, 0xffff, 0xffff, 0xffff, 0xffff, 0xffff, 0xffff, 0xffff, 
	0xffff, 0xffff, 0xffff, 0xffff, 0xffff, 0xffff, 0xffff, 0xffff, 0xffff, 0xffff, 0xffff, 0xffff, 0xffff, 0xffff, 0xffff, 0xffff, 
	0xffff, 0xffff, 0xffff, 0xffff, 0xffff, 0xffff, 0xffff, 0xffff, 0x94b2, 0x39e7, 0xb5b6, 0xffff, 0xffff, 0xffdf, 0xffdf, 0xffff, 
	0xf79e, 0x6b6d, 0x52aa, 0xe73c, 0xffff, 0xffff, 0xffff, 0xffff, 0xffff, 0xffff, 0xffff, 0xffff, 0xef5d, 0x7bcf, 0x528a, 0x4a49, 
	0xa4f4, 0xffff, 0xffdf, 0xffff, 0xffff, 0xffff, 0xef7d, 0x8c51, 0x4207, 0x7bcf, 0xd6ba, 0xbdf7, 0xad55, 0xdebb, 0xffff, 0xffff, 
	0x9cd3, 0x94b2, 0xb596, 0xe71c, 0xffff, 0xc618, 0xe71c, 0xffff, 0xffff, 0xffff, 0xffff, 0xffff, 0xffff, 0xf7be, 0xe73c, 0xdedb, 
	0xffdf, 0xf7be, 0xffdf, 0xffff, 0xffff, 0xf7be, 0xf7be, 0xce59, 0xdefb, 0xffdf, 0xffdf, 0xffff, 0xffff, 0xf7be, 0xffff, 0xffdf, 
	0x31a6, 0x0000, 0x0020, 0x0020, 0x0020, 0x0000, 0x0000, 0x0000, 0x39e7, 0xf7be, 0x4208, 0x0000, 0x10a2, 0xe71c, 0x3186, 0x0000, 
	0x18e3, 0xef7d, 0xffff, 0xffff, 0xffff, 0xffff, 0xffff, 0xffff, 0xd6ba, 0xce79, 0xffff, 0xffff, 0xf7be, 0xffdf, 0xffff, 0xffff, 
	0xffff, 0xc618, 0xe73c, 0xffff, 0xffff, 0xffff, 0xffff, 0xffff, 0xffff, 0xffff, 0xdedb, 0xc638, 0xffff, 0xffff, 0xffff, 0xffdf, 
	0xffdf, 0xffff, 0xffff, 0xdeba, 0x94b2, 0xb5b6, 0xd69a, 0x738e, 0x4208, 0x94b2, 0xf79e, 0xffff, 0xffff, 0xffdf, 0xffdf, 0xffff, 
	0x9cd3, 0x4a28, 0x526a, 0x8c51, 0xf79e, 0xffff, 0xffff, 0xffff, 0xffff, 0xffff, 0xffff, 0xffff, 0xffff, 0xe73c, 0x528a, 0x738e, 
	0xf79e, 0xffff, 0xffdf, 0xffff, 0xffff, 0xffff, 0xad55, 0x39e7, 0xad55, 0xffff, 0xffff, 0xffff, 0xffff, 0xffff, 0xffff, 0xffff, 
	0xffff, 0xffff, 0xffff, 0xffff, 0xffff, 0xffff, 0xffff, 0xffff, 0xffff, 0xffff, 0xffff, 0xffff, 0xffff, 0xffff, 0xffff, 0xffff, 
	0xffff, 0xffff, 0xffff, 0xffff, 0xffff, 0xffff, 0xffff, 0xffff, 0xffff, 0xffff, 0xffff, 0xffff, 0xffff, 0xffff, 0xffff, 0xffff, 
	0xffff, 0xffff, 0xffff, 0xffff, 0xffff, 0xffff, 0xffff, 0xffff, 0xffff, 0xffff, 0xffff, 0xffff, 0xffff, 0xffff, 0xffff, 0xffff, 
	0xffff, 0xffff, 0xffff, 0xffff, 0xffff, 0xffff, 0xffff, 0xffff, 0xffff, 0xffff, 0xffff, 0xffff, 0xffff, 0xffff, 0xffff, 0xffff, 
	0xffff, 0xffff, 0xffff, 0xffff, 0xffff, 0xffff, 0xffff, 0x9cf3, 0x39e7, 0xb5b6, 0xffff, 0xffff, 0xffff, 0xffff, 0xffff, 0xffff, 
	0xffff, 0xef7d, 0x5aeb, 0x630c, 0xef7d, 0xffff, 0xffff, 0xffff, 0xffff, 0xffff, 0xffff, 0xd6ba, 0x5acb, 0x528a, 0xce79, 0xdefb, 
	0xe71c, 0xffff, 0xffdf, 0xffff, 0xffff, 0xbdf7, 0x528a, 0x52aa, 0xbdf7, 0xd6ba, 0xad75, 0xad55, 0xd679, 0xffff, 0xffff, 0xffdf, 
	0x18c3, 0x0000, 0x0000, 0xad55, 0xffff, 0xe73c, 0xc618, 0xffff, 0xffff, 0xffff, 0xffff, 0xffff, 0xffff, 0xffdf, 0xef5d, 0xb5b6, 
	0xf7be, 0xf7be, 0xffff, 0xffff, 0xf7be, 0xffdf, 0xffff, 0xdedb, 0xce59, 0xffff, 0xffff, 0xffff, 0xffdf, 0xf7be, 0xffff, 0xa514, 
	0x0000, 0x0000, 0x0000, 0x0841, 0x0841, 0x0000, 0x0000, 0x0861, 0xad55, 0xffff, 0x39c7, 0x0000, 0x10a2, 0xe71c, 0x3186, 0x0000, 
	0x2124, 0xf79e, 0xffff, 0xffdf, 0xffdf, 0xffdf, 0xffdf, 0xffff, 0xc638, 0xdefb, 0xffff, 0xffff, 0xf7be, 0xffdf, 0xffff, 0xffff, 
	0xf79e, 0xbdd7, 0xf7be, 0xffff, 0xffff, 0xffff, 0xffff, 0xffff, 0xffff, 0xffff, 0xbdf7, 0xef7d, 0xffff, 0xffff, 0xffff, 0xffff, 
	0xffff, 0xffff, 0xffff, 0xf7be, 0xbdf7, 0xc618, 0xad75, 0xdedb, 0xb596, 0x4a69, 0x5acb, 0xc638, 0xffff, 0xffff, 0xffdf, 0xffff, 
	0xbdf7, 0xc618, 0xc618, 0x4a69, 0x630c, 0xdefb, 0xffff, 0xffff, 0xffff, 0xffff, 0xffff, 0xffff, 0xef7d, 0x630c, 0x630c, 0xef7d, 
	0xffff, 0xffff, 0xffff, 0xffff, 0xffff, 0xffff, 0xffff, 0xa534, 0x39e7, 0xad75, 0xffff, 0xffff, 0xffff, 0xffff, 0xffff, 0xffff, 
	0xffff, 0xffff, 0xffff, 0xffff, 0xffff, 0xffff, 0xffff, 0xffff, 0xffff, 0xffff, 0xffff, 0xffff, 0xffff, 0xffff, 0xffff, 0xffff, 
	0xffff, 0xffff, 0xffff, 0xffff, 0xffff, 0xffff, 0xffff, 0xffff, 0xffff, 0xffff, 0xffff, 0xffff, 0xffff, 0xffff, 0xffff, 0xffff, 
	0xffff, 0xffff, 0xffff, 0xffff, 0xffff, 0xffff, 0xffff, 0xffff, 0xffff, 0xffff, 0xffff, 0xffff, 0xffff, 0xffff, 0xffff, 0xffff, 
	0xffff, 0xffff, 0xffff, 0xffff, 0xffff, 0xffff, 0xffff, 0xffff, 0xffff, 0xffff, 0xffff, 0xffff, 0xffff, 0xffff, 0xffff, 0xffff, 
	0xffff, 0xffff, 0xffff, 0xffff, 0xe73c, 0xef5d, 0xad75, 0x39e7, 0xb596, 0xffff, 0xffff, 0xffff, 0xffff, 0xffff, 0xffff, 0xffff, 
	0xffff, 0xffff, 0xe73c, 0x528a, 0x6b6d, 0xf7be, 0xffff, 0xffff, 0xffff, 0xffff, 0xb5b6, 0x4208, 0x738e, 0xe73c, 0xffff, 0xffff, 
	0xffff, 0xffdf, 0xffff, 0xef7d, 0x8410, 0x41e8, 0x8c51, 0xdedb, 0xbdd7, 0xb5b6, 0xef7d, 0xffff, 0xad75, 0x632c, 0xb596, 0xbdf7, 
	0x0020, 0x0000, 0x0000, 0x9cf3, 0xffff, 0xffff, 0xbdf7, 0xef5d, 0xffff, 0xffff, 0xffff, 0xffff, 0xffff, 0xf7be, 0xf7be, 0xc638, 
	0xe73c, 0xffdf, 0xffff, 0xffff, 0xffdf, 0xf7be, 0xffff, 0xef7d, 0xc618, 0xffff, 0xf7be, 0xf7be, 0xf7be, 0xffdf, 0xffdf, 0xc618, 
	0x9492, 0xad75, 0x7bcf, 0x10a2, 0x0000, 0x6b4d, 0x73ae, 0x7bef, 0xdedb, 0xffdf, 0x630c, 0x10a2, 0x10a2, 0xe71c, 0x3186, 0x0000, 
	0x2104, 0xef5d, 0xf7be, 0xf7be, 0xf7be, 0xf7be, 0xf7be, 0xf79e, 0xbdf7, 0xef7d, 0xffdf, 0xffff, 0xf7be, 0xffdf, 0xffff, 0xffdf, 
	0xdedb, 0xce79, 0xffdf, 0xf7be, 0xffff, 0xffff, 0xffff, 0xffff, 0xffff, 0xe71c, 0xc618, 0xffff, 0xffff, 0xffff, 0xffff, 0xffff, 
	0xffdf, 0xdefb, 0x8c51, 0x2965, 0xbdd7, 0xffff, 0xef5d, 0xb596, 0xbdd7, 0xdefb, 0x8410, 0x41e7, 0x8c71, 0xf79e, 0xffff, 0xffdf, 
	0xffff, 0xffff, 0xffff, 0xdefb, 0x632c, 0x4a49, 0xc618, 0xffff, 0xffff, 0xffff, 0xffff, 0xf7be, 0x6b6d, 0x52aa, 0xe73c, 0xffff, 
	0xffff, 0xffff, 0xffff, 0xffff, 0xffff, 0xffff, 0xffff, 0xffff, 0xa4f4, 0x39e7, 0xb5b6, 0xf7be, 0xf7be, 0xffff, 0xffff, 0xffff, 
	0xffff, 0xffff, 0xffff, 0xffff, 0xffff, 0xffff, 0xffff, 0xffff, 0xffff, 0xffff, 0xffff, 0xffff, 0xffff, 0xffff, 0xffff, 0xffff, 
	0xffff, 0xffff, 0xffff, 0xffff, 0xffff, 0xffff, 0xffff, 0xffff, 0xffff, 0xffff, 0xffff, 0xffff, 0xffff, 0xffff, 0xffff, 0xffff, 
	0xffff, 0xffff, 0xffff, 0xffff, 0xffff, 0xffff, 0xffff, 0xffff, 0xffff, 0xffff, 0xffff, 0xffff, 0xffff, 0xffff, 0xffff, 0xffff, 
	0xffff, 0xffff, 0xffff, 0xffff, 0xffff, 0xffff, 0xffff, 0xffff, 0xffff, 0xffff, 0xffff, 0xffff, 0xffff, 0xffff, 0xffff, 0xffff, 
	0xffff, 0xffff, 0xffff, 0xffff, 0x9cd3, 0x52aa, 0x528a, 0xad55, 0xffff, 0xffff, 0xffff, 0xffff, 0xffff, 0xffff, 0xffff, 0xffff, 
	0xffff, 0xffff, 0xffff, 0xd6ba, 0x4a49, 0x7bef, 0xffdf, 0xffff, 0xffff, 0x9cd3, 0x39e7, 0x9471, 0xffdf, 0xffff, 0xffff, 0xffff, 
	0xffff, 0xffff, 0xce59, 0x52aa, 0x52aa, 0xc618, 0xd69a, 0xad55, 0xdedb, 0xffff, 0xffff, 0xffff, 0xa534, 0x0000, 0x0000, 0x4a69, 
	0x528a, 0x0020, 0x0000, 0x2945, 0xf79e, 0xffff, 0xdefb, 0xc638, 0xffff, 0xffff, 0xffff, 0xffff, 0xffff, 0xf7be, 0xffff, 0xe73c, 
	0xce79, 0xffdf, 0xf7be, 0xffff, 0xffff, 0xffdf, 0xf7be, 0xef7d, 0xbdd7, 0xffdf, 0xf7be, 0xffff, 0xffff, 0xffff, 0xffff, 0xffff, 
	0xdefb, 0xffff, 0xc618, 0x2104, 0x0000, 0x9cd3, 0x9cf3, 0x73ae, 0xd6ba, 0xffff, 0x7bef, 0x4a49, 0x4a49, 0xdefb, 0x3186, 0x0000, 
	0x2965, 0xf79e, 0xffff, 0xffff, 0xffff, 0xffff, 0xffff, 0xef7d, 0xbdf7, 0xf7be, 0xffdf, 0xffff, 0xf7be, 0xffdf, 0xf79e, 0xffdf, 
	0xd6ba, 0xef7d, 0xf7be, 0xf7be, 0xffff, 0xffff, 0xffff, 0xffff, 0xffff, 0xc618, 0xe73c, 0xffff, 0xffff, 0xffff, 0xffff, 0xffff, 
	0xffdf, 0x4228, 0x0000, 0x0000, 0x52aa, 0xffff, 0xffff, 0xffff, 0xd69a, 0xa534, 0xd6ba, 0xbdd7, 0x4a49, 0x62eb, 0xd69a, 0xffff, 
	0xffff, 0xffff, 0xffff, 0xffff, 0xf7be, 0x8410, 0x41e7, 0xad55, 0xffff, 0xffff, 0xffdf, 0x7bef, 0x4a49, 0xd6ba, 0xffff, 0xffff, 
	0xffff, 0xffff, 0xffff, 0xffff, 0xffff, 0xffff, 0xffff, 0xffff, 0xffff, 0x9cd3, 0x528a, 0x5aeb, 0xb5b6, 0xffff, 0xffff, 0xffff, 
	0xffff, 0xffdf, 0xffdf, 0xffff, 0xffff, 0xffff, 0xffff, 0xffff, 0xffff, 0xffff, 0xffff, 0xffff, 0xffff, 0xffff, 0xffff, 0xffff, 
	0xffff, 0xffff, 0xffff, 0xffff, 0xffff, 0xffff, 0xffff, 0xffff, 0xffff, 0xffff, 0xffff, 0xffff, 0xffff, 0xffff, 0xffff, 0xffff, 
	0xffff, 0xffff, 0xffff, 0xffff, 0xffff, 0xffff, 0xffff, 0xffff, 0xffff, 0xffff, 0xffff, 0xffff, 0xffff, 0xffff, 0xffff, 0xffff, 
	0xffff, 0xffff, 0xffff, 0xffff, 0xffff, 0xffff, 0xffff, 0xffff, 0xffff, 0xffff, 0xffff, 0xffff, 0xffff, 0xffff, 0xffff, 0xffff, 
	0xffff, 0xffff, 0xffff, 0xffff, 0xb5b6, 0x4208, 0x4a69, 0xce79, 0xffff, 0xffff, 0xffff, 0xffff, 0xffff, 0xffff, 0xffff, 0xffff, 
	0xffff, 0xffff, 0xffff, 0xffff, 0xce59, 0x4208, 0x9492, 0xf79e, 0x8410, 0x41e7, 0xad55, 0xffff, 0xffff, 0xffff, 0xffff, 0xffff, 
	0xffdf, 0x9cf3, 0x4208, 0x8410, 0xdefb, 0xb5b6, 0xbdd7, 0xffdf, 0xffff, 0x9cd3, 0xa514, 0xc618, 0x52aa, 0x0000, 0x0000, 0xb596, 
	0xffff, 0x4228, 0x0000, 0x0000, 0x8c51, 0xffff, 0xffdf, 0xbdd7, 0xf79e, 0xffff, 0xffff, 0xffff, 0xffff, 0xf7be, 0xffff, 0xffdf, 
	0xbdf7, 0xffdf, 0xf7be, 0xffdf, 0xffff, 0xffff, 0xffff, 0xffff, 0xc638, 0xe73c, 0xffdf, 0xf7be, 0xf7be, 0xffdf, 0xffff, 0xffff, 
	0xc638, 0xf7be, 0xa514, 0x1082, 0x0861, 0xad75, 0xc618, 0x73ae, 0xc618, 0xffdf, 0x738e, 0x4a49, 0x630c, 0xe71c, 0x2945, 0x0000, 
	0x5aeb, 0xffdf, 0xffff, 0xf7be, 0xf7be, 0xffdf, 0xffff, 0xe73c, 0xce59, 0xffdf, 0xffdf, 0xffff, 0xf79e, 0xef7d, 0xffdf, 0xffdf, 
	0xce79, 0xf79e, 0xffdf, 0xffff, 0xffff, 0xffff, 0xffff, 0xffff, 0xef5d, 0xbdf7, 0xffff, 0xffff, 0xffff, 0xffff, 0xffff, 0xffff, 
	0xffff, 0x4a49, 0x0000, 0x0000, 0x0020, 0xd69a, 0xffff, 0xffff, 0xffff, 0xf7be, 0xb596, 0xbdd7, 0xdedb, 0x73ae, 0x4208, 0xad55, 
	0xffff, 0xffff, 0xffff, 0xffff, 0xffff, 0xffff, 0xa4f3, 0x39e7, 0x9492, 0xf79e, 0x9492, 0x4208, 0xce59, 0xffff, 0xffff, 0xffff, 
	0xffff, 0xffff, 0xffff, 0xffff, 0xffff, 0xffff, 0xffdf, 0xffff, 0xffff, 0xce79, 0x4a49, 0x4208, 0xc618, 0xffff, 0xffff, 0xffff, 
	0xffff, 0xffff, 0xffdf, 0xffdf, 0xffff, 0xffff, 0xffff, 0xffff, 0xffff, 0xffff, 0xffff, 0xffff, 0xffff, 0xffff, 0xffff, 0xffff, 
	0xffff, 0xffff, 0xffff, 0xffff, 0xffff, 0xffff, 0xffff, 0xffff, 0xffff, 0xffff, 0xffff, 0xffff, 0xffff, 0xffff, 0xffff, 0xffff, 
	0xffff, 0xffff, 0xffff, 0xffff, 0xffff, 0xffff, 0xffff, 0xffff, 0xffff, 0xffff, 0xffff, 0xffff, 0xffff, 0xffff, 0xffff, 0xffff, 
	0xffff, 0xffff, 0xffff, 0xffff, 0xffff, 0xffff, 0xffff, 0xffff, 0xffff, 0xffff, 0xffff, 0xffff, 0xffff, 0xffff, 0xffff, 0xffff, 
	0xffff, 0xffff, 0xffff, 0xd6ba, 0x4a69, 0x8c51, 0x8430, 0x4228, 0xbdf7, 0xffff, 0xffff, 0xffff, 0xffff, 0xffff, 0xffff, 0xffff, 
	0xffff, 0xffff, 0xffff, 0xffff, 0xffff, 0xc618, 0x528a, 0x630c, 0x528a, 0xc618, 0xffff, 0xffff, 0xffff, 0xffff, 0xffff, 0xe73c, 
	0x73ae, 0x4208, 0xb596, 0xce59, 0xa514, 0xdedb, 0xffff, 0xffff, 0xd6ba, 0x0000, 0x0000, 0x0000, 0x2945, 0xa534, 0x4a69, 0xe71c, 
	0xffff, 0xbdf7, 0x0020, 0x0000, 0x10a2, 0xe73c, 0xffff, 0xd69a, 0xce79, 0xffff, 0xffff, 0xffff, 0xffff, 0xf7be, 0xffff, 0xffff, 
	0xbdf7, 0xe73c, 0xffff, 0xf7be, 0xf79e, 0xf7be, 0xffff, 0xffff, 0xdefb, 0xe71c, 0xffdf, 0xffff, 0xffdf, 0xf7be, 0xffff, 0xffff, 
	0xbdd7, 0xf79e, 0x8c71, 0x0000, 0x3186, 0xad55, 0xffff, 0xef7d, 0xbdf7, 0xffdf, 0x4208, 0x3186, 0x5aeb, 0xef5d, 0x3186, 0x18e3, 
	0x6b4d, 0xf7be, 0xf7be, 0xf7be, 0xffff, 0xf7be, 0xffdf, 0xc638, 0xdedb, 0xffff, 0xffdf, 0xffff, 0xffdf, 0xffdf, 0xffff, 0xe73c, 
	0xce59, 0xffff, 0xffff, 0xffff, 0xffff, 0xffff, 0xffff, 0xffff, 0xce59, 0xdedb, 0xffff, 0xffff, 0xffff, 0xffff, 0xffff, 0xffff, 
	0xbdd7, 0x0020, 0x0000, 0x18c3, 0xbdf7, 0xf79e, 0xffff, 0xffff, 0xffff, 0xffff, 0xffff, 0xd69a, 0x9472, 0xdeba, 0xa534, 0x41e7, 
	0x7c10, 0xf79e, 0xffff, 0xffff, 0xffff, 0xffff, 0xffff, 0xbdb6, 0x5269, 0x6b2d, 0x528a, 0xbdf7, 0xffff, 0xffff, 0xffff, 0xffff, 
	0xffff, 0xffff, 0xffff, 0xffff, 0xffff, 0xffff, 0xffff, 0xffff, 0xc5f7, 0x4228, 0x8410, 0x7bef, 0x52aa, 0xe71c, 0xffff, 0xffff, 
	0xffff, 0xffff, 0xffdf, 0xffdf, 0xffff, 0xffff, 0xffff, 0xffff, 0xffff, 0xffff, 0xffff, 0xffff, 0xffff, 0xffff, 0xffff, 0xffff, 
	0xffff, 0xffff, 0xffff, 0xffff, 0xffff, 0xffff, 0xffff, 0xffff, 0xffff, 0xffff, 0xffff, 0xffff, 0xffff, 0xffff, 0xffff, 0xffff, 
	0xffff, 0xffff, 0xffff, 0xffff, 0xffff, 0xffff, 0xffff, 0xffff, 0xffff, 0xffff, 0xffff, 0xffff, 0xffff, 0xffff, 0xffff, 0xffff, 
	0xffff, 0xffff, 0xffff, 0xffff, 0xffff, 0xffff, 0xffff, 0xffff, 0xffff, 0xffff, 0xffff, 0xffff, 0xffff, 0xffff, 0xffff, 0xffff, 
	0xffff, 0xffff, 0xe73c, 0x52aa, 0x738e, 0xffdf, 0xffff, 0x8c71, 0x39e7, 0xb596, 0xffff, 0xffff, 0xffff, 0xffff, 0xffff, 0xffff, 
	0xffff, 0xffff, 0xffff, 0xffff, 0xffff, 0xef5d, 0x62ec, 0x39c7, 0x9cd3, 0xffff, 0xffff, 0xffdf, 0xffff, 0xffff, 0xd69a, 0x52aa, 
	0x5acb, 0xd69a, 0xc638, 0xa4f3, 0xbdd7, 0xffff, 0xffdf, 0xffff, 0x8410, 0x0000, 0x0020, 0x0000, 0x2965, 0xffff, 0xdefb, 0xd69a, 
	0xffff, 0xffff, 0x5aeb, 0x0000, 0x0000, 0x738e, 0xffff, 0xf7be, 0xbdd7, 0xffdf, 0xffff, 0xffff, 0xffff, 0xf7be, 0xffff, 0xffff, 
	0xce79, 0xce79, 0xffff, 0xffff, 0xffff, 0xffdf, 0xf79e, 0xffdf, 0xef5d, 0xdefb, 0xffdf, 0xffdf, 0xffff, 0xf7be, 0xffff, 0xffff, 
	0xc618, 0xf79e, 0x9492, 0x0000, 0x4208, 0x9cf3, 0xffff, 0xef7d, 0xc618, 0xffff, 0x39c7, 0x0861, 0x5acb, 0xef7d, 0x4a49, 0x2965, 
	0x6b4d, 0xef7d, 0xf7be, 0xffff, 0xffff, 0xffff, 0xffff, 0xc618, 0xef5d, 0xffdf, 0xffdf, 0xffff, 0xffff, 0xffff, 0xffff, 0xbdf7, 
	0xe71c, 0xffff, 0xffff, 0xffff, 0xffff, 0xffff, 0xffff, 0xf79e, 0xbdd7, 0xffdf, 0xffff, 0xffff, 0xffff, 0xffff, 0xffff, 0xffdf, 
	0x39e7, 0x0000, 0x0000, 0x94b2, 0xffff, 0xffff, 0xffff, 0xffff, 0xffff, 0xffff, 0xffff, 0xdefb, 0xbdf7, 0xad75, 0xce59, 0xce59, 
	0x528a, 0x5aeb, 0xdefb, 0xffff, 0xffff, 0xffdf, 0xffff, 0xffff, 0x9492, 0x39c7, 0x6b2c, 0xf7be, 0xffff, 0xffff, 0xffff, 0xffff, 
	0xffff, 0xffff, 0xffff, 0xffff, 0xffff, 0xffff, 0xffff, 0xb596, 0x41e8, 0x8c51, 0xffdf, 0xf79e, 0x630c, 0x630c, 0xf79e, 0xffff, 
	0xffff, 0xffff, 0xffdf, 0xffdf, 0xffff, 0xffff, 0xffff, 0xffff, 0xffff, 0xffff, 0xffff, 0xffff, 0xffff, 0xffff, 0xffff, 0xffff, 
	0xffff, 0xffff, 0xffff, 0xffff, 0xffff, 0xffff, 0xffff, 0xffff, 0xffff, 0xffff, 0xffff, 0xffff, 0xffff, 0xffff, 0xffff, 0xffff, 
	0xffff, 0xffff, 0xffff, 0xffff, 0xffff, 0xffff, 0xffff, 0xffff, 0xffff, 0xffff, 0xffff, 0xffff, 0xffff, 0xffff, 0xffff, 0xffff, 
	0xffff, 0xffff, 0xffff, 0xffff, 0xffff, 0xffff, 0xffff, 0xffff, 0xffff, 0xffff, 0xffff, 0xffff, 0xffff, 0xffff, 0xffff, 0xffff, 
	0xffff, 0xf7be, 0x6b4d, 0x5acb, 0xef7d, 0xffff, 0xffff, 0xffff, 0x9cf3, 0x39e7, 0x9cf3, 0xffff, 0xffff, 0xffdf, 0xffff, 0xffff, 
	0xffff, 0xffff, 0xffff, 0xffff, 0xdefb, 0x5acb, 0x632c, 0x94b2, 0xa534, 0xffff, 0xffff, 0xffff, 0xffff, 0xb5b6, 0x4208, 0x7bcf, 
	0xe6fc, 0xad75, 0xc638, 0xffff, 0xce79, 0xce59, 0xffff, 0xf7be, 0x52aa, 0x39c7, 0x1082, 0x0020, 0x0000, 0xa514, 0xffff, 0xb5b6, 
	0xf79e, 0xffff, 0xd6ba, 0x0861, 0x0000, 0x0841, 0xd69a, 0xffff, 0xce59, 0xd6ba, 0xffff, 0xffff, 0xffff, 0xf7be, 0xffff, 0xffff, 
	0xef5d, 0xbdf7, 0xffff, 0xffff, 0xffff, 0xffff, 0xffff, 0xffdf, 0xef7d, 0xd69a, 0xffdf, 0xffdf, 0xffff, 0xf7be, 0xffff, 0xffff, 
	0xce59, 0xe73c, 0x9492, 0x0000, 0x4a69, 0x5acb, 0xbdf7, 0xffdf, 0xc618, 0xffff, 0x39e7, 0x0020, 0x5acb, 0xf79e, 0x528a, 0x3186, 
	0x6b4d, 0xef7d, 0xf7be, 0xffff, 0xffff, 0xffff, 0xffdf, 0xbdf7, 0xffdf, 0xf7be, 0xffdf, 0xffff, 0xffff, 0xffff, 0xffdf, 0xc618, 
	0xf79e, 0xffff, 0xffff, 0xffff, 0xffff, 0xffff, 0xffff, 0xd69a, 0xce79, 0xffff, 0xffff, 0xffff, 0xffff, 0xffff, 0xffff, 0xa534, 
	0x0000, 0x0000, 0x2965, 0xf7be, 0xffff, 0xffff, 0xffff, 0xffff, 0xffff, 0xffff, 0xef7d, 0xb5b6, 0xf7df, 0xffff, 0xbdf7, 0xb5b6, 
	0xe6fb, 0x6b4d, 0x4a49, 0xc618, 0xffff, 0xffff, 0xffff, 0xffff, 0x9492, 0x9492, 0x5aeb, 0x6b2c, 0xef5d, 0xffff, 0xffff, 0xffff, 
	0xffff, 0xffff, 0xffff, 0xffdf, 0xffff, 0xffff, 0xa514, 0x39e7, 0x9cd3, 0xffff, 0xffff, 0xffff, 0xe71c, 0x528a, 0x7bcf, 0xffdf, 
	0xffff, 0xffff, 0xffdf, 0xffdf, 0xffff, 0xffdf, 0xffff, 0xffff, 0xffff, 0xffff, 0xffff, 0xffff, 0xffff, 0xffff, 0xffff, 0xffff, 
	0xffff, 0xffff, 0xffff, 0xffff, 0xffff, 0xffff, 0xffff, 0xffff, 0xffff, 0xffff, 0xffff, 0xffff, 0xffff, 0xffff, 0xffff, 0xffff, 
	0xffff, 0xffff, 0xffff, 0xffff, 0xffff, 0xffff, 0xffff, 0xffff, 0xffff, 0xffff, 0xffff, 0xffff, 0xffff, 0xffff, 0xffff, 0xffff, 
	0xffff, 0xffff, 0xffff, 0xffff, 0xffff, 0xffff, 0xffff, 0xffff, 0xffff, 0xffff, 0xffff, 0xffdf, 0xffff, 0xffff, 0xffff, 0xffff, 
	0xffff, 0x8430, 0x4a49, 0xdedb, 0xffff, 0xffdf, 0xffff, 0xffff, 0xffff, 0xad75, 0x39e7, 0x8c71, 0xffff, 0xffff, 0xffff, 0xffff, 
	0xffff, 0xffdf, 0xffff, 0xdefb, 0x52aa, 0x630c, 0xef5d, 0xffff, 0xffff, 0xffff, 0xffff, 0xffff, 0x9cf3, 0x39c7, 0x9cd3, 0xe6fc, 
	0xa534, 0xdefb, 0xffff, 0xffff, 0xffff, 0xbdd7, 0xe71c, 0xf7be, 0xef5d, 0xffff, 0xad55, 0x0000, 0x0000, 0x2104, 0xf79e, 0xdefb, 
	0xc638, 0xffff, 0xffff, 0x73ae, 0x0000, 0x0000, 0x528a, 0xffff, 0xef7d, 0xbdf7, 0xffff, 0xffff, 0xffff, 0xf7be, 0xffff, 0xffff, 
	0xffdf, 0xc618, 0xe71c, 0xffdf, 0xffff, 0xffff, 0xffff, 0xffdf, 0xf7be, 0xd69a, 0xf7be, 0xffdf, 0xffff, 0xf7be, 0xffff, 0xffff, 
	0xd69a, 0xe73c, 0x9cd3, 0x0000, 0x4228, 0x4a69, 0x4228, 0x9cf3, 0xc638, 0xf79e, 0x3186, 0x18e3, 0x5acb, 0xce79, 0x39e7, 0x2965, 
	0x630c, 0xdefb, 0xf7be, 0xffff, 0xffff, 0xffff, 0xe73c, 0xbdf7, 0xffff, 0xf7be, 0xffdf, 0xffff, 0xf79e, 0xf7be, 0xef5d, 0xd6ba, 
	0xffdf, 0xf7be, 0xffff, 0xffff, 0xffff, 0xffff, 0xffdf, 0xbdd7, 0xf79e, 0xffff, 0xffff, 0xffff, 0xffff, 0xffff, 0xf7be, 0x2965, 
	0x0000, 0x0000, 0xad55, 0xffff, 0xffff, 0xffff, 0xffff, 0xffff, 0xffff, 0xffdf, 0xbdd7, 0xe71c, 0xffff, 0xffdf, 0xffff, 0xd6ba, 
	0xad34, 0xe6fc, 0x8c51, 0x39e7, 0xad55, 0xffff, 0xffff, 0xffdf, 0xffdf, 0xffff, 0xe71c, 0x5acb, 0x62eb, 0xe73c, 0xffff, 0xffff, 
	0xffff, 0xffff, 0xffff, 0xffff, 0xffff, 0x9492, 0x39e7, 0xad55, 0xffff, 0xffff, 0xffdf, 0xffdf, 0xffff, 0xce79, 0x4208, 0x94b2, 
	0xffff, 0xffff, 0xffdf, 0xffdf, 0xffff, 0xffdf, 0xffdf, 0xffff, 0xffff, 0xffff, 0xffff, 0xffff, 0xffff, 0xffff, 0xffff, 0xffff, 
	0xffff, 0xffff, 0xffff, 0xffff, 0xffff, 0xffff, 0xffff, 0xffff, 0xffff, 0xffff, 0xffff, 0xffff, 0xffff, 0xffff, 0xffff, 0xffff, 
	0xffff, 0xffff, 0xffff, 0xffff, 0xffff, 0xffff, 0xffff, 0xffff, 0xffff, 0xffff, 0xffff, 0xffff, 0xffff, 0xffff, 0xffff, 0xffff, 
	0xffff, 0xffff, 0xffff, 0xffff, 0xffff, 0xffff, 0xffff, 0xffff, 0xffff, 0xffff, 0xffff, 0xffdf, 0xf79e, 0xffff, 0xffff, 0xffff, 
	0xad55, 0x39e7, 0xc618, 0xffff, 0xffff, 0xffff, 0xffff, 0xffff, 0xffff, 0xffff, 0xbdd7, 0x4208, 0x7bef, 0xf7be, 0xffff, 0xffff, 
	0xffff, 0xffff, 0xe6fc, 0x528a, 0x6b2c, 0xef7d, 0xffff, 0xffff, 0xffff, 0xffff, 0xffdf, 0x8c30, 0x4208, 0xb5b6, 0xd6ba, 0xa534, 
	0xf77d, 0xffff, 0xffff, 0xffff, 0xffff, 0xf79e, 0xb5b6, 0xf7be, 0xffff, 0xffff, 0xffff, 0x4228, 0x0000, 0x0000, 0x7bef, 0xffff, 
	0xc618, 0x738e, 0x8430, 0xf79e, 0x18e3, 0x0000, 0x0000, 0xbdf7, 0xffff, 0xc618, 0xe71c, 0xffff, 0xffff, 0xf7be, 0xffff, 0xffff, 
	0xffdf, 0xd69a, 0xdedb, 0xffff, 0xf79e, 0xf7be, 0xf7be, 0xf79e, 0xffff, 0xd6ba, 0xe73c, 0xffdf, 0xffff, 0xf7be, 0xffff, 0xffdf, 
	0xdefb, 0xad55, 0x4208, 0x0000, 0x2945, 0x52aa, 0x4a69, 0x39c7, 0x31a6, 0x52aa, 0x2104, 0x4a69, 0x528a, 0x4a49, 0x0000, 0x18e3, 
	0x4a49, 0x9cd3, 0xffdf, 0xf79e, 0xf7be, 0xf7be, 0xdefb, 0xd6ba, 0xffdf, 0xf7be, 0xffdf, 0xffff, 0xf79e, 0xf7be, 0xce79, 0xef5d, 
	0xffff, 0xf7be, 0xf7be, 0xffff, 0xffff, 0xffff, 0xd6ba, 0xce59, 0xffff, 0xffff, 0xffff, 0xffff, 0xffff, 0xffff, 0x8c71, 0x0000, 
	0x0000, 0x4208, 0xffff, 0xffff, 0xffff, 0xffff, 0xffff, 0xffff, 0xffff, 0xce59, 0xce79, 0xffff, 0xffff, 0xffff, 0xffff, 0xffff, 
	0xef5d, 0xa514, 0xdeba, 0xad34, 0x41e7, 0x94b2, 0xffff, 0xffff, 0xffff, 0xffff, 0xffff, 0xe71c, 0x5acb, 0x5acb, 0xef3c, 0xffff, 
	0xffff, 0xffff, 0xffff, 0xf7be, 0x8410, 0x4208, 0xbdd7, 0xffff, 0xffff, 0xffff, 0xffff, 0xffff, 0xffff, 0xffff, 0xb596, 0x39e7, 
	0xbdd7, 0xffff, 0xffdf, 0xffdf, 0xffff, 0xffdf, 0xf79e, 0xffdf, 0xffff, 0xffff, 0xffff, 0xffff, 0xffff, 0xffff, 0xffff, 0xffff, 
	0xffff, 0xffff, 0xffff, 0xffff, 0xffff, 0xffff, 0xffff, 0xffff, 0xffff, 0xffff, 0xffff, 0xffff, 0xffff, 0xffff, 0xffff, 0xffff, 
	0xffff, 0xffff, 0xffff, 0xffff, 0xffff, 0xffff, 0xffff, 0xffff, 0xffff, 0xffff, 0xffff, 0xffff, 0xffff, 0xffff, 0xffff, 0xffff, 
	0xffff, 0xffff, 0xffff, 0xffff, 0xffff, 0xffff, 0xffff, 0xffff, 0xffff, 0xf7be, 0xffff, 0xffff, 0xffdf, 0xf7be, 0xffff, 0xce79, 
	0x4208, 0x9cf3, 0xffff, 0xffff, 0xffff, 0xffff, 0xffff, 0xffff, 0xffff, 0xffff, 0xffff, 0xce59, 0x4a49, 0x6b6d, 0xef7d, 0xffff, 
	0xffff, 0xe6fb, 0x52aa, 0x632c, 0xef7d, 0xffff, 0xffff, 0xffff, 0xffff, 0xf7be, 0x73ae, 0x4a49, 0xce59, 0xce38, 0xb576, 0xffdf, 
	0xffff, 0xffff, 0xffff, 0xffff, 0xffff, 0xffff, 0xdedb, 0xbdf7, 0xffff, 0xffff, 0xffff, 0xc638, 0x0020, 0x0000, 0x10a2, 0x8c51, 
	0x3186, 0x0000, 0x8410, 0xffff, 0x9492, 0x0000, 0x0000, 0x39e7, 0xffff, 0xe73c, 0xbdf7, 0xffff, 0xffff, 0xf7be, 0xffff, 0xffff, 
	0xf7be, 0xef5d, 0xd69a, 0xffff, 0xffff, 0xffff, 0xffdf, 0xffff, 0xffff, 0xdefb, 0xd6ba, 0xffff, 0xffff, 0xf7be, 0xffff, 0xc618, 
	0x632c, 0x4a69, 0x31a6, 0x10a2, 0xad55, 0xbdf7, 0x4a69, 0x4228, 0x94b2, 0xe73c, 0x9492, 0x4228, 0x6b6d, 0xc638, 0x4208, 0x0000, 
	0x528a, 0xf79e, 0xffff, 0xffff, 0xffdf, 0xffff, 0xdedb, 0xef5d, 0xf7be, 0xf79e, 0xffdf, 0xffff, 0xf7be, 0xf79e, 0xb5b6, 0xf79e, 
	0xffff, 0xffff, 0xf7be, 0xffdf, 0xffff, 0xffff, 0xbdf7, 0xef7d, 0xffff, 0xffff, 0xffff, 0xffff, 0xffff, 0xef7d, 0x18e3, 0x0000, 
	0x0000, 0xbdf7, 0xffff, 0xffff, 0xffff, 0xffff, 0xffff, 0xffff, 0xdefb, 0xbdd7, 0xffdf, 0xffff, 0xffff, 0xffff, 0xffff, 0xffff, 
	0xffff, 0xf7be, 0xad55, 0xd67a, 0xb5b6, 0x4208, 0x8430, 0xffdf, 0xffff, 0xffff, 0xffff, 0xffff, 0xe71c, 0x5acb, 0x62ec, 0xef5d, 
	0xffff, 0xffff, 0xef7d, 0x738e, 0x4a49, 0xc638, 0xffff, 0xffff, 0xffff, 0xffff, 0xffff, 0xffff, 0xffff, 0xffff, 0xffff, 0x8c71, 
	0x4228, 0xdefb, 0xffff, 0xffdf, 0xffff, 0xffdf, 0xf79e, 0xffdf, 0xffff, 0xffff, 0xffff, 0xffff, 0xffff, 0xffff, 0xffff, 0xffff, 
	0xffff, 0xffff, 0xffff, 0xffff, 0xffff, 0xffff, 0xffff, 0xffff, 0xffff, 0xffff, 0xffff, 0xffff, 0xffff, 0xffff, 0xffff, 0xffff, 
	0xffff, 0xffff, 0xffff, 0xffff, 0xffff, 0xffff, 0xffff, 0xffff, 0xffff, 0xffff, 0xffff, 0xffff, 0xffff, 0xffff, 0xffff, 0xffff, 
	0xffff, 0xffff, 0xffff, 0xffff, 0xffff, 0xffff, 0xffff, 0xffff, 0xffff, 0xffdf, 0xf7be, 0xffdf, 0xffff, 0xf7be, 0xe71c, 0x52aa, 
	0x7bcf, 0xffdf, 0xffff, 0xffff, 0xffff, 0xffff, 0xffff, 0xffff, 0xffff, 0xffff, 0xffff, 0xffff, 0xd6ba, 0x528a, 0x630c, 0xef5d, 
	0xef5d, 0x5acb, 0x630c, 0xef5d, 0xffff, 0xffdf, 0xffff, 0xffff, 0xef7d, 0x6b6d, 0x4a69, 0xd69a, 0xa514, 0xbdb7, 0xffff, 0xffff, 
	0xffdf, 0xffff, 0xffff, 0xffff, 0xffff, 0xffff, 0xffff, 0xc638, 0xd69a, 0xffff, 0xffff, 0xffff, 0x632c, 0x0000, 0x0020, 0x0000, 
	0x0000, 0x0000, 0x8c71, 0xffff, 0xf7be, 0x2945, 0x0000, 0x0000, 0xa534, 0xffff, 0xbdf7, 0xef5d, 0xffff, 0xf7be, 0xffff, 0xffff, 
	0xf7be, 0xffdf, 0xbdf7, 0xef5d, 0xffff, 0xffff, 0xffff, 0xffff, 0xffdf, 0xdedb, 0xc638, 0xffff, 0xffff, 0xffff, 0xf79e, 0xf79e, 
	0x7bef, 0x4208, 0x5aeb, 0xc638, 0xffff, 0xffff, 0xad55, 0x94b2, 0xdefb, 0xffff, 0xffff, 0xb5b6, 0xce79, 0xffff, 0xf7be, 0x632c, 
	0xbdf7, 0xffdf, 0xffdf, 0xffff, 0xffff, 0xffff, 0xd69a, 0xef5d, 0xffdf, 0xf7be, 0xffdf, 0xffff, 0xffdf, 0xdefb, 0xc638, 0xffdf, 
	0xf7be, 0xffff, 0xffff, 0xf7be, 0xffff, 0xe71c, 0xc618, 0xffff, 0xffff, 0xffff, 0xffff, 0xffff, 0xffff, 0x7bcf, 0x0000, 0x0000, 
	0x528a, 0xffff, 0xffff, 0xffff, 0xffff, 0xffff, 0xffff, 0xf79e, 0xb5b6, 0xf79e, 0xffff, 0xffff, 0xffff, 0xffff, 0xffff, 0xffff, 
	0xffdf, 0xffff, 0xffff, 0x9cb2, 0xad75, 0xce59, 0x4228, 0x7bcf, 0xf7be, 0xffff, 0xffff, 0xffdf, 0xffff, 0xe71c, 0x5aab, 0x632c, 
	0xf79e, 0xef5d, 0x630c, 0x528a, 0xd6ba, 0xffff, 0xffff, 0xffff, 0xffff, 0xffff, 0xffff, 0xffff, 0xffff, 0xffff, 0xffff, 0xf7be, 
	0x6b4d, 0x630c, 0xf79e, 0xffff, 0xffff, 0xffdf, 0xf7be, 0xf7be, 0xffdf, 0xffff, 0xffff, 0xffff, 0xffff, 0xffff, 0xffff, 0xffff, 
	0xffff, 0xffff, 0xffff, 0xffff, 0xffff, 0xffff, 0xffff, 0xffff, 0xffff, 0xffff, 0xffff, 0xffff, 0xffff, 0xffff, 0xffff, 0xffff, 
	0xffff, 0xffff, 0xffff, 0xffff, 0xffff, 0xffff, 0xffff, 0xffff, 0xffff, 0xffff, 0xffff, 0xffff, 0xffff, 0xffff, 0xffff, 0xffff, 
	0xffff, 0xffff, 0xffff, 0xffff, 0xffff, 0xffff, 0xffff, 0xffff, 0xffff, 0xffff, 0xffff, 0xf7be, 0xef5d, 0x7bae, 0x5aeb, 0x630c, 
	0xf79e, 0xffff, 0xffdf, 0xffff, 0xffff, 0xffff, 0xffff, 0xffff, 0xffff, 0xffff, 0xffff, 0xffff, 0xffff, 0xe71c, 0x630c, 0x630c, 
	0x6b4d, 0x630c, 0xef5d, 0xffff, 0xffdf, 0xffff, 0xffff, 0xef7d, 0x6b4d, 0x528a, 0xdedb, 0xbdd7, 0xb575, 0xc638, 0xffdf, 0xffff, 
	0xffff, 0xffff, 0xffff, 0xffff, 0xffff, 0xffff, 0xffff, 0xffdf, 0xbdd7, 0xe73c, 0xffff, 0xb596, 0x4a69, 0x0000, 0x0041, 0x0020, 
	0x1904, 0x4a49, 0x52aa, 0xf79e, 0xffff, 0xad55, 0x0000, 0x0000, 0x2945, 0xf7be, 0xdefb, 0xc638, 0xffff, 0xffdf, 0xf7be, 0xf7be, 
	0xffdf, 0xffff, 0xd69a, 0xce59, 0xf7be, 0xf7be, 0xf7be, 0xf7be, 0xffdf, 0xf79e, 0xbdf7, 0xffdf, 0xffff, 0xffff, 0xffff, 0xffff, 
	0xe73c, 0x630c, 0xdedb, 0xffff, 0xffff, 0xffff, 0xffff, 0xffdf, 0xce38, 0xffdf, 0xffff, 0xffff, 0xffff, 0xffff, 0xffff, 0xd69a, 
	0xffff, 0xffff, 0xf7be, 0xf7be, 0xf7be, 0xef7d, 0xbdd7, 0xffdf, 0xffff, 0xffdf, 0xf7be, 0xf7be, 0xffdf, 0xce59, 0xdefb, 0xffff, 
	0xffdf, 0xf7be, 0xf7be, 0xf7be, 0xffdf, 0xc618, 0xe71c, 0xffff, 0xffff, 0xffff, 0xffff, 0xffff, 0xe71c, 0x1082, 0x0000, 0x0841, 
	0xce79, 0xffff, 0xffff, 0xffff, 0xffff, 0xffff, 0xffff, 0xbdf7, 0xdedb, 0xffff, 0xffff, 0xffff, 0xffff, 0xffff, 0xffff, 0xffff, 
	0xffdf, 0xffff, 0xce79, 0xce59, 0xbdf7, 0xbdd7, 0xd69a, 0x4a49, 0x738e, 0xf79e, 0xffff, 0xffff, 0xffff, 0xffff, 0xe71c, 0x5acb, 
	0x73ae, 0x632c, 0x62ec, 0xe71c, 0xffff, 0xffff, 0xffff, 0xffff, 0xffff, 0xffff, 0xffff, 0xffff, 0xffff, 0xffff, 0xffdf, 0xffff, 
	0xe73c, 0x5acb, 0x6b4d, 0x83f0, 0xef5d, 0xf7be, 0xffff, 0xffff, 0xffff, 0xffff, 0xffff, 0xffff, 0xffff, 0xffff, 0xffff, 0xffff, 
	0xffff, 0xffff, 0xffff, 0xffff, 0xffff, 0xffff, 0xffff, 0xffff, 0xffff, 0xffff, 0xffff, 0xffff, 0xffff, 0xffff, 0xffff, 0xffff, 
	0xffff, 0xffff, 0xffff, 0xffff, 0xffff, 0xffff, 0xffff, 0xffff, 0xffff, 0xffff, 0xffff, 0xffff, 0xffff, 0xffff, 0xffff, 0xffff, 
	0xffff, 0xffff, 0xffff, 0xffff, 0xffff, 0xffff, 0xffff, 0xffff, 0xffff, 0xffff, 0xffff, 0xffff, 0xffff, 0x8c31, 0x39e7, 0x632c, 
	0xdedb, 0xffff, 0xffff, 0xffff, 0xffff, 0xffff, 0xffff, 0xffff, 0xffff, 0xffff, 0xffff, 0xffff, 0xffdf, 0xffff, 0xe71c, 0x528a, 
	0x39e7, 0xbdd7, 0xffff, 0xffff, 0xffff, 0xffff, 0xef7d, 0x632c, 0x52aa, 0xdefb, 0xb596, 0xce79, 0xffff, 0xd6ba, 0xbdf7, 0xffdf, 
	0xffff, 0xffff, 0xffff, 0xffff, 0xffff, 0xffff, 0xffff, 0xffff, 0xef5d, 0xbdd7, 0xf79e, 0x2945, 0x0000, 0x0000, 0x0020, 0x0000, 
	0x4228, 0xdefb, 0x0000, 0x5acb, 0xffff, 0xffff, 0x39e7, 0x0000, 0x0000, 0x8c51, 0xffff, 0xbdd7, 0xf79e, 0xffff, 0xffff, 0xffff, 
	0xffff, 0xffff, 0xf79e, 0xbdf7, 0xffff, 0xffff, 0xffff, 0xffff, 0xffff, 0xffff, 0xc618, 0xf7be, 0xffff, 0xffff, 0xffff, 0xf79e, 
	0xdefb, 0xa534, 0xbdf7, 0xb575, 0x9cf3, 0x9492, 0x9492, 0x94b2, 0x8410, 0x9492, 0x9492, 0x94b2, 0xa4f4, 0xb596, 0xb596, 0xa534, 
	0xe71c, 0xf79e, 0xffff, 0xffff, 0xffff, 0xef7d, 0xc638, 0xffff, 0xffff, 0xffff, 0xffff, 0xffff, 0xffdf, 0xbdd7, 0xf7be, 0xffff, 
	0xffff, 0xffff, 0xffff, 0xffff, 0xef5d, 0xbdd7, 0xffff, 0xffff, 0xffff, 0xffff, 0xffff, 0xffff, 0x632c, 0x0000, 0x0000, 0x632c, 
	0xffff, 0xffff, 0xffff, 0xffff, 0xffff, 0xffff, 0xd69a, 0xc638, 0xffff, 0xffff, 0xffff, 0xffff, 0xffff, 0xffff, 0xffff, 0xffff, 
	0xffff, 0xd6ba, 0xbdf7, 0xffdf, 0xffff, 0xc638, 0xbdb6, 0xdeba, 0x4a49, 0x736e, 0xf79e, 0xffff, 0xffff, 0xffff, 0xffff, 0xb596, 
	0x39e7, 0x52aa, 0xef3c, 0xffff, 0xffff, 0xffff, 0xffff, 0xffff, 0xffff, 0xffff, 0xffff, 0xffff, 0xffff, 0xffff, 0xffff, 0xffff, 
	0xf79e, 0x738e, 0x39c7, 0x83ef, 0xffff, 0xffff, 0xffff, 0xffff, 0xffff, 0xffff, 0xffff, 0xffff, 0xffff, 0xffff, 0xffff, 0xffff, 
	0xffff, 0xffff, 0xffff, 0xffff, 0xffff, 0xffff, 0xffff, 0xffff, 0xffff, 0xffff, 0xffff, 0xffff, 0xffff, 0xffff, 0xffff, 0xffff, 
	0xffff, 0xffff, 0xffff, 0xffff, 0xffff, 0xffff, 0xffff, 0xffff, 0xffff, 0xffff, 0xffff, 0xffff, 0xffff, 0xffff, 0xffff, 0xffff, 
	0xffff, 0xffff, 0xffff, 0xffff, 0xffff, 0xffff, 0xffff, 0xffff, 0xffff, 0xffff, 0xffff, 0xffff, 0xdebb, 0x4a69, 0x9492, 0x7bae, 
	0x4228, 0xad75, 0xffff, 0xffff, 0xffff, 0xffff, 0xffff, 0xffff, 0xffff, 0xffff, 0xffff, 0xffff, 0xffff, 0xffdf, 0x8430, 0x5aaa, 
	0x7bcf, 0xb5b6, 0xffff, 0xffff, 0xffff, 0xef7d, 0x6b4d, 0x52aa, 0xdefb, 0xad75, 0xd69a, 0xffff, 0xffdf, 0xffff, 0xce79, 0xc618, 
	0xffff, 0xffff, 0xffff, 0xffff, 0xffff, 0xffff, 0xffff, 0xffff, 0xffff, 0xdedb, 0xbdd7, 0x10a2, 0x0000, 0x4a49, 0x18c3, 0x0020, 
	0x0000, 0x9cf3, 0xad75, 0x8430, 0xf79e, 0xffff, 0xbdf7, 0x0020, 0x0000, 0x18e3, 0xc638, 0xce79, 0xce79, 0xffff, 0xffdf, 0xffff, 
	0xffff, 0xffff, 0xffff, 0xbdf7, 0xef7d, 0xffff, 0xffff, 0xffff, 0xffff, 0xffdf, 0xbdd7, 0xad75, 0x9cf3, 0x7bef, 0x6b4d, 0x5aeb, 
	0x5aeb, 0x630c, 0x6b4d, 0x736d, 0x7bef, 0x8c31, 0x9472, 0x5acb, 0x4a49, 0x62ec, 0x8c71, 0x8410, 0x7bcf, 0x738e, 0x6b4d, 0x630c, 
	0x5acb, 0x5aeb, 0x6b4d, 0x8410, 0xa534, 0xad55, 0xc618, 0xffff, 0xffff, 0xffff, 0xffff, 0xffff, 0xe71c, 0xc638, 0xffff, 0xffff, 
	0xffff, 0xffff, 0xffdf, 0xffff, 0xc638, 0xdefb, 0xffff, 0xffff, 0xffff, 0xffff, 0xffff, 0xd69a, 0x0841, 0x0000, 0x1082, 0xdedb, 
	0xffff, 0xffff, 0xffff, 0xffff, 0xffff, 0xe73c, 0xb5b6, 0xffdf, 0xffff, 0xffff, 0xffff, 0xffff, 0xffff, 0xffff, 0xffff, 0xffff, 
	0xdedb, 0xbdd7, 0xffdf, 0xffff, 0xffff, 0xffff, 0xce59, 0xb5b6, 0xdeba, 0x4a49, 0x738e, 0xf7be, 0xffff, 0xffff, 0xffff, 0x9492, 
	0x736d, 0x528a, 0x9cb2, 0xffff, 0xffff, 0xffff, 0xffff, 0xffff, 0xffff, 0xffff, 0xffff, 0xffff, 0xffff, 0xffff, 0xffff, 0xce59, 
	0x52aa, 0x630c, 0x7bef, 0x5acb, 0xe71c, 0xffff, 0xffff, 0xffff, 0xffff, 0xffdf, 0xffff, 0xffff, 0xffff, 0xffff, 0xffff, 0xffff, 
	0xffff, 0xffff, 0xffff, 0xffff, 0xffff, 0xffff, 0xffff, 0xffff, 0xffff, 0xffff, 0xffff, 0xffff, 0xffff, 0xffff, 0xffff, 0xffff, 
	0xffff, 0xffff, 0xffff, 0xffff, 0xffff, 0xffff, 0xffff, 0xffff, 0xffff, 0xffff, 0xffff, 0xffff, 0xffff, 0xffff, 0xffff, 0xffff, 
	0xffff, 0xffff, 0xffff, 0xffff, 0xffff, 0xffff, 0xffdf, 0xffdf, 0xffdf, 0xffff, 0xffff, 0xf79e, 0x6b6d, 0x738e, 0xf77e, 0xffdf, 
	0x9cd3, 0x39e7, 0x7bef, 0xef7d, 0xffff, 0xffff, 0xffff, 0xffff, 0xffff, 0xffff, 0xffff, 0xffff, 0xffff, 0x9cd3, 0x4208, 0xc638, 
	0xffff, 0xffff, 0xffff, 0xffff, 0xf79e, 0x6b6d, 0x52aa, 0xdefb, 0xad75, 0xd69a, 0xffff, 0xffff, 0xffff, 0xffff, 0xffff, 0xc638, 
	0xce59, 0xffff, 0xffff, 0xffff, 0xffff, 0xffff, 0xffff, 0xffff, 0xffff, 0xffff, 0xad75, 0x2945, 0xad75, 0xffff, 0x8c91, 0x0000, 
	0x0000, 0x2104, 0xffdf, 0xef5d, 0xc618, 0xffff, 0xffff, 0x5aeb, 0x0000, 0x0000, 0x0020, 0xc618, 0xc618, 0xf79e, 0xf79e, 0xf7be, 
	0xffdf, 0xffff, 0xffff, 0xd6ba, 0xd6ba, 0xffff, 0xe71c, 0xbdd7, 0x9cf3, 0x7bcf, 0x73ae, 0x7bcf, 0x7bef, 0xa514, 0xbdd7, 0xd6ba, 
	0xe73c, 0xef7d, 0xf7be, 0xffdf, 0xffff, 0xffff, 0xb5b6, 0x4a69, 0x52aa, 0x5269, 0xc638, 0xffff, 0xffff, 0xffff, 0xffff, 0xf7be, 
	0xef5d, 0xd6ba, 0xbdf7, 0x9cf3, 0x7bcf, 0x630c, 0x5acb, 0x632c, 0x9492, 0xbdf7, 0xe73c, 0xffff, 0xce79, 0xdefb, 0xffff, 0xffdf, 
	0xffdf, 0xffdf, 0xef7d, 0xe73c, 0xbdd7, 0xffdf, 0xffff, 0xffff, 0xffff, 0xffff, 0xffff, 0x528a, 0x0000, 0x0000, 0x7bef, 0xffff, 
	0xffff, 0xffff, 0xffff, 0xffff, 0xffdf, 0xb5b6, 0xef5d, 0xffff, 0xffff, 0xffff, 0xffff, 0xffff, 0xffff, 0xffff, 0xffff, 0xe73c, 
	0xb5b6, 0xf79e, 0xffff, 0xffff, 0xffff, 0xffff, 0xffff, 0xce59, 0xbdb6, 0xdeba, 0x4a49, 0x7bcf, 0xffdf, 0xffff, 0xffff, 0xffdf, 
	0xffff, 0xbdb7, 0x39e7, 0xad55, 0xffff, 0xffff, 0xffff, 0xffff, 0xffff, 0xffff, 0xffff, 0xffff, 0xffff, 0xffdf, 0x9cf3, 0x39e7, 
	0x7bcf, 0xef7d, 0xf79e, 0x73ae, 0x8410, 0xf7be, 0xffff, 0xffff, 0xffdf, 0xffdf, 0xffdf, 0xffff, 0xffff, 0xffff, 0xffff, 0xffff, 
	0xffff, 0xffff, 0xffff, 0xffff, 0xffff, 0xffff, 0xffff, 0xffff, 0xffff, 0xffff, 0xffff, 0xffff, 0xffff, 0xffff, 0xffff, 0xffff, 
	0xffff, 0xffff, 0xffff, 0xffff, 0xffff, 0xffff, 0xffff, 0xffff, 0xffff, 0xffff, 0xffff, 0xffff, 0xffff, 0xffff, 0xffff, 0xffff, 
	0xffff, 0xffff, 0xffff, 0xffff, 0xffdf, 0xf79e, 0xf79e, 0xf79e, 0xf7be, 0xf79e, 0xffdf, 0xa514, 0x4a49, 0xdebb, 0xffdf, 0xffdf, 
	0xffff, 0xc638, 0x528a, 0x52aa, 0xce59, 0xffff, 0xffff, 0xffff, 0xffff, 0xffff, 0xffff, 0xffff, 0xb5b6, 0x39e7, 0xad75, 0xffff, 
	0xffdf, 0xffff, 0xffff, 0xffdf, 0x73ae, 0x4a69, 0xdefb, 0xb596, 0xd69a, 0xffff, 0xffff, 0xffff, 0xffff, 0xffff, 0xffff, 0xffff, 
	0xbdf7, 0xd69a, 0xffff, 0xffff, 0xffff, 0xffff, 0xffff, 0xffff, 0xffff, 0xffff, 0xef5d, 0xb5b6, 0xf7be, 0xffff, 0xf7be, 0x2965, 
	0x0000, 0x0000, 0x73ae, 0xffff, 0xce79, 0xef7d, 0xffff, 0xad55, 0x0000, 0x0000, 0x1082, 0xef5d, 0xd69a, 0xd69a, 0xf7be, 0xf79e, 
	0xf7be, 0xf7be, 0xffdf, 0xc638, 0x94b2, 0x7bcf, 0x52aa, 0x630c, 0x9492, 0xc618, 0xe71c, 0xf7be, 0xffff, 0xffff, 0xffff, 0xffdf, 
	0xffdf, 0xffff, 0xf7be, 0xffbf, 0xf79e, 0xffbe, 0xdedb, 0x8c51, 0x528a, 0x7baf, 0xe6fc, 0xffbe, 0xffbe, 0xf7be, 0xffdf, 0xffff, 
	0xffff, 0xffff, 0xffff, 0xffff, 0xffdf, 0xf7be, 0xdedb, 0xbdf7, 0x7bef, 0x6b6d, 0x6b6d, 0x7bcf, 0x9492, 0xd69a, 0xf7be, 0xffdf, 
	0xf79e, 0xf7be, 0xffdf, 0xce59, 0xce79, 0xffff, 0xffff, 0xffff, 0xffff, 0xffff, 0xad75, 0x0000, 0x0000, 0x18e3, 0xef5d, 0xffff, 
	0xffff, 0xffff, 0xffff, 0xffff, 0xc618, 0xd6ba, 0xffff, 0xffff, 0xffff, 0xffff, 0xffff, 0xffff, 0xffff, 0xffff, 0xef5d, 0xb5b6, 
	0xef7d, 0xffff, 0xffff, 0xffff, 0xffff, 0xffff, 0xffdf, 0xffff, 0xce59, 0xbdd7, 0xd69a, 0x4a49, 0x8430, 0xffff, 0xffff, 0xffff, 
	0xffff, 0xffff, 0xa514, 0x41e7, 0xc618, 0xffff, 0xffff, 0xffff, 0xffff, 0xffff, 0xffff, 0xffff, 0xe71c, 0x6b6d, 0x4208, 0xad55, 
	0xffff, 0xffff, 0xffff, 0xd69a, 0x630c, 0xb575, 0xffdf, 0xf79e, 0xf7be, 0xf79e, 0xf79e, 0xffdf, 0xffff, 0xffff, 0xffff, 0xffff, 
	0xffff, 0xffff, 0xffff, 0xffff, 0xffff, 0xffff, 0xffff, 0xffff, 0xffff, 0xffff, 0xffff, 0xffff, 0xffff, 0xffff, 0xffff, 0xffff, 
	0xffff, 0xffff, 0xffff, 0xffff, 0xffff, 0xffff, 0xffff, 0xffff, 0xffff, 0xffff, 0xffff, 0xffff, 0xffff, 0xffff, 0xffff, 0xffff, 
	0xffff, 0xffff, 0xffff, 0xffff, 0xf7df, 0xffdf, 0xf7be, 0xef7d, 0xf79e, 0xf7be, 0xd69a, 0x4a69, 0xa534, 0xffff, 0xffdf, 0xffdf, 
	0xffdf, 0xffff, 0xef5d, 0x7bcf, 0x39e7, 0x9cf3, 0xffdf, 0xffff, 0xffff, 0xffff, 0xffff, 0xd6ba, 0x4208, 0x9492, 0xffff, 0xffff, 
	0xffdf, 0xffff, 0xffff, 0x8430, 0x4228, 0xd69a, 0xbdd7, 0xd69a, 0xffff, 0xffff, 0xffff, 0xffff, 0xffff, 0xffff, 0xffff, 0xffff, 
	0xffdf, 0xbdd7, 0xdedb, 0xffff, 0xffff, 0xffff, 0xffff, 0xffff, 0xffff, 0xffff, 0xffff, 0xe71c, 0xbdd7, 0xffdf, 0xffff, 0xa534, 
	0x0000, 0x0020, 0x0020, 0x3186, 0x5aeb, 0x8c51, 0x7bcf, 0x52aa, 0x31a6, 0x18c3, 0x31a6, 0xffff, 0xef7d, 0xb5b6, 0xf79e, 0xffff, 
	0xe71c, 0xad75, 0x73ae, 0x5aeb, 0x8c51, 0xb596, 0xe73c, 0xc618, 0x9cd3, 0xffff, 0xffdf, 0xffdf, 0xf7be, 0xef7d, 0xdefb, 0xd6ba, 
	0xbdd7, 0xad75, 0x9492, 0x8c51, 0x736d, 0x7bcf, 0x738e, 0x6b4d, 0x4229, 0x5aeb, 0x7bcf, 0x6b6d, 0x7bf0, 0x8c51, 0x94b2, 0xad75, 
	0xb5b6, 0xd69a, 0xe71c, 0xf79e, 0xffdf, 0xffff, 0xffdf, 0xffff, 0x7bf0, 0xd69a, 0xdedb, 0xb5b6, 0x7bcf, 0x6b4d, 0x8410, 0xad75, 
	0xe71c, 0xffff, 0xffff, 0xb5b6, 0xf7be, 0xffff, 0xffff, 0xffff, 0xffff, 0x8430, 0x0020, 0x0020, 0x0000, 0x94b2, 0xffff, 0xffff, 
	0xffff, 0xffff, 0xffff, 0xdedb, 0xc618, 0xffff, 0xffff, 0xffff, 0xffff, 0xffff, 0xffff, 0xffff, 0xffff, 0xf79e, 0xb5b6, 0xe73c, 
	0xffff, 0xffff, 0xffff, 0xffff, 0xffff, 0xffff, 0xffff, 0xffff, 0xffff, 0xce59, 0xad35, 0xbdd7, 0x4228, 0x94b2, 0xffff, 0xffff, 
	0xffdf, 0xffdf, 0xffff, 0x8410, 0x4a49, 0xe71c, 0xffff, 0xffff, 0xffff, 0xffff, 0xffff, 0xbdf7, 0x4a69, 0x630c, 0xd6ba, 0xffff, 
	0xffff, 0xffdf, 0xffff, 0xffdf, 0x9cd3, 0x4a28, 0xdeba, 0xf7be, 0xf79e, 0xf79e, 0xffff, 0xffff, 0xffdf, 0xffff, 0xf7be, 0xffff, 
	0xffff, 0xffff, 0xffff, 0xffff, 0xffff, 0xffff, 0xffff, 0xffff, 0xffff, 0xffff, 0xffff, 0xffff, 0xffff, 0xffff, 0xffff, 0xffff, 
	0xffff, 0xffff, 0xffff, 0xffff, 0xffff, 0xffff, 0xffff, 0xffff, 0xffff, 0xffff, 0xffff, 0xffff, 0xffff, 0xffff, 0xffff, 0xffff, 
	0xffff, 0xffff, 0xffff, 0xffdf, 0xe6fb, 0xbdd6, 0x9cf3, 0xe71c, 0xf79d, 0xef7d, 0x6b6d, 0x8410, 0xf7be, 0xffff, 0xffff, 0xffff, 
	0xffff, 0xffff, 0xffff, 0xffff, 0xad55, 0x4208, 0x6b6d, 0xe71c, 0xffff, 0xffff, 0xef5d, 0x52aa, 0x738e, 0xffdf, 0xffff, 0xffff, 
	0xffff, 0xffff, 0x9cf3, 0x4208, 0xce39, 0xb596, 0x9cf3, 0xffff, 0xffff, 0xffff, 0xffff, 0xffff, 0xffff, 0xffff, 0xffff, 0xffff, 
	0xffff, 0xf7be, 0xb5b6, 0xe71c, 0xffff, 0xffff, 0xffff, 0xffff, 0xffff, 0xffff, 0xffff, 0xffff, 0xce79, 0xce59, 0xffff, 0xffdf, 
	0x4208, 0x0000, 0x0020, 0x0000, 0x0000, 0x0000, 0x0000, 0xce59, 0xffff, 0xef5d, 0xdefb, 0xffff, 0xffff, 0xce59, 0xc618, 0x8c31, 
	0x5acb, 0x8410, 0xad75, 0xe71c, 0xf7be, 0xffff, 0xffff, 0xef7e, 0x8c71, 0xe6fb, 0xce59, 0xb5b7, 0x840f, 0x738e, 0x528a, 0x5aeb, 
	0x5acb, 0x6b6d, 0x6b4d, 0x8410, 0x83ee, 0x94d3, 0xad34, 0xa4f3, 0x9cb1, 0x9cf3, 0x9d13, 0x8c71, 0x8452, 0x7bcf, 0x736d, 0x6b4d, 
	0x4a69, 0x630c, 0x632c, 0x6b4c, 0x840f, 0xb5d7, 0xce39, 0xde99, 0x73cf, 0xf7df, 0xffff, 0xffdf, 0xf7be, 0xdefb, 0xa534, 0x6b4d, 
	0x62ec, 0x9cd3, 0xbdb6, 0xd6ba, 0xffff, 0xffff, 0xffff, 0xffff, 0xffff, 0xbdd7, 0x0000, 0x0000, 0x0000, 0xa514, 0xffff, 0xffff, 
	0xffff, 0xffff, 0xef7d, 0xb5b6, 0xf7be, 0xffff, 0xffff, 0xffff, 0xffff, 0xffff, 0xffff, 0xffff, 0xf7be, 0xb5b6, 0xdefb, 0xffff, 
	0xffff, 0xffff, 0xffff, 0xffff, 0xffff, 0xffff, 0xffff, 0xffff, 0xffff, 0xd69a, 0x9cb2, 0xc618, 0xbdf7, 0x39e7, 0xad75, 0xffff, 
	0xffff, 0xffff, 0xffff, 0xf79e, 0x632c, 0x632c, 0xf79e, 0xffff, 0xffff, 0xf79e, 0x8c51, 0x39e7, 0x8c51, 0xf79e, 0xffff, 0xffff, 
	0xffff, 0xffff, 0xffff, 0xf7be, 0xef5d, 0x5aeb, 0x8410, 0xffdf, 0xf7be, 0xe73c, 0x9cf3, 0xce59, 0xef5d, 0xffdf, 0xffff, 0xf79e, 
	0xffff, 0xffff, 0xffff, 0xffff, 0xffff, 0xffff, 0xffff, 0xffff, 0xffff, 0xffff, 0xffff, 0xffff, 0xffff, 0xffff, 0xffff, 0xffff, 
	0xffff, 0xffff, 0xffff, 0xffff, 0xffff, 0xffff, 0xffff, 0xffff, 0xffff, 0xffff, 0xffff, 0xffff, 0xffff, 0xffff, 0xffff, 0xffff, 
	0xffff, 0xffff, 0xe73c, 0x94b2, 0x738e, 0x4a69, 0x5aeb, 0xd679, 0xffff, 0xad55, 0x5aeb, 0xd6ba, 0xffff, 0xffff, 0xffff, 0xffff, 
	0xffff, 0xef7d, 0xffdf, 0xffff, 0xffff, 0xd6ba, 0x62eb, 0x4a49, 0xbdf7, 0xffdf, 0x7bcf, 0x528a, 0xef5d, 0xffff, 0xffff, 0xffff, 
	0xffff, 0xb5b6, 0x39e7, 0xbdb7, 0xc638, 0xbdd7, 0xdefb, 0xbdd7, 0xf79e, 0xffff, 0xffff, 0xffff, 0xffff, 0xffff, 0xffff, 0xffff, 
	0xffff, 0xffff, 0xef7d, 0xb5b6, 0xe73c, 0xffff, 0xffff, 0xffff, 0xffff, 0xffff, 0xffff, 0xffff, 0xffff, 0xbdd7, 0xe71c, 0xffff, 
	0xbdf7, 0x0841, 0x0000, 0x0861, 0x1082, 0x0000, 0x1082, 0xef7d, 0xffff, 0xffff, 0xffff, 0xffff, 0xbdf7, 0x736d, 0x736e, 0x9cd3, 
	0xd69a, 0xffdf, 0xffff, 0xffdf, 0xffff, 0xffdf, 0xd6ba, 0xa513, 0x630c, 0x6b4d, 0x6b0b, 0x6b6e, 0x7bf0, 0xad54, 0xbdf7, 0xd6ba, 
	0xe71c, 0xef7d, 0xf79e, 0xf7be, 0xffff, 0xffdf, 0xffde, 0xff5c, 0xcd0f, 0xffbd, 0xffdf, 0xffbd, 0xf7df, 0xf7be, 0xf79e, 0xef5d, 
	0xdefb, 0xd69a, 0xbdd7, 0xad34, 0x8451, 0x73ce, 0x5289, 0x5b0d, 0x736d, 0xb575, 0xd6ba, 0xf7be, 0xffdf, 0xffdf, 0xffdf, 0xf79e, 
	0xce79, 0x8c71, 0x526a, 0x736e, 0xce39, 0xffff, 0xffff, 0xffff, 0xffff, 0xe73c, 0x31a6, 0x18c3, 0x7bef, 0xdefb, 0xffff, 0xffff, 
	0xffff, 0xffdf, 0xbdd7, 0xe71c, 0xffff, 0xffff, 0xffff, 0xffff, 0xffff, 0xffff, 0xffff, 0xffdf, 0xbdd7, 0xdedb, 0xffff, 0xffff, 
	0xffff, 0xffff, 0xffff, 0xffff, 0xffff, 0xffff, 0xffff, 0xffff, 0xc618, 0xc638, 0xffff, 0xb596, 0xd679, 0xa534, 0x41e8, 0xc618, 
	0xffff, 0xffff, 0xffff, 0xffff, 0xdefb, 0x4a49, 0x8c51, 0xffff, 0xd6ba, 0x630c, 0x4a49, 0xbdd7, 0xffff, 0xffff, 0xffdf, 0xffff, 
	0xffff, 0xffff, 0xffff, 0xf79e, 0xffdf, 0xce59, 0x52aa, 0xb5b6, 0xffff, 0xc5f7, 0x4207, 0x4a69, 0x62ec, 0x7bcf, 0xce79, 0xf79e, 
	0xffff, 0xffff, 0xffff, 0xffff, 0xffff, 0xffff, 0xffff, 0xffff, 0xffff, 0xffff, 0xffff, 0xffff, 0xffff, 0xffff, 0xffff, 0xffff, 
	0xffff, 0xffff, 0xffff, 0xffff, 0xffff, 0xffff, 0xffff, 0xffff, 0xffff, 0xffff, 0xffff, 0xffff, 0xffff, 0xffff, 0xffff, 0xffff, 
	0xffff, 0xffff, 0xad75, 0x630c, 0x630c, 0x5aaa, 0x4a48, 0xad55, 0xef7d, 0x4a28, 0x9cd2, 0xffff, 0xffff, 0xffff, 0xffff, 0xdedb, 
	0x73ae, 0x630c, 0xe73c, 0xffff, 0xffff, 0xffff, 0xf79e, 0x8c31, 0x4a49, 0x738e, 0x528a, 0xd69a, 0xffff, 0xffff, 0xffff, 0xffff, 
	0xd69a, 0x4208, 0x9cf3, 0xd69a, 0xb596, 0xffff, 0xffff, 0xdedb, 0xb5b6, 0xef7d, 0xffff, 0xffff, 0xffff, 0xffff, 0xffff, 0xffff, 
	0xffff, 0xffff, 0xffff, 0xef5d, 0xb5b6, 0xef7d, 0xffff, 0xffff, 0xffff, 0xffff, 0xffff, 0xffff, 0xffff, 0xef7d, 0xb5b6, 0xf7be, 
	0xffff, 0x31a6, 0x0000, 0x73ae, 0xdefb, 0x9cd3, 0x6b6d, 0xd6ba, 0xffff, 0xffff, 0xbdf7, 0x632c, 0x5acb, 0xa514, 0xe73c, 0xffff, 
	0xffff, 0xffff, 0xf7be, 0xd69a, 0x94b2, 0x630c, 0x4228, 0x5acb, 0x83ef, 0xb554, 0xdeda, 0xf79e, 0xffff, 0xffff, 0xffff, 0xffff, 
	0xffff, 0xffff, 0xffff, 0xfffe, 0xf7ff, 0xf79d, 0xff7c, 0xd572, 0xd550, 0xd5d4, 0xffff, 0xffde, 0xffde, 0xffff, 0xffff, 0xffff, 
	0xffff, 0xffff, 0xffff, 0xffff, 0xffff, 0xf77d, 0xded9, 0xb574, 0x9430, 0x6b4d, 0x4a49, 0x632c, 0x9cf3, 0xdedb, 0xffff, 0xffff, 
	0xffff, 0xffff, 0xef3d, 0x9cd3, 0x52aa, 0x6b4d, 0xc638, 0xffff, 0xf7be, 0xbdf7, 0xdefb, 0xe73c, 0xffff, 0xffff, 0xffff, 0xffff, 
	0xffff, 0xce59, 0xce79, 0xffff, 0xffff, 0xffff, 0xffff, 0xffff, 0xffff, 0xffff, 0xffff, 0xc618, 0xd69a, 0xffff, 0xffff, 0xffff, 
	0xffff, 0xffff, 0xffff, 0xffff, 0xffff, 0xffff, 0xffdf, 0xbdf7, 0xce79, 0xffff, 0xffff, 0xffdf, 0xad55, 0xdedb, 0x8c51, 0x4a49, 
	0xdefb, 0xffff, 0xffff, 0xffff, 0xffff, 0xc618, 0x4a69, 0x8c51, 0x5269, 0x6b6d, 0xdefb, 0xffff, 0xffff, 0xffff, 0xef5d, 0x73ae, 
	0x9492, 0xe71c, 0xffff, 0xffdf, 0xffff, 0xffff, 0x8c50, 0x5289, 0xef7d, 0xa514, 0x4a69, 0x5aca, 0x52aa, 0x4208, 0x9cd3, 0xffff, 
	0xffdf, 0xffff, 0xffff, 0xffff, 0xffff, 0xffff, 0xffff, 0xffff, 0xffff, 0xffff, 0xffff, 0xffff, 0xffff, 0xffff, 0xffff, 0xffff, 
	0xffff, 0xffff, 0xffff, 0xffff, 0xffff, 0xffff, 0xffff, 0xffff, 0xffff, 0xffff, 0xffff, 0xffff, 0xffff, 0xffff, 0xffff, 0xffff, 
	0xffff, 0xffff, 0xc618, 0x4a69, 0x52aa, 0x5aca, 0x5289, 0x8410, 0x8c50, 0x632c, 0xffdf, 0xffff, 0xffff, 0xffff, 0xffff, 0xdefb, 
	0x4a49, 0x39c7, 0xbdd7, 0xffff, 0xffff, 0xffff, 0xffff, 0xffff, 0xa514, 0x41e7, 0x52aa, 0xef5d, 0xffff, 0xffff, 0xffff, 0xe73c, 
	0x528a, 0x7bcf, 0xe6fb, 0xa534, 0xffdf, 0xffff, 0xffff, 0xffff, 0xe71c, 0xb5b6, 0xe73c, 0xffff, 0xffff, 0xffff, 0xffff, 0xffff, 
	0xffff, 0xffff, 0xffff, 0xffff, 0xe73c, 0xb5b6, 0xf7be, 0xffff, 0xffff, 0xffff, 0xffff, 0xffff, 0xffff, 0xffff, 0xdedb, 0xd6ba, 
	0xb5b6, 0x0841, 0x0020, 0xce59, 0xffff, 0xffff, 0xffff, 0xc638, 0xc638, 0x7bcf, 0x5aeb, 0xa534, 0xf79e, 0xffff, 0xffff, 0xffff, 
	0xef7d, 0xb575, 0x6b4d, 0x4228, 0x5acb, 0x8c71, 0xce59, 0xf7be, 0xeed9, 0xc531, 0xffbd, 0xffff, 0xffdf, 0xffff, 0xffff, 0xffff, 
	0xffff, 0xffff, 0xffff, 0xffff, 0xffff, 0xffff, 0xe698, 0xd551, 0xffdd, 0xc510, 0xef1a, 0xffff, 0xffde, 0xffff, 0xffff, 0xffff, 
	0xffff, 0xffff, 0xffff, 0xffff, 0xffdf, 0xffff, 0xff9b, 0xccef, 0xef1b, 0xef7d, 0xc638, 0x8c51, 0x52aa, 0x4a49, 0x6b6d, 0xb5b6, 
	0xf79e, 0xffff, 0xffff, 0xffff, 0xef7d, 0x9cf3, 0x5acb, 0x7bef, 0xc618, 0xe73c, 0xffff, 0xffff, 0xffff, 0xffff, 0xffff, 0xffff, 
	0xdefb, 0xbdd7, 0xffdf, 0xffff, 0xffff, 0xffff, 0xffff, 0xffff, 0xffff, 0xffff, 0xc638, 0xce59, 0xffff, 0xffff, 0xffff, 0xffff, 
	0xffff, 0xffff, 0xffff, 0xffff, 0xffff, 0xf7be, 0xbdd7, 0xd69a, 0xffff, 0xffff, 0xffff, 0xffff, 0xf7be, 0xa514, 0xe71c, 0x6b4d, 
	0x630c, 0xf79e, 0xffff, 0xffff, 0xffff, 0xf79e, 0x62ec, 0x39e7, 0x9471, 0xffff, 0xffff, 0xffff, 0xffff, 0xffff, 0xbdf7, 0x39e7, 
	0x4228, 0xdedb, 0xffff, 0xffff, 0xffff, 0xffff, 0xf79e, 0x5acb, 0x9491, 0x7bcf, 0x528a, 0x5aaa, 0x5acb, 0x4a69, 0xce59, 0xffff, 
	0xffff, 0xffff, 0xffff, 0xffff, 0xffff, 0xffff, 0xffff, 0xffff, 0xffff, 0xffff, 0xffff, 0xffff, 0xffff, 0xffff, 0xffff, 0xffff, 
	0xffff, 0xffff, 0xffff, 0xffff, 0xffff, 0xffff, 0xffff, 0xffff, 0xffff, 0xffff, 0xffff, 0xffff, 0xffff, 0xffff, 0xffff, 0xf7be, 
	0xffff, 0xffff, 0xef5d, 0x5acb, 0x528a, 0x4a69, 0x4a69, 0x5aca, 0x4a69, 0x8430, 0xd6ba, 0xf79e, 0xf7be, 0xef7d, 0xce59, 0x8410, 
	0x52aa, 0xad55, 0xe73c, 0xffff, 0xffff, 0xffff, 0xffff, 0xf79e, 0x6b2c, 0x738e, 0x8c51, 0xe6fc, 0xffff, 0xffff, 0xffdf, 0x738e, 
	0x5acb, 0xe71c, 0xa534, 0xef7d, 0xffff, 0xffdf, 0xffff, 0xffff, 0xffff, 0xef5d, 0xb5b6, 0xe71c, 0xffff, 0xffff, 0xffff, 0xffff, 
	0xffff, 0xffff, 0xffff, 0xffff, 0xffff, 0xdedb, 0xbdd7, 0xffdf, 0xffff, 0xffff, 0xffff, 0xffff, 0xffff, 0xffff, 0xffff, 0x73ae, 
	0x0000, 0x0000, 0x39c7, 0xffff, 0xffff, 0xffff, 0xe73c, 0x8410, 0x4228, 0x632c, 0xd69a, 0xffff, 0xffff, 0xffff, 0xe6fb, 0x9492, 
	0x528a, 0x4a49, 0x7bef, 0xc638, 0xf7be, 0xffff, 0xffff, 0xffff, 0xd5d3, 0xcd51, 0xc531, 0xf79c, 0xffff, 0xffff, 0xffff, 0xffff, 
	0xffff, 0xffff, 0xffff, 0xffff, 0xffff, 0xffdd, 0xc530, 0xef3b, 0xffff, 0xeeb7, 0xcd51, 0xffff, 0xffff, 0xffff, 0xffff, 0xffff, 
	0xffff, 0xffff, 0xffff, 0xffff, 0xffff, 0xf73b, 0xcd10, 0xcd51, 0xde35, 0xffff, 0xffff, 0xffff, 0xf79e, 0xc618, 0x7bcf, 0x4a29, 
	0x52aa, 0x9cd3, 0xe73c, 0xffff, 0xffff, 0xffff, 0xd69a, 0x630c, 0x4a69, 0x9492, 0xef5d, 0xffff, 0xffff, 0xffff, 0xffff, 0xf79e, 
	0xb5b6, 0xef7d, 0xffff, 0xffff, 0xffff, 0xffff, 0xffff, 0xffff, 0xffff, 0xce79, 0xc618, 0xffff, 0xffff, 0xffff, 0xffff, 0xffff, 
	0xffff, 0xffff, 0xffff, 0xffff, 0xef7d, 0xb5b6, 0xdedb, 0xffff, 0xffff, 0xffff, 0xffff, 0xffdf, 0xffff, 0xef3d, 0xad34, 0xe6fb, 
	0x528a, 0x8410, 0xffff, 0xffff, 0xffff, 0xdedb, 0x738e, 0x630c, 0x7bae, 0xffdf, 0xffff, 0xffff, 0xffff, 0xffff, 0xd6ba, 0x7bef, 
	0x528a, 0x94b2, 0xdedb, 0xffdf, 0xffff, 0xf7be, 0xdefb, 0x840f, 0x5269, 0x5aaa, 0x4a69, 0x528a, 0x528a, 0x5aeb, 0xf79e, 0xffff, 
	0xffff, 0xffff, 0xffff, 0xffff, 0xffff, 0xffff, 0xffff, 0xffff, 0xffff, 0xffff, 0xffff, 0xffff, 0xffff, 0xffff, 0xffff, 0xffff, 
	0xffff, 0xffff, 0xffff, 0xffff, 0xffff, 0xffff, 0xffff, 0xffff, 0xffff, 0xffff, 0xffff, 0xffff, 0xffff, 0xffff, 0xffff, 0xffdf, 
	0xffff, 0xffff, 0xffff, 0x73ae, 0x5aaa, 0x8410, 0xad75, 0x630c, 0x4a69, 0x528a, 0x5269, 0x630b, 0x632c, 0x630b, 0x4a69, 0x4a49, 
	0x630c, 0xffff, 0xffff, 0xffff, 0xffff, 0xffff, 0xffff, 0x9492, 0x4a49, 0xe71c, 0xffff, 0xffff, 0xffff, 0xffff, 0x9cd3, 0x4208, 
	0xd6ba, 0xad75, 0xdefb, 0xffff, 0xffff, 0xffff, 0xffff, 0xffff, 0xffff, 0xffff, 0xf79e, 0xb5b6, 0xdedb, 0xffff, 0xffff, 0xffff, 
	0xffff, 0xffff, 0xffff, 0xffff, 0xffff, 0xffff, 0xd6ba, 0xbdf7, 0xffdf, 0xffff, 0xffff, 0xffff, 0xffff, 0xffff, 0xffff, 0xc618, 
	0x528a, 0x0841, 0x8c51, 0xffff, 0xffff, 0xad55, 0x5aab, 0x5aec, 0x5aaa, 0x5269, 0x7bef, 0xffff, 0xdefb, 0x8c50, 0x4a28, 0x528a, 
	0x9cf3, 0xe73c, 0xffff, 0xffff, 0xffff, 0xffff, 0xffff, 0xffdd, 0xcd30, 0xff9b, 0xe676, 0xc530, 0xff9d, 0xffff, 0xffff, 0xffff, 
	0xffff, 0xffff, 0xf7ff, 0xffff, 0xffff, 0xde35, 0xd5d3, 0xffff, 0xfffe, 0xffff, 0xd550, 0xeeb7, 0xffff, 0xffff, 0xf7ff, 0xffff, 
	0xffff, 0xffff, 0xffff, 0xffff, 0xf75b, 0xc4f0, 0xeeb8, 0xf73a, 0xcd51, 0xffff, 0xffff, 0xffff, 0xffff, 0xffff, 0xffff, 0xe71c, 
	0x94d2, 0x4a89, 0x4a49, 0x9471, 0xe73c, 0xf79e, 0x630c, 0x5aaa, 0x5aca, 0x6b4d, 0x5acb, 0xb5b6, 0xffff, 0xffff, 0xffff, 0xbdf7, 
	0xdefb, 0xffff, 0xffff, 0xffff, 0xffff, 0xffff, 0xffff, 0xffff, 0xd6ba, 0xbdf7, 0xffff, 0xffff, 0xffff, 0xffff, 0xffff, 0xffff, 
	0xffff, 0xffff, 0xffff, 0xef5d, 0xb5b6, 0xe71c, 0xffff, 0xffff, 0xffff, 0xffff, 0xffff, 0xffff, 0xffff, 0xffff, 0xd69a, 0xb5b6, 
	0xce79, 0x4208, 0xad55, 0xffff, 0xffff, 0xffff, 0xffff, 0xdedb, 0x4208, 0xa4f3, 0xffff, 0xffff, 0xffff, 0xffff, 0xffff, 0xef5d, 
	0x5acb, 0x4a49, 0x528a, 0x6b4d, 0x738e, 0x6b4c, 0x528a, 0x528a, 0x4a69, 0x632c, 0x9cd3, 0x738e, 0x4a49, 0x7bef, 0xffff, 0xffff, 
	0xffff, 0xffff, 0xffff, 0xffff, 0xffff, 0xffff, 0xffff, 0xffff, 0xffff, 0xffff, 0xffff, 0xffff, 0xffff, 0xffff, 0xffff, 0xffff, 
	0xffff, 0xffff, 0xffff, 0xffff, 0xffff, 0xffff, 0xffff, 0xffff, 0xffff, 0xffff, 0xffff, 0xffff, 0xffff, 0xffff, 0xffdf, 0xffff, 
	0xffff, 0xffff, 0xffff, 0xe71c, 0xef5d, 0xffff, 0xbdf7, 0x5269, 0x8c51, 0x526a, 0x52aa, 0x52aa, 0x52aa, 0x52aa, 0x5aaa, 0x5aaa, 
	0x52aa, 0xe71c, 0xffff, 0xffff, 0xffff, 0xffff, 0xc638, 0x39e7, 0xbdd7, 0xffff, 0xffff, 0xffdf, 0xffff, 0xce39, 0x41e7, 0xb596, 
	0xc638, 0xce59, 0xffff, 0xffff, 0xffff, 0xffff, 0xffff, 0xffff, 0xffff, 0xffff, 0xffff, 0xf7be, 0xbdd7, 0xd69a, 0xffff, 0xffff, 
	0xffff, 0xffff, 0xffff, 0xffff, 0xffff, 0xffff, 0xffff, 0xce79, 0xc618, 0xffff, 0xffff, 0xffff, 0xffff, 0xffff, 0xffff, 0xffff, 
	0xf7be, 0xa514, 0xef7d, 0xe71c, 0x6b6d, 0x5acb, 0xce59, 0x8431, 0x4a28, 0x5269, 0x9492, 0x94d3, 0x4228, 0x5aca, 0xad75, 0xf79e, 
	0xffff, 0xffff, 0xffff, 0xffff, 0xffff, 0xffff, 0xffff, 0xf73a, 0xd551, 0xffff, 0xffff, 0xe635, 0xc511, 0xffbd, 0xffff, 0xffff, 
	0xffff, 0xffff, 0xfffe, 0xffff, 0xf75b, 0xc510, 0xff7c, 0xffff, 0xffff, 0xffff, 0xf71a, 0xcd0f, 0xffde, 0xffff, 0xfffe, 0xffff, 
	0xffff, 0xf7ff, 0xffff, 0xf77b, 0xbcf0, 0xe6b8, 0xffff, 0xffbd, 0xcd30, 0xf77c, 0xffff, 0xffff, 0xffff, 0xffff, 0xffff, 0xffff, 
	0xffff, 0xef7d, 0xad55, 0x52aa, 0x4a49, 0x9cd3, 0x6b6d, 0x5a8a, 0x4a28, 0xbdd7, 0xc618, 0x528a, 0x7bae, 0xef3c, 0xdedb, 0xc638, 
	0xffff, 0xffff, 0xffff, 0xffff, 0xffff, 0xffff, 0xffff, 0xdefb, 0xbdd7, 0xf7be, 0xffff, 0xffff, 0xffff, 0xffff, 0xffff, 0xffff, 
	0xffff, 0xffff, 0xe71c, 0xb5b6, 0xef5d, 0xffff, 0xffff, 0xffff, 0xffff, 0xffff, 0xffff, 0xffff, 0xffff, 0xffff, 0xffff, 0xc618, 
	0xbdf7, 0x9cf3, 0x4208, 0xd6ba, 0xffff, 0xffff, 0xffff, 0xffff, 0xa534, 0x4208, 0xd6ba, 0xffff, 0xffff, 0xffff, 0xffff, 0xd6ba, 
	0x526a, 0x5aca, 0x5aca, 0x528a, 0x5289, 0x528a, 0x52aa, 0x528a, 0x8410, 0x5269, 0xd679, 0xffff, 0xdedb, 0xdedb, 0xffff, 0xffff, 
	0xffff, 0xffff, 0xffff, 0xffff, 0xffff, 0xffff, 0xffff, 0xffff, 0xffff, 0xffff, 0xffff, 0xffff, 0xffff, 0xffff, 0xffff, 0xffff, 
	0xffff, 0xffff, 0xffff, 0xffff, 0xffff, 0xffff, 0xffff, 0xffff, 0xffff, 0xffff, 0xffff, 0xffff, 0xffff, 0xffff, 0xffff, 0xffff, 
	0xffff, 0xffff, 0xffff, 0xffff, 0xffff, 0xf79e, 0x52aa, 0x8c71, 0xffff, 0xa4f3, 0x4a49, 0x5aca, 0x5aca, 0x5aca, 0x5aca, 0x5aca, 
	0x4a49, 0xb596, 0xffff, 0xffff, 0xffff, 0xf79e, 0x5acb, 0x7bcf, 0xffff, 0xffff, 0xffff, 0xffff, 0xef5d, 0x528a, 0x8430, 0xdeba, 
	0x9492, 0xffdf, 0xffff, 0xffff, 0xffff, 0xffff, 0xffff, 0xffff, 0xffff, 0xffff, 0xffff, 0xffff, 0xffdf, 0xbdf7, 0xce59, 0xffff, 
	0xffff, 0xffff, 0xffff, 0xffff, 0xffff, 0xffff, 0xffff, 0xffff, 0xc638, 0xce59, 0xffff, 0xffff, 0xffff, 0xffff, 0xffff, 0xffff, 
	0xffff, 0xe73c, 0x9cb2, 0x526a, 0x8c71, 0xf79e, 0xffff, 0xd69a, 0x9492, 0x528a, 0x4a49, 0x5acb, 0xad76, 0xf7be, 0xffff, 0xffff, 
	0xffff, 0xffff, 0xffff, 0xffff, 0xffff, 0xffff, 0xffff, 0xde57, 0xde15, 0xffff, 0xf7ff, 0xffff, 0xe635, 0xcd31, 0xffbd, 0xffff, 
	0xfffe, 0xf7ff, 0xffde, 0xffff, 0xd5b2, 0xde56, 0xffff, 0xffdf, 0xffff, 0xffff, 0xffff, 0xd5b3, 0xde36, 0xffff, 0xffff, 0xffff, 
	0xffff, 0xffff, 0xf77c, 0xc4ef, 0xee98, 0xffff, 0xf7ff, 0xffff, 0xd5b2, 0xeeb8, 0xffff, 0xffff, 0xffff, 0xffff, 0xffff, 0xffff, 
	0xffff, 0xffff, 0xffff, 0xefbe, 0xa555, 0x52aa, 0x4a49, 0x52aa, 0x9471, 0xdedb, 0xffff, 0xef7d, 0x8410, 0x4a69, 0x9cb2, 0xffff, 
	0xffff, 0xffff, 0xffff, 0xffff, 0xffff, 0xffff, 0xe71c, 0xb5b6, 0xf79e, 0xffff, 0xffff, 0xffff, 0xffff, 0xffff, 0xffff, 0xffff, 
	0xffff, 0xdedb, 0xb5b6, 0xef7d, 0xffff, 0xffff, 0xffff, 0xffff, 0xffff, 0xffff, 0xffff, 0xffff, 0xffff, 0xffff, 0xffdf, 0xce79, 
	0x8430, 0xdedb, 0x73ae, 0x630c, 0xf79e, 0xffff, 0xffdf, 0xffff, 0xffdf, 0x6b4d, 0x632c, 0xffdf, 0xffff, 0xffff, 0xffff, 0xad34, 
	0x4a49, 0x5aca, 0x5aaa, 0x5aca, 0x5aca, 0x5aca, 0x4a49, 0xa514, 0xffff, 0x7bcf, 0x630c, 0xffdf, 0xffff, 0xffff, 0xffff, 0xffff, 
	0xffff, 0xffff, 0xffff, 0xffff, 0xffff, 0xffff, 0xffff, 0xffff, 0xffff, 0xffff, 0xffff, 0xffff, 0xffff, 0xffff, 0xffff, 0xffff, 
	0xffff, 0xffff, 0xffff, 0xffff, 0xffff, 0xffff, 0xffff, 0xffff, 0xffff, 0xffff, 0xffff, 0xffff, 0xffff, 0xffff, 0xffff, 0xffff, 
	0xffff, 0xffff, 0xffff, 0xffff, 0xffff, 0xa534, 0x4a29, 0xe73c, 0xffff, 0xffff, 0x7bae, 0x5289, 0x5aca, 0x5aca, 0x5aca, 0x5aca, 
	0x528a, 0x630c, 0xef5d, 0xffff, 0xffff, 0x94b2, 0x4a49, 0xe73c, 0xffff, 0xffff, 0xffff, 0xffff, 0x83f0, 0x52aa, 0xe6fc, 0xad35, 
	0xd69a, 0xbdd7, 0xe73c, 0xffff, 0xffff, 0xffff, 0xffff, 0xffff, 0xffff, 0xffff, 0xffff, 0xffff, 0xffff, 0xffdf, 0xc638, 0xc618, 
	0xffdf, 0xffff, 0xffff, 0xffff, 0xffff, 0xffff, 0xffff, 0xffff, 0xffff, 0xc618, 0xd69a, 0xffff, 0xffff, 0xffff, 0xffff, 0xffff, 
	0xf7be, 0x8410, 0x528a, 0xc618, 0xffff, 0xffff, 0xffff, 0xd69a, 0x6b4d, 0x528a, 0x9c70, 0xef3b, 0xffff, 0xffff, 0xffff, 0xffff, 
	0xffff, 0xffff, 0xffff, 0xffff, 0xffff, 0xffff, 0xfffe, 0xcd93, 0xe6da, 0xfffe, 0xfffe, 0xffff, 0xffff, 0xde15, 0xcd31, 0xffbc, 
	0xffff, 0xffff, 0xffff, 0xf71a, 0xcd30, 0xffde, 0xffff, 0xffff, 0xffff, 0xffff, 0xffff, 0xf79d, 0xccef, 0xf77c, 0xffff, 0xffff, 
	0xffff, 0xff7b, 0xc4ef, 0xe6b7, 0xffff, 0xffff, 0xffde, 0xffff, 0xe677, 0xd5d4, 0xffff, 0xffff, 0xffff, 0xffff, 0xffff, 0xffff, 
	0xffff, 0xffdf, 0xffff, 0xffff, 0xffff, 0xef1a, 0x9450, 0x528a, 0x738e, 0xdeba, 0xffff, 0xffff, 0xffff, 0xbdd7, 0x528a, 0x8c71, 
	0xffdf, 0xffff, 0xffff, 0xffff, 0xffff, 0xef5d, 0xb596, 0xef7d, 0xffff, 0xffff, 0xffff, 0xffff, 0xffff, 0xffff, 0xffff, 0xffff, 
	0xd69a, 0xbdd7, 0xf7be, 0xffff, 0xffff, 0xffff, 0xffff, 0xffff, 0xffff, 0xffff, 0xffff, 0xffff, 0xffff, 0xef5d, 0xb5b6, 0xd69a, 
	0xf77d, 0xad55, 0xdedb, 0x4a49, 0x9492, 0xffff, 0xffff, 0xffff, 0xffff, 0xdedb, 0x4208, 0xad35, 0xffff, 0xffff, 0xef5d, 0x62eb, 
	0x52aa, 0x5aca, 0x5aca, 0x5aca, 0x5aaa, 0x4a69, 0x7bef, 0xffff, 0xffff, 0xdebb, 0x4208, 0xb5b6, 0xffff, 0xffff, 0xffff, 0xffff, 
	0xffff, 0xffff, 0xffff, 0xffff, 0xffff, 0xffff, 0xffff, 0xffff, 0xffff, 0xffff, 0xffff, 0xffff, 0xffff, 0xffff, 0xffff, 0xffff, 
	0xffff, 0xffff, 0xffff, 0xffff, 0xffff, 0xffff, 0xffff, 0xffff, 0xffff, 0xffff, 0xffff, 0xffff, 0xffff, 0xffff, 0xffff, 0xffff, 
	0xffff, 0xffff, 0xffff, 0xffff, 0xef7d, 0x526a, 0x94b2, 0xffff, 0xffff, 0xffff, 0xce59, 0x4a69, 0x5aaa, 0x5aca, 0x5aca, 0x5aca, 
	0x5acb, 0x4a69, 0x83f0, 0xffdf, 0xdeba, 0x4208, 0xad75, 0xffff, 0xffff, 0xffff, 0xffff, 0xbdd7, 0x41e8, 0xce38, 0xb5b6, 0xdedb, 
	0xffff, 0xef5d, 0xbdd7, 0xd69a, 0xffff, 0xffff, 0xffff, 0xffff, 0xffff, 0xffff, 0xffff, 0xffff, 0xffff, 0xffff, 0xffff, 0xce79, 
	0xbdf7, 0xffdf, 0xffff, 0xffff, 0xffff, 0xffff, 0xffff, 0xffff, 0xffff, 0xffdf, 0xbdd7, 0xdedb, 0xffff, 0xffff, 0xffff, 0xdefb, 
	0x5aeb, 0x738e, 0xef5d, 0xffff, 0xffff, 0xf79e, 0x8c71, 0x41e7, 0x73cf, 0xdefb, 0xde56, 0xbcf0, 0xe698, 0xfffe, 0xffff, 0xffff, 
	0xffff, 0xffff, 0xffff, 0xffff, 0xffff, 0xffff, 0xff9c, 0xcd31, 0xffbd, 0xffff, 0xfffe, 0xffff, 0xffff, 0xffff, 0xe635, 0xcd10, 
	0xffbd, 0xffff, 0xffff, 0xcd92, 0xe677, 0xffff, 0xffff, 0xffff, 0xffff, 0xffff, 0xffff, 0xffff, 0xe615, 0xd5b3, 0xffff, 0xffff, 
	0xf77c, 0xccef, 0xee97, 0xffff, 0xffff, 0xffff, 0xffff, 0xffff, 0xf75c, 0xcd51, 0xffde, 0xffff, 0xffff, 0xffff, 0xffff, 0xffff, 
	0xffff, 0xffff, 0xffff, 0xffdd, 0xe677, 0xbcd0, 0xe677, 0xdedb, 0x6b6e, 0x4207, 0x9cb2, 0xffbf, 0xffff, 0xffff, 0xe71c, 0x6b2d, 
	0x632c, 0xe73c, 0xffff, 0xffff, 0xf79e, 0xb5b6, 0xef5d, 0xffff, 0xffff, 0xffff, 0xffff, 0xffff, 0xffff, 0xffff, 0xffff, 0xce59, 
	0xc618, 0xffdf, 0xffff, 0xffff, 0xffff, 0xffff, 0xffff, 0xffff, 0xffff, 0xffff, 0xffff, 0xffff, 0xd6ba, 0xb5b6, 0xe71c, 0xffff, 
	0xffff, 0xd69a, 0xc5f8, 0xbdf7, 0x4a49, 0xbdf7, 0xffff, 0xffff, 0xffff, 0xffff, 0x9cd3, 0x4a49, 0xe73c, 0xffdf, 0x7bcf, 0x4a69, 
	0x5acb, 0x5aca, 0x5aca, 0x5aca, 0x5aaa, 0x528a, 0xd69a, 0xffff, 0xffdf, 0xffff, 0x8430, 0x5acb, 0xf7be, 0xffff, 0xffff, 0xffff, 
	0xffff, 0xffff, 0xffff, 0xffff, 0xffff, 0xffff, 0xffff, 0xffff, 0xffff, 0xffff, 0xffff, 0xffff, 0xffff, 0xffff, 0xffff, 0xffff, 
	0xffff, 0xffff, 0xffff, 0xffff, 0xffff, 0xffff, 0xffff, 0xffff, 0xffff, 0xffff, 0xffff, 0xffff, 0xffff, 0xffff, 0xffff, 0xffff, 
	0xffff, 0xffff, 0xffff, 0xffff, 0x9cf4, 0x4a69, 0xef5d, 0xffff, 0xffff, 0xffff, 0xf79e, 0x632c, 0x52aa, 0x5aaa, 0x528a, 0x5269, 
	0x528a, 0x52aa, 0x4a69, 0x8410, 0x6b6d, 0x738e, 0xffff, 0xffff, 0xffff, 0xffff, 0xef5d, 0x526a, 0x9492, 0xd69a, 0xbdd7, 0xffff, 
	0xffdf, 0xffff, 0xffdf, 0xc638, 0xbdf7, 0xf79e, 0xffff, 0xffff, 0xffff, 0xffff, 0xffff, 0xffff, 0xffff, 0xffff, 0xffff, 0xffff, 
	0xd69a, 0xbdd7, 0xf7be, 0xffff, 0xffff, 0xffff, 0xffff, 0xffff, 0xffff, 0xffff, 0xf7be, 0xb5b6, 0xe71c, 0xffff, 0xc618, 0x4a69, 
	0x94b2, 0xffff, 0xffff, 0xffff, 0xd679, 0x5acb, 0x4a69, 0xb5b6, 0xffff, 0xffff, 0xd5f4, 0xddf3, 0xcd93, 0xc573, 0xf73a, 0xffff, 
	0xffff, 0xffff, 0xffff, 0xffff, 0xffff, 0xffff, 0xef19, 0xcd51, 0xffff, 0xffff, 0xf7ff, 0xffdf, 0xffde, 0xf7ff, 0xffff, 0xe656, 
	0xcd30, 0xffbc, 0xf6f8, 0xcd50, 0xffdf, 0xffff, 0xffff, 0xffff, 0xffff, 0xffff, 0xffff, 0xfffe, 0xffbe, 0xcd31, 0xeef9, 0xffbd, 
	0xcd11, 0xe656, 0xffff, 0xffff, 0xffdf, 0xffff, 0xf7ff, 0xfffe, 0xfffe, 0xcd31, 0xf75b, 0xffff, 0xffff, 0xffff, 0xffff, 0xffff, 
	0xffff, 0xffff, 0xeef9, 0xc532, 0xd5b3, 0xddb2, 0xde15, 0xffff, 0xffdf, 0xad55, 0x4a49, 0x630c, 0xdeba, 0xffff, 0xffff, 0xffdf, 
	0x8c51, 0x52aa, 0xce79, 0xffff, 0xb5b6, 0xe71c, 0xffff, 0xffff, 0xffff, 0xffff, 0xffff, 0xffff, 0xffff, 0xffff, 0xc618, 0xc638, 
	0xffdf, 0xffff, 0xffff, 0xffff, 0xffff, 0xffff, 0xffff, 0xffff, 0xffff, 0xffff, 0xf7be, 0xc618, 0xc618, 0xf7be, 0xffff, 0xffff, 
	0xffff, 0xffff, 0xbdd7, 0xd67a, 0x9492, 0x5aab, 0xef7d, 0xffff, 0xffff, 0xffff, 0xffff, 0x630c, 0x7bcf, 0x8410, 0x4a49, 0x52aa, 
	0x528a, 0x528a, 0x52aa, 0x5aca, 0x528a, 0x738d, 0xffdf, 0xffff, 0xffdf, 0xffff, 0xe6fc, 0x4228, 0xb596, 0xffff, 0xffff, 0xffff, 
	0xffff, 0xffff, 0xffff, 0xffff, 0xffff, 0xffff, 0xffff, 0xffff, 0xffff, 0xffff, 0xffff, 0xffff, 0xffff, 0xffff, 0xffff, 0xffff, 
	0xffff, 0xffff, 0xffff, 0xffff, 0xffff, 0xffff, 0xffff, 0xffff, 0xffff, 0xffff, 0xffff, 0xffff, 0xffff, 0xffff, 0xffff, 0xffff, 
	0xffff, 0xffff, 0xffff, 0xef5d, 0x528a, 0x9cd3, 0xffff, 0xffff, 0xffdf, 0xffff, 0xffff, 0x73ae, 0x4a49, 0x528a, 0x6b6d, 0x7bef, 
	0x7bcf, 0x630c, 0x5289, 0x4a69, 0x4a69, 0xb595, 0xb596, 0x7bce, 0xd699, 0xffff, 0x8c30, 0x52aa, 0xdefb, 0xa534, 0xffff, 0xffff, 
	0xffff, 0xffff, 0xffff, 0xffff, 0xdedb, 0xb5b6, 0xdefb, 0xffff, 0xffff, 0xffff, 0xffff, 0xffff, 0xffff, 0xffff, 0xffff, 0xffff, 
	0xffff, 0xdedb, 0xb5b6, 0xef7d, 0xffff, 0xffff, 0xffff, 0xffff, 0xffff, 0xffff, 0xffff, 0xef7d, 0xc638, 0xa514, 0x4a69, 0xb596, 
	0xffff, 0xffff, 0xffff, 0xa534, 0x4208, 0x73ae, 0xe73c, 0xffff, 0xffff, 0xffff, 0xd5d4, 0xeeb8, 0xffff, 0xe697, 0xc510, 0xddf3, 
	0xffbd, 0xffff, 0xffff, 0xf7ff, 0xfffe, 0xffff, 0xe655, 0xe615, 0xffff, 0xffff, 0xffff, 0xffff, 0xffff, 0xffff, 0xffff, 0xffff, 
	0xde57, 0xcd52, 0xd52f, 0xf6d8, 0xffff, 0xfffe, 0xf7ff, 0xf7ff, 0xfffe, 0xffff, 0xffff, 0xffde, 0xffff, 0xf6d8, 0xd52f, 0xcd52, 
	0xde35, 0xffff, 0xffff, 0xffff, 0xffff, 0xffff, 0xffff, 0xffff, 0xffff, 0xddf4, 0xe676, 0xffff, 0xffff, 0xffff, 0xffff, 0xffff, 
	0xf75b, 0xd5b2, 0xc531, 0xe6d9, 0xffff, 0xe636, 0xde14, 0xffff, 0xffff, 0xffff, 0xdefb, 0x6b6d, 0x4228, 0xb596, 0xffff, 0xffff, 
	0xffff, 0xad55, 0x5269, 0xa4f4, 0xe73c, 0xffff, 0xffff, 0xffff, 0xffff, 0xffff, 0xffff, 0xffff, 0xffdf, 0xbdf7, 0xce59, 0xffff, 
	0xffff, 0xffff, 0xffff, 0xffff, 0xffff, 0xffff, 0xffff, 0xffff, 0xffff, 0xe71c, 0xb5b6, 0xd69a, 0xffff, 0xffff, 0xffff, 0xffff, 
	0xffff, 0xffff, 0xf7be, 0xce59, 0xf79e, 0x630c, 0x83ef, 0xffff, 0xdeda, 0x9cd2, 0xd679, 0xbdd6, 0x4a48, 0x5289, 0x5269, 0x5aeb, 
	0x738d, 0x73ae, 0x630c, 0x4a69, 0x4a49, 0x8430, 0xffff, 0xffff, 0xffff, 0xffff, 0xffff, 0x8430, 0x5acb, 0xf79e, 0xffff, 0xffff, 
	0xffff, 0xffff, 0xffff, 0xffff, 0xffff, 0xffff, 0xffff, 0xffff, 0xffff, 0xffff, 0xffff, 0xffff, 0xffff, 0xffff, 0xffff, 0xffff, 
	0xffff, 0xffff, 0xffff, 0xffff, 0xffff, 0xffff, 0xffff, 0xffff, 0xffff, 0xffff, 0xffff, 0xffff, 0xffff, 0xffff, 0xffff, 0xffff, 
	0xffff, 0xffff, 0xffff, 0xa514, 0x4a49, 0xef5d, 0xffff, 0xffff, 0xffff, 0xef5d, 0x8c71, 0x52aa, 0x7bef, 0xd6ba, 0xffdf, 0xffff, 
	0xffff, 0xf79e, 0xbdf7, 0x528a, 0x630c, 0x5aaa, 0x4a49, 0x4208, 0xad55, 0xd6ba, 0x4207, 0xc618, 0xb5b6, 0xdefb, 0xef7d, 0xb596, 
	0x73ae, 0xc618, 0xffff, 0xffff, 0xffff, 0xef7d, 0xbdd7, 0xce59, 0xffdf, 0xffff, 0xffff, 0xffff, 0xffff, 0xffff, 0xffff, 0xffff, 
	0xffff, 0xffff, 0xe71c, 0xb5b6, 0xef5d, 0xffff, 0xffff, 0xffff, 0xffff, 0xffff, 0xffff, 0xffff, 0x94b2, 0x4a49, 0xce59, 0xffff, 
	0xffff, 0xf77d, 0x8410, 0x39e7, 0xa514, 0xffff, 0xffff, 0xffff, 0xffff, 0xffff, 0xd5d4, 0xee98, 0xffff, 0xffff, 0xffbd, 0xddf4, 
	0xccef, 0xe656, 0xffde, 0xffff, 0xffdd, 0xffff, 0xcd93, 0xeed8, 0xffff, 0xffff, 0xffff, 0xffff, 0xffff, 0xffff, 0xffff, 0xffff, 
	0xffff, 0xddf4, 0xccae, 0xfffe, 0xf7ff, 0xfffe, 0xfffd, 0xf7ff, 0xffff, 0xf7ff, 0xffff, 0xfffe, 0xffff, 0xffff, 0xccee, 0xddb3, 
	0xfffe, 0xffff, 0xffff, 0xffff, 0xffff, 0xffff, 0xffff, 0xffff, 0xffff, 0xeeb8, 0xd5b3, 0xffff, 0xffde, 0xffff, 0xffdf, 0xde35, 
	0xccee, 0xe656, 0xffff, 0xfffe, 0xffff, 0xe616, 0xde15, 0xffff, 0xffff, 0xffff, 0xffff, 0xffdf, 0x94b2, 0x39e7, 0x8c51, 0xf79e, 
	0xffff, 0xffff, 0xc618, 0x4a69, 0xad55, 0xffff, 0xffff, 0xffff, 0xffff, 0xffff, 0xffff, 0xf7be, 0xbdd7, 0xd69a, 0xffff, 0xffff, 
	0xffff, 0xffff, 0xffff, 0xffff, 0xffff, 0xffff, 0xffff, 0xffff, 0xce79, 0xb5b6, 0xef5d, 0xffff, 0xffff, 0xffff, 0xffff, 0xffff, 
	0xffff, 0xffff, 0xffff, 0xe6fc, 0xbdd7, 0xc618, 0x4208, 0xce79, 0xad55, 0x39e7, 0x5269, 0x632c, 0x5aeb, 0x52aa, 0xbdb6, 0xef5d, 
	0xffdf, 0xffff, 0xf79e, 0xc618, 0x6b4d, 0x632c, 0xb5b6, 0xf79e, 0xffff, 0xffff, 0xffff, 0xdefb, 0x4228, 0xb596, 0xffff, 0xffff, 
	0xffff, 0xffff, 0xffff, 0xffff, 0xffff, 0xffff, 0xffff, 0xffff, 0xffff, 0xffff, 0xffff, 0xffff, 0xffff, 0xffff, 0xffff, 0xffff, 
	0xffff, 0xffff, 0xffff, 0xffff, 0xffff, 0xffff, 0xffff, 0xffff, 0xffff, 0xffff, 0xffff, 0xffff, 0xffff, 0xffff, 0xffff, 0xffff, 
	0xffff, 0xffff, 0xf7be, 0x52aa, 0x94b2, 0xffff, 0xffff, 0xffff, 0xffff, 0xe73c, 0x4a69, 0x39c7, 0xad75, 0xffff, 0xffff, 0xffff, 
	0xffff, 0xffff, 0xad55, 0x528a, 0xc638, 0x5aeb, 0x5aaa, 0x5289, 0x7bae, 0x6b4c, 0x7bef, 0xd6ba, 0xb5b6, 0xffff, 0xa514, 0x0000, 
	0x0000, 0x6b6d, 0xffff, 0xffff, 0xffff, 0xffff, 0xffff, 0xce59, 0xbdd7, 0xef7d, 0xffff, 0xffff, 0xffff, 0xffff, 0xffff, 0xffff, 
	0xffff, 0xffff, 0xffff, 0xef5d, 0xb5b6, 0xe71c, 0xffff, 0xffff, 0xffff, 0xffff, 0xffff, 0x9492, 0x528a, 0xdedb, 0xffff, 0xffff, 
	0xe71c, 0x630c, 0x4a69, 0xc638, 0xffff, 0xffff, 0xffff, 0xffff, 0xffff, 0xffff, 0xd5f4, 0xee98, 0xffff, 0xfffe, 0xffff, 0xffff, 
	0xf77c, 0xd592, 0xd510, 0xeed9, 0xffff, 0xffde, 0xc531, 0xff9c, 0xffff, 0xffff, 0xffff, 0xffff, 0xffff, 0xfffe, 0xf7ff, 0xffff, 
	0xffff, 0xddf4, 0xc4ce, 0xde35, 0xffff, 0xffff, 0xfffe, 0xfffe, 0xf7ff, 0xffff, 0xffff, 0xf7ff, 0xffff, 0xe677, 0xc4ef, 0xdd91, 
	0xffff, 0xffff, 0xffff, 0xffff, 0xffff, 0xffff, 0xffff, 0xffff, 0xffff, 0xff7c, 0xcd31, 0xffdd, 0xffff, 0xeef9, 0xd530, 0xd572, 
	0xf77c, 0xffff, 0xffff, 0xffff, 0xffff, 0xe616, 0xde35, 0xffff, 0xffff, 0xffff, 0xffff, 0xffff, 0xffff, 0xbdf7, 0x4a49, 0x6b4d, 
	0xef3c, 0xffff, 0xffff, 0xd67a, 0x4a69, 0x9cf3, 0xffff, 0xffff, 0xffff, 0xffff, 0xf79e, 0xb5b6, 0xdedb, 0xffff, 0xffff, 0xffff, 
	0xffff, 0xffff, 0xffff, 0xffff, 0xffff, 0xffff, 0xf79e, 0xbdf7, 0xc638, 0xffdf, 0xffff, 0xffff, 0xffff, 0xffff, 0xffff, 0xbdf7, 
	0x94b2, 0xad55, 0xe73c, 0xffff, 0xc618, 0xdeba, 0x8c71, 0x5acb, 0x8430, 0x528a, 0x52aa, 0x5aca, 0xbdd7, 0x5269, 0xbdd7, 0xffff, 
	0xffff, 0xffff, 0xffff, 0xffff, 0xad55, 0x39e7, 0x4a69, 0xe73c, 0xffff, 0xffff, 0xffff, 0xffff, 0x8410, 0x630c, 0xffff, 0xffff, 
	0xffdf, 0xffff, 0xffff, 0xffff, 0xffff, 0xffff, 0xffff, 0xffff, 0xffff, 0xffff, 0xffff, 0xffff, 0xffff, 0xffff, 0xffff, 0xffff, 
	0xffff, 0xffff, 0xffff, 0xffff, 0xffff, 0xffff, 0xffff, 0xffff, 0xffff, 0xffff, 0xffff, 0xffff, 0xffff, 0xffff, 0xffff, 0xffff, 
	0xffff, 0xa514, 0x738e, 0x528a, 0xef3d, 0xffff, 0xffff, 0xffff, 0xffff, 0xffff, 0x9492, 0x8c71, 0xd6ba, 0xffff, 0xffff, 0xffff, 
	0xffff, 0xef5c, 0x4a48, 0x9cf3, 0xffff, 0x6b6d, 0x4208, 0x5aca, 0x5aaa, 0x5269, 0xd6ba, 0xad75, 0xf7be, 0xffff, 0xdefb, 0x0861, 
	0x0000, 0x39c7, 0xffff, 0xffff, 0xffff, 0xffff, 0xffff, 0xffff, 0xe71c, 0xb5b6, 0xdedb, 0xffff, 0xffff, 0xffff, 0xffff, 0xffff, 
	0xffff, 0xffff, 0xffff, 0xffff, 0xf79e, 0xb5b6, 0xdedb, 0xffff, 0xffff, 0xffff, 0x8c71, 0x5acb, 0xef5d, 0xffff, 0xffff, 0xd69a, 
	0x528a, 0x630c, 0xe71c, 0xffff, 0xffff, 0xffff, 0xffff, 0xffff, 0xffff, 0xffff, 0xd5f4, 0xee98, 0xffff, 0xf7ff, 0xffff, 0xffff, 
	0xffff, 0xffff, 0xeef9, 0xcd31, 0xd5b3, 0xee97, 0xd572, 0xffff, 0xffff, 0xffff, 0xffff, 0xffff, 0xffff, 0xffff, 0xffff, 0xffff, 
	0xf77c, 0xc531, 0xff5a, 0xcd0f, 0xee97, 0xffff, 0xffff, 0xffff, 0xffff, 0xfffe, 0xffff, 0xf7ff, 0xf71a, 0xccee, 0xff5a, 0xcd31, 
	0xf75b, 0xffff, 0xf7ff, 0xffff, 0xffff, 0xffff, 0xffff, 0xffff, 0xffff, 0xffff, 0xd572, 0xee96, 0xd5b4, 0xc530, 0xeed9, 0xffff, 
	0xffff, 0xffff, 0xffff, 0xf7ff, 0xffff, 0xe615, 0xde35, 0xffff, 0xffff, 0xffff, 0xffff, 0xffff, 0xffff, 0xffff, 0xdedb, 0x5acb, 
	0x5aab, 0xdedb, 0xffff, 0xffff, 0xe6fb, 0x528a, 0x9cd3, 0xffff, 0xffff, 0xe73c, 0xb5b6, 0xe71c, 0xffff, 0xffff, 0xffff, 0xffff, 
	0xffff, 0xffff, 0xffff, 0xffff, 0xffff, 0xdefb, 0xb5b6, 0xdefb, 0xffff, 0xffff, 0xffff, 0xffff, 0xffff, 0xffff, 0xf79e, 0x4228, 
	0x0000, 0x0000, 0x6b4d, 0xffff, 0xffdf, 0xad55, 0xffdf, 0x528a, 0x83ef, 0x5aeb, 0x4228, 0x6b6d, 0xffff, 0x8c71, 0x52aa, 0xf79e, 
	0xffff, 0xffff, 0xffff, 0xffff, 0xb5b6, 0x632c, 0x7bef, 0xffff, 0xffff, 0xffff, 0xffff, 0xffff, 0xdedb, 0x5269, 0x8410, 0xc618, 
	0xffff, 0xffff, 0xffff, 0xffff, 0xffff, 0xffff, 0xffff, 0xffff, 0xffff, 0xffff, 0xffff, 0xffff, 0xffff, 0xffff, 0xffff, 0xffff, 
	0xffff, 0xffff, 0xffff, 0xffff, 0xffff, 0xffff, 0xffff, 0xffff, 0xffff, 0xffff, 0xffff, 0xffff, 0xffff, 0xffff, 0xffff, 0xffff, 
	0xffff, 0xad75, 0x4a49, 0x4a69, 0x8410, 0xce79, 0xffff, 0xffff, 0xffff, 0xffff, 0xffff, 0xffff, 0xffff, 0xffff, 0xffff, 0xffff, 
	0xffff, 0x9492, 0x528a, 0xef7d, 0xffff, 0xb5b6, 0xad55, 0xce79, 0x52aa, 0xa4f3, 0xc5f7, 0x9cf3, 0xf79e, 0xffff, 0xd69a, 0x2124, 
	0x9492, 0xd6ba, 0xffff, 0xffff, 0xffff, 0xffff, 0xffff, 0xffdf, 0xffff, 0xf7be, 0xbdf7, 0xc638, 0xf7be, 0xffff, 0xffff, 0xffff, 
	0xffff, 0xffff, 0xffff, 0xffff, 0xffff, 0xf7be, 0xbdd7, 0xd6ba, 0xffff, 0x9492, 0x52aa, 0x738e, 0xe71c, 0xffff, 0xc618, 0x4a28, 
	0x73ae, 0xf79e, 0xffff, 0xffff, 0xffff, 0xffff, 0xffff, 0xffff, 0xffff, 0xffff, 0xd5f4, 0xe677, 0xffff, 0xffff, 0xffff, 0xffff, 
	0xf7ff, 0xffff, 0xffff, 0xfffe, 0xe676, 0xd4ad, 0xdd91, 0xffff, 0xffff, 0xffff, 0xffff, 0xffff, 0xffff, 0xffff, 0xffff, 0xffff, 
	0xde55, 0xd615, 0xffff, 0xf73b, 0xc4ef, 0xf77c, 0xffff, 0xffff, 0xffff, 0xffff, 0xffff, 0xffbd, 0xcd0f, 0xeed9, 0xffff, 0xde56, 
	0xddd3, 0xffff, 0xffff, 0xffff, 0xffff, 0xffff, 0xffff, 0xffff, 0xffff, 0xffff, 0xe5d2, 0xccac, 0xe636, 0xffde, 0xffff, 0xffff, 
	0xffff, 0xffff, 0xffff, 0xffff, 0xffff, 0xde36, 0xde35, 0xffff, 0xffff, 0xffff, 0xffff, 0xffff, 0xffff, 0xffff, 0xffff, 0xef5d, 
	0x6b4d, 0x4a69, 0xd69a, 0xffff, 0xce79, 0x6b6d, 0x528a, 0xa514, 0xef7d, 0xb5b6, 0xef5d, 0xffff, 0xffff, 0xffff, 0xffff, 0xffff, 
	0xffff, 0xffff, 0xffff, 0xffdf, 0xce59, 0xbdf7, 0xf79e, 0xffff, 0xffff, 0xffff, 0xffff, 0xffff, 0xffff, 0xad75, 0x2945, 0x0000, 
	0x0020, 0x0000, 0x7bef, 0xf7be, 0xffff, 0xe71c, 0xbdd7, 0xe73c, 0x4208, 0xce59, 0x8c71, 0xa534, 0xffff, 0xe71c, 0x4a48, 0xa534, 
	0xffff, 0xffff, 0xffff, 0xffff, 0xffff, 0xffdf, 0xf79e, 0xffff, 0xffff, 0xffff, 0xffff, 0xdedb, 0x9492, 0x4a69, 0x4a28, 0xb596, 
	0xffff, 0xffff, 0xffff, 0xffff, 0xffff, 0xffff, 0xffff, 0xffff, 0xffff, 0xffff, 0xffff, 0xffff, 0xffff, 0xffff, 0xffff, 0xffff, 
	0xffff, 0xffff, 0xffff, 0xffff, 0xffff, 0xffff, 0xffff, 0xffff, 0xffff, 0xffff, 0xffff, 0xffff, 0xffff, 0xffff, 0xffff, 0xffff, 
	0xffff, 0xce59, 0x528a, 0xa514, 0x6b4d, 0x4208, 0x6b4d, 0xbdf7, 0xf7be, 0xffff, 0xffff, 0xffdf, 0xffdf, 0xffff, 0xffff, 0xffff, 
	0xe73c, 0x4a28, 0xad34, 0xffff, 0xffff, 0xffff, 0xffff, 0x9cd3, 0x528a, 0xdefb, 0xad75, 0xe73c, 0x94b2, 0x4a49, 0x0861, 0x0000, 
	0xa534, 0xffff, 0xffff, 0xffff, 0xffff, 0xffff, 0x738e, 0xdedb, 0xffff, 0xffff, 0xffff, 0xd6ba, 0xb5b6, 0xe73c, 0xffff, 0xffff, 
	0xffff, 0xffff, 0xffff, 0xffff, 0xffff, 0xffff, 0xffdf, 0xce79, 0x8430, 0x52aa, 0xef3c, 0xce79, 0x738e, 0xad55, 0x4228, 0x8410, 
	0xffde, 0xffff, 0xffff, 0xffff, 0xf7ff, 0xffff, 0xffff, 0xffff, 0xffff, 0xffff, 0xd5f4, 0xe656, 0xffff, 0xffff, 0xffff, 0xffff, 
	0xffff, 0xffff, 0xffff, 0xf7ff, 0xffff, 0xe635, 0xcc8d, 0xdd94, 0xffbe, 0xffff, 0xfffe, 0xffff, 0xffff, 0xffff, 0xffff, 0xffdf, 
	0xcd30, 0xf73a, 0xf7ff, 0xffff, 0xe676, 0xcd2f, 0xffde, 0xffff, 0xf7ff, 0xffff, 0xffff, 0xd592, 0xe614, 0xffff, 0xffff, 0xf77c, 
	0xcd30, 0xf7bd, 0xffff, 0xffff, 0xffff, 0xffff, 0xffff, 0xffff, 0xfffe, 0xde15, 0xc48d, 0xe5f3, 0xffff, 0xffff, 0xffff, 0xffff, 
	0xffff, 0xffff, 0xffff, 0xffff, 0xffff, 0xde36, 0xde14, 0xffff, 0xffff, 0xf7ff, 0xf7ff, 0xffff, 0xffff, 0xffff, 0xffff, 0xffff, 
	0xf7be, 0x7bae, 0x4a69, 0xad34, 0x6b6d, 0xe6fb, 0xdefb, 0x5269, 0x9cd3, 0xf7be, 0xffff, 0xffff, 0xffff, 0xffff, 0xffff, 0xffff, 
	0xffff, 0xffff, 0xef5d, 0xb5b6, 0xce79, 0xffff, 0xffff, 0xffff, 0xffff, 0xffff, 0xffff, 0xd6ba, 0x528a, 0x0000, 0x0000, 0x0000, 
	0x0861, 0x0881, 0x73ae, 0xce59, 0xe73c, 0xf79e, 0xbdd7, 0xe6fc, 0x738e, 0x6b6d, 0xf7df, 0xf7bf, 0xffff, 0xffff, 0x94b2, 0x528a, 
	0xf79e, 0xffff, 0xffff, 0xffff, 0xffff, 0xffff, 0xffff, 0xffff, 0xffff, 0xce79, 0x7bcf, 0x4228, 0x630c, 0x9492, 0x528a, 0xdedb, 
	0xffff, 0xffff, 0xffff, 0xffff, 0xffff, 0xffff, 0xffff, 0xffff, 0xffff, 0xffff, 0xffff, 0xffff, 0xffff, 0xffff, 0xffff, 0xffff, 
	0xffff, 0xffff, 0xffff, 0xffff, 0xffff, 0xffff, 0xffff, 0xffff, 0xffff, 0xffff, 0xffff, 0xffff, 0xffff, 0xffff, 0xffff, 0xffff, 
	0xffff, 0x73ae, 0x6b6d, 0xffff, 0xffdf, 0xce59, 0x7bef, 0x4228, 0x5acb, 0xa534, 0xef5d, 0xffff, 0xffff, 0xffdf, 0xffff, 0xffff, 
	0x9492, 0x52aa, 0xf79e, 0xffff, 0xffff, 0xffff, 0xe6fc, 0x4228, 0xb596, 0xbdd7, 0xdedb, 0xffff, 0x8430, 0x0000, 0x0000, 0x0020, 
	0x0020, 0x52aa, 0xd69a, 0xffff, 0xffff, 0xbdd7, 0x0000, 0x7bef, 0xffff, 0xffff, 0xffff, 0xffff, 0xef5d, 0xbdd7, 0xd69a, 0xffff, 
	0xffff, 0xffff, 0xffff, 0xffff, 0xffff, 0xffff, 0xffff, 0xad75, 0x4a49, 0xdedb, 0xffff, 0xffff, 0xa4f3, 0x3985, 0x8c91, 0xffff, 
	0xffff, 0xffff, 0xffff, 0xffff, 0xffdf, 0xffff, 0xffff, 0xfffe, 0xffff, 0xffff, 0xde14, 0xde56, 0xffff, 0xffff, 0xffff, 0xffff, 
	0xffff, 0xffff, 0xffff, 0xf7ff, 0xffff, 0xd5d3, 0xeeb7, 0xe635, 0xcd10, 0xef3b, 0xffff, 0xffff, 0xffff, 0xffff, 0xffff, 0xeef9, 
	0xcd51, 0xfffe, 0xffff, 0xffff, 0xfffe, 0xddb3, 0xddd3, 0xffff, 0xffff, 0xffff, 0xe655, 0xcd72, 0xfffe, 0xfffe, 0xfffe, 0xffff, 
	0xd5b3, 0xe697, 0xffff, 0xffff, 0xffff, 0xffff, 0xffff, 0xffbd, 0xcd72, 0xd5b2, 0xee97, 0xd592, 0xffff, 0xf7ff, 0xffff, 0xffff, 
	0xffff, 0xffff, 0xffff, 0xffff, 0xffff, 0xde56, 0xde14, 0xffff, 0xffff, 0xffff, 0xfffe, 0xffff, 0xffff, 0xffff, 0xffff, 0xffff, 
	0xffff, 0xffff, 0x842f, 0x3986, 0xbdb6, 0xffff, 0xffff, 0xce79, 0x4a69, 0xbdf7, 0xffff, 0xffff, 0xffff, 0xffff, 0xffff, 0xffff, 
	0xffff, 0xd6ba, 0xb5b6, 0xe73c, 0xffff, 0xffff, 0xffff, 0xffff, 0xffff, 0xf7be, 0x8430, 0x1082, 0x0000, 0x0000, 0x0000, 0x4228, 
	0xce79, 0x4a89, 0x0841, 0x18e3, 0x9d14, 0xffff, 0xe71c, 0xb596, 0xc618, 0x4a29, 0xad76, 0xffdf, 0xffdf, 0xffff, 0xe73c, 0x4a49, 
	0xa534, 0xffff, 0xffff, 0xffff, 0xffff, 0xffff, 0xf7be, 0xbdd7, 0x632c, 0x4208, 0x6b4d, 0xbdf7, 0xffdf, 0xffff, 0x630c, 0x8430, 
	0xffff, 0xffff, 0xffff, 0xffff, 0xffff, 0xffff, 0xffff, 0xffff, 0xffff, 0xffff, 0xffff, 0xffff, 0xffff, 0xffff, 0xffff, 0xffff, 
	0xffff, 0xffff, 0xffff, 0xffff, 0xffff, 0xffff, 0xffff, 0xffff, 0xffff, 0xffff, 0xffff, 0xffff, 0xffff, 0xffff, 0xffff, 0xffff, 
	0xdefb, 0x4228, 0xbdd7, 0xffff, 0xffff, 0xffff, 0xffff, 0xdedb, 0x9492, 0x4a69, 0x4a69, 0x9492, 0xdefb, 0xffff, 0xffff, 0xe73c, 
	0x4a49, 0xa534, 0xffff, 0xffff, 0xffff, 0xffff, 0x8c51, 0x5aeb, 0xdedb, 0xb576, 0xffff, 0xffff, 0xb5b6, 0x0000, 0x0000, 0x0000, 
	0x0000, 0x0000, 0x0861, 0x73ae, 0xdefb, 0x39c7, 0x0000, 0x0841, 0xce59, 0xffff, 0xffff, 0xffff, 0xffff, 0xffdf, 0xc638, 0xbdf7, 
	0xf79e, 0xffff, 0xffff, 0xffff, 0xffff, 0xffff, 0xc618, 0x4a49, 0xce79, 0xffff, 0xffff, 0xc618, 0x4a29, 0x8c71, 0xddd4, 0xddf3, 
	0xeeb7, 0xff9c, 0xffff, 0xffff, 0xffff, 0xffff, 0xffff, 0xffff, 0xffff, 0xffff, 0xd615, 0xde57, 0xffff, 0xffff, 0xffff, 0xffff, 
	0xffff, 0xffff, 0xffff, 0xffff, 0xfffe, 0xcd91, 0xef3a, 0xffff, 0xeeb8, 0xc4ef, 0xe697, 0xffff, 0xffff, 0xffff, 0xffff, 0xd592, 
	0xe697, 0xffff, 0xffff, 0xffde, 0xffff, 0xffde, 0xcd10, 0xee97, 0xffff, 0xf719, 0xccee, 0xf79d, 0xffff, 0xfffe, 0xffff, 0xffff, 
	0xeef9, 0xd550, 0xffff, 0xffff, 0xffff, 0xffff, 0xf73a, 0xc4ef, 0xde35, 0xffff, 0xf77c, 0xcd71, 0xfffe, 0xf7ff, 0xffff, 0xffff, 
	0xffff, 0xffff, 0xffff, 0xffff, 0xffff, 0xde56, 0xde15, 0xffff, 0xffff, 0xffff, 0xffff, 0xffff, 0xffff, 0xffff, 0xffff, 0xf77b, 
	0xee97, 0xddd3, 0xddd5, 0x8430, 0x4a69, 0xd67a, 0xffff, 0xffff, 0xc618, 0x4a49, 0xce79, 0xffff, 0xffff, 0xffff, 0xffff, 0xf7be, 
	0xc618, 0xc618, 0xf7be, 0xffff, 0xffff, 0xffff, 0xffff, 0xffff, 0xbdd7, 0x3186, 0x0000, 0x0000, 0x0000, 0x2104, 0x9cf3, 0xce59, 
	0x5b0b, 0x0861, 0x0020, 0x0000, 0x8c51, 0xf7be, 0xf7be, 0xd67a, 0xef7d, 0x8430, 0x630c, 0xdf1c, 0xffff, 0xffff, 0xffff, 0x94b2, 
	0x528a, 0xf79e, 0xffff, 0xffff, 0xef5d, 0xa514, 0x5acb, 0x4228, 0x7bef, 0xce79, 0xffff, 0xffff, 0xffff, 0xffff, 0xad55, 0x4a69, 
	0xef5d, 0xffff, 0xffff, 0xffff, 0xffff, 0xffff, 0xffff, 0xffff, 0xffff, 0xffff, 0xffff, 0xffff, 0xffff, 0xffff, 0xffff, 0xffff, 
	0xffff, 0xffff, 0xffff, 0xffff, 0xffff, 0xffff, 0xffff, 0xffff, 0xffff, 0xffff, 0xffff, 0xffff, 0xffff, 0xffff, 0xffff, 0xffff, 
	0x9cd3, 0x52aa, 0xf7be, 0xffff, 0xffff, 0xffff, 0xffff, 0xffff, 0xffff, 0xef5d, 0xa514, 0x5acb, 0x4228, 0x7bef, 0xd69a, 0x9cd3, 
	0x52aa, 0xf79e, 0xffff, 0xffff, 0xffff, 0xdefb, 0x4228, 0xb5b6, 0xbdd7, 0xe71c, 0xffff, 0xffff, 0xd6ba, 0x2124, 0x94b2, 0x94b2, 
	0x18c3, 0x0000, 0x0000, 0x0000, 0x10a2, 0x0020, 0x0020, 0x4a69, 0x2945, 0x2104, 0xd6ba, 0xffff, 0xffff, 0xffff, 0xffff, 0xdefb, 
	0xb5b6, 0xe71c, 0xffff, 0xffff, 0xffff, 0xdefb, 0x4a69, 0xb5b6, 0xffff, 0xffff, 0xd69a, 0x4228, 0x8c10, 0xffff, 0xddb3, 0xd570, 
	0xd5b3, 0xcd31, 0xd572, 0xde36, 0xf73a, 0xffbe, 0xffff, 0xffff, 0xffff, 0xffff, 0xde15, 0xde56, 0xffff, 0xffff, 0xffff, 0xffff, 
	0xffff, 0xffff, 0xffff, 0xffff, 0xffdd, 0xd550, 0xf77c, 0xffff, 0xffff, 0xf75b, 0xd50f, 0xddd3, 0xffff, 0xffff, 0xf77c, 0xcd0f, 
	0xffbd, 0xffff, 0xffff, 0xffff, 0xffff, 0xffff, 0xf75b, 0xccef, 0xf71a, 0xcd30, 0xeef9, 0xffff, 0xfffe, 0xffff, 0xffff, 0xffff, 
	0xfffe, 0xd52f, 0xf73b, 0xffff, 0xffff, 0xe676, 0xc4ef, 0xeed9, 0xffff, 0xffff, 0xff9d, 0xcd30, 0xffbc, 0xffff, 0xffff, 0xffff, 
	0xffff, 0xffff, 0xffff, 0xffff, 0xffff, 0xde36, 0xde15, 0xffff, 0xffff, 0xffff, 0xffff, 0xffde, 0xef1a, 0xddf4, 0xcd50, 0xcd51, 
	0xddd3, 0xd54f, 0xe5f4, 0xf7df, 0x7baf, 0x4a69, 0xdedb, 0xffff, 0xffff, 0xad35, 0x528a, 0xe73c, 0xffff, 0xffff, 0xe73c, 0xb5b6, 
	0xd6ba, 0xffff, 0xffff, 0xffdf, 0xffff, 0xffff, 0xe71c, 0x630c, 0x0000, 0x0000, 0x0000, 0x0020, 0x6b6d, 0xce79, 0x8c71, 0x18c3, 
	0x0000, 0x0020, 0x0841, 0x1903, 0x6b6d, 0xef7d, 0xffff, 0xd6ba, 0xc638, 0xd69a, 0x52aa, 0xb595, 0xffdf, 0xffff, 0xffff, 0xe71c, 
	0x4a49, 0xad75, 0xe71c, 0x8c71, 0x4a69, 0x4a69, 0x9492, 0xdefb, 0xffff, 0xffff, 0xffff, 0xffff, 0xffff, 0xffff, 0xef5d, 0x4a69, 
	0xad55, 0xffff, 0xffff, 0xffff, 0xffff, 0xffff, 0xffff, 0xffff, 0xffff, 0xffff, 0xffff, 0xffff, 0xffff, 0xffff, 0xffff, 0xffff, 
	0xffff, 0xffff, 0xffff, 0xffff, 0xffff, 0xffff, 0xffff, 0xffff, 0xffff, 0xffff, 0xffff, 0xffff, 0xffff, 0xffff, 0xffff, 0xf7be, 
	0x5acb, 0x94b2, 0xffff, 0xffff, 0xffff, 0xffff, 0xffff, 0xffff, 0xffff, 0xffff, 0xffff, 0xf79e, 0xb5b6, 0x6b2d, 0x5269, 0x4a69, 
	0x8410, 0xffdf, 0xffff, 0xffff, 0xffff, 0x8c51, 0x62ec, 0xdedb, 0xb596, 0xffff, 0xffdf, 0xffff, 0xef7d, 0xce79, 0xffff, 0xffff, 
	0xdefb, 0x632c, 0x0020, 0x0000, 0x0000, 0x0020, 0x0020, 0xad55, 0xbdf7, 0x6b6d, 0xef5d, 0xffff, 0xffff, 0xffff, 0xce79, 0xdedb, 
	0xef7d, 0xbdd7, 0xce59, 0xffff, 0xf79e, 0x5aeb, 0x9cd3, 0xffff, 0xffff, 0xe71c, 0x5269, 0x73ae, 0xffde, 0xffff, 0xe676, 0xddf3, 
	0xffff, 0xf7bd, 0xeef8, 0xddf4, 0xcd72, 0xcd31, 0xd591, 0xe656, 0xf73b, 0xfffe, 0xde14, 0xde56, 0xffff, 0xffff, 0xffff, 0xffff, 
	0xffff, 0xffff, 0xffff, 0xffff, 0xff9d, 0xcd10, 0xff9d, 0xffff, 0xffff, 0xffff, 0xffde, 0xd592, 0xcd51, 0xff9c, 0xe635, 0xddf4, 
	0xffff, 0xffff, 0xffff, 0xffff, 0xfffe, 0xffff, 0xffff, 0xeed8, 0xc46d, 0xe656, 0xffff, 0xfffe, 0xffff, 0xffff, 0xffff, 0xffff, 
	0xffff, 0xe656, 0xd5d4, 0xffde, 0xd5d3, 0xd530, 0xff7b, 0xffff, 0xffff, 0xffff, 0xffde, 0xcd30, 0xf77b, 0xffff, 0xffff, 0xffff, 
	0xffff, 0xffff, 0xffff, 0xffff, 0xffff, 0xde35, 0xe634, 0xfffe, 0xf77b, 0xe677, 0xd593, 0xcd31, 0xd572, 0xde35, 0xf719, 0xf7de, 
	0xffff, 0xd5b3, 0xeeb8, 0xffff, 0xf7be, 0x6b4d, 0x5aaa, 0xef3d, 0xffff, 0xffff, 0x8c51, 0x6b4d, 0xf7be, 0xd69a, 0xb5b6, 0xef5d, 
	0xffff, 0xffff, 0xffff, 0xffff, 0xffdf, 0x9492, 0x18c3, 0x0000, 0x0000, 0x0000, 0x4208, 0xb5b6, 0xb596, 0x39e7, 0x0000, 0x0000, 
	0x0041, 0x0841, 0x39e7, 0xb5b6, 0xdedb, 0xffdf, 0xffff, 0xf7be, 0xbdf7, 0xef7d, 0x840f, 0x7bef, 0xffdf, 0xffff, 0xffff, 0xffff, 
	0x8410, 0x52aa, 0x52aa, 0x5acb, 0xa534, 0xef5d, 0xffff, 0xffff, 0xffff, 0xffff, 0xffff, 0xffff, 0xffff, 0xffff, 0xffff, 0x8430, 
	0x632c, 0xffff, 0xffff, 0xffff, 0xffff, 0xffff, 0xffff, 0xffff, 0xffff, 0xffff, 0xffff, 0xffff, 0xffff, 0xffff, 0xffff, 0xffff, 
	0xffff, 0xffff, 0xffff, 0xffff, 0xffff, 0xffff, 0xffff, 0xffff, 0xffff, 0xffff, 0xffff, 0xffff, 0xffff, 0xffff, 0xffff, 0xc638, 
	0x4228, 0xdedb, 0xffff, 0xffff, 0xffff, 0xffff, 0xffff, 0xffff, 0xffff, 0xffff, 0xffff, 0xffff, 0xffff, 0xffff, 0x9cd3, 0x4a49, 
	0x5aeb, 0xdefb, 0xffff, 0xffff, 0xe71c, 0x4a49, 0xb5b6, 0xbdd7, 0xe71c, 0xffff, 0xffdf, 0xffff, 0xffff, 0xffff, 0xffff, 0xffff, 
	0xffff, 0xffff, 0xce59, 0x18e3, 0x0000, 0x0020, 0x0020, 0x0020, 0x5aeb, 0xdedb, 0xffff, 0xffff, 0xffff, 0xe73c, 0x39c7, 0x8410, 
	0xffff, 0xffff, 0xce79, 0xce59, 0x7bef, 0x738e, 0xffff, 0xffff, 0xf77e, 0x630c, 0x630c, 0xf79e, 0xffff, 0xffff, 0xf75b, 0xcd51, 
	0xffde, 0xffde, 0xffff, 0xffff, 0xffff, 0xff9c, 0xeed8, 0xd5d3, 0xcd51, 0xcd72, 0xccee, 0xddf4, 0xfffe, 0xffff, 0xffff, 0xffff, 
	0xffff, 0xffff, 0xffff, 0xffff, 0xf73c, 0xcd31, 0xfffe, 0xffff, 0xf7ff, 0xffff, 0xffff, 0xffff, 0xe656, 0xcd30, 0xcd10, 0xf75b, 
	0xffff, 0xffff, 0xffff, 0xffff, 0xffff, 0xffff, 0xf7ff, 0xffde, 0xd530, 0xff7c, 0xffff, 0xffff, 0xffff, 0xffff, 0xffff, 0xffff, 
	0xffff, 0xf7bd, 0xcd30, 0xcd30, 0xd5d4, 0xfffe, 0xffff, 0xffff, 0xffff, 0xffff, 0xffff, 0xd572, 0xef1a, 0xffff, 0xffff, 0xffff, 
	0xffff, 0xffff, 0xffff, 0xffff, 0xffff, 0xe634, 0xcd0e, 0xcd92, 0xcd30, 0xd5b3, 0xeeb8, 0xff9c, 0xfffe, 0xffff, 0xffff, 0xffde, 
	0xf7bd, 0xcd31, 0xff9c, 0xffff, 0xffff, 0xef5d, 0x5aab, 0x6b4d, 0xf7be, 0xffff, 0xffdf, 0x738e, 0x7bef, 0xce79, 0xf7be, 0xffff, 
	0xffff, 0xef7d, 0xdefb, 0xc618, 0x4208, 0x0000, 0x0000, 0x0000, 0x18e3, 0x8c71, 0xce59, 0x6b4d, 0x0020, 0x0000, 0x0020, 0x0041, 
	0x1082, 0x4a69, 0xd69a, 0xffff, 0xffff, 0xffff, 0xffff, 0xffff, 0xdedb, 0xce59, 0xb596, 0x6b4c, 0xc638, 0xffff, 0xffff, 0xd69a, 
	0x4a69, 0x4a49, 0x9cd3, 0xf7be, 0xffff, 0xffff, 0xffff, 0xffff, 0xffff, 0xffff, 0xffff, 0xffff, 0xffff, 0xffff, 0xffff, 0xce59, 
	0x4228, 0xd6ba, 0xffff, 0xffff, 0xffff, 0xffff, 0xffff, 0xffff, 0xffff, 0xffff, 0xffff, 0xffff, 0xffff, 0xffff, 0xffff, 0xffff, 
	0xffff, 0xffff, 0xffff, 0xffff, 0xffff, 0xffff, 0xffff, 0xffff, 0xffff, 0xffff, 0xffff, 0xffff, 0xffff, 0xffff, 0xffff, 0x8410, 
	0x6b6d, 0xffff, 0xffff, 0xffff, 0xffff, 0xffff, 0xffff, 0xffff, 0xffff, 0xffff, 0xffff, 0xffff, 0xffff, 0xffff, 0x6b4d, 0x8430, 
	0xef7d, 0xffff, 0xffff, 0xffff, 0x9492, 0x5acb, 0xdedb, 0xb596, 0xffff, 0xffff, 0xffff, 0xffff, 0xffff, 0xffff, 0xffff, 0xffff, 
	0xffff, 0xffff, 0xad55, 0x10a2, 0x0020, 0x0020, 0x0000, 0x0000, 0x0000, 0x0861, 0x73ae, 0x8c71, 0x4a49, 0x1082, 0x0000, 0x4a49, 
	0xffff, 0xffff, 0xffff, 0xa514, 0x528a, 0xef5d, 0xffff, 0xffff, 0x7bef, 0x4a69, 0xe71c, 0xffff, 0xffdf, 0xffff, 0xffff, 0xd531, 
	0xf71b, 0xffff, 0xffff, 0xffff, 0xffff, 0xffff, 0xffff, 0xffff, 0xfffe, 0xf77c, 0xe614, 0xcc8d, 0xcd51, 0xe656, 0xffbd, 0xffff, 
	0xffff, 0xffff, 0xffff, 0xffff, 0xeed9, 0xd592, 0xfffe, 0xf7ff, 0xffff, 0xffff, 0xffff, 0xffff, 0xffff, 0xeeb7, 0xc4cf, 0xffbd, 
	0xffff, 0xffff, 0xffff, 0xffff, 0xffff, 0xffff, 0xffff, 0xf7fe, 0xcd51, 0xff7d, 0xffff, 0xffff, 0xffff, 0xffff, 0xffff, 0xffff, 
	0xffff, 0xffdd, 0xc4cf, 0xe635, 0xffff, 0xffff, 0xffff, 0xffff, 0xffff, 0xffff, 0xffff, 0xd5d4, 0xee76, 0xffff, 0xffff, 0xfffe, 
	0xffff, 0xffff, 0xfffe, 0xeed8, 0xd592, 0xccad, 0xddb2, 0xef5b, 0xffbc, 0xffff, 0xffff, 0xffff, 0xffff, 0xffff, 0xffff, 0xffff, 
	0xf6d8, 0xcd92, 0xffff, 0xffff, 0xffff, 0xffff, 0xd6ba, 0x4a49, 0x8c71, 0xffff, 0xffff, 0xef5d, 0x528a, 0xa514, 0xffff, 0xffff, 
	0xffff, 0x9cf3, 0x0861, 0x0841, 0x0000, 0x0000, 0x0020, 0x5aeb, 0xc618, 0x94b2, 0x1904, 0x0000, 0x0020, 0x0041, 0x0882, 0x2124, 
	0x7bcf, 0xdefb, 0xffff, 0xffff, 0xffff, 0xffff, 0xffff, 0xffff, 0xf79e, 0xbdd7, 0xd6ba, 0x7bef, 0x8c71, 0xffff, 0xffff, 0xf79e, 
	0xdedb, 0x738e, 0x7bcf, 0xffff, 0xffff, 0xffff, 0xffff, 0xffff, 0xffff, 0xffff, 0xffff, 0xffff, 0xffff, 0xffff, 0xffff, 0xffdf, 
	0x5aeb, 0x9492, 0xffff, 0xffff, 0xffff, 0xffff, 0xffff, 0xffff, 0xffff, 0xffff, 0xffff, 0xffff, 0xffff, 0xffff, 0xffff, 0xffff, 
	0xffff, 0xffff, 0xffff, 0xffff, 0xffff, 0xffff, 0xffff, 0xffff, 0xffff, 0xffff, 0xffff, 0xffff, 0xffff, 0xffff, 0xef7d, 0x4a69, 
	0xad75, 0xffff, 0xffff, 0xffff, 0xffff, 0xffff, 0xffff, 0xffff, 0xffff, 0xffff, 0xffff, 0xffff, 0xffff, 0xce79, 0x4228, 0xd69a, 
	0xffff, 0xffff, 0xffff, 0xef7d, 0x528a, 0xa534, 0xad55, 0xbdd7, 0xf7be, 0xffff, 0xffff, 0xffff, 0xffff, 0xffff, 0xffff, 0xffff, 
	0xffff, 0xffff, 0x8410, 0x0000, 0x0000, 0xad55, 0x7bef, 0x0841, 0x0000, 0x0000, 0x0000, 0x0000, 0x0000, 0x0000, 0x0000, 0x10a2, 
	0xe71c, 0xffff, 0xdefb, 0x4a69, 0xc638, 0xffff, 0xffff, 0xa514, 0x4208, 0xce59, 0xffff, 0xffff, 0xffdf, 0xffff, 0xffff, 0xddd4, 
	0xe657, 0xffff, 0xffff, 0xffff, 0xffff, 0xffff, 0xffff, 0xffff, 0xffff, 0xffff, 0xf73b, 0xcd71, 0xf73a, 0xd5b4, 0xcd10, 0xddd3, 
	0xf71a, 0xffff, 0xffff, 0xffff, 0xe698, 0xd5f4, 0xffff, 0xffff, 0xffff, 0xffff, 0xffff, 0xffff, 0xffff, 0xf71a, 0xc48d, 0xd571, 
	0xffbd, 0xffff, 0xffff, 0xffff, 0xffff, 0xffff, 0xfffe, 0xfffe, 0xcd50, 0xff7c, 0xffff, 0xffff, 0xffff, 0xffff, 0xffff, 0xffff, 
	0xffbd, 0xd591, 0xc48c, 0xf719, 0xffff, 0xffff, 0xffff, 0xffff, 0xffff, 0xffff, 0xffff, 0xde36, 0xde36, 0xffff, 0xffff, 0xffff, 
	0xff9c, 0xe655, 0xcd51, 0xcd72, 0xeed8, 0xd592, 0xf6f9, 0xffff, 0xffff, 0xf7ff, 0xffff, 0xffff, 0xffff, 0xffff, 0xffff, 0xffff, 
	0xde14, 0xde36, 0xffff, 0xffff, 0xffff, 0xffff, 0xffff, 0xbdf7, 0x39e7, 0xa534, 0xffff, 0xffff, 0xc638, 0x4a69, 0xdefb, 0xffff, 
	0xffff, 0x8c71, 0x0000, 0x0020, 0x0000, 0x2986, 0xa534, 0xb5b6, 0x4228, 0x0000, 0x0000, 0x0040, 0x0861, 0x2985, 0x8c92, 0xc618, 
	0xf7be, 0xffdf, 0xffff, 0xffff, 0xffff, 0xffdf, 0xffff, 0xffff, 0xef5d, 0xad55, 0xb5b6, 0xb5b6, 0x5aeb, 0xffdf, 0xffff, 0xffff, 
	0xffff, 0xc618, 0x4228, 0xdedb, 0xffff, 0xffff, 0xffff, 0xffff, 0xffff, 0xffff, 0xffff, 0xffff, 0xffff, 0xffff, 0xffff, 0xffff, 
	0x9cd3, 0x52aa, 0xf7be, 0xffff, 0xffff, 0xffff, 0xffff, 0xffff, 0xffff, 0xffff, 0xffff, 0xffff, 0xffff, 0xffff, 0xffff, 0xffff, 
	0xffff, 0xffff, 0xffff, 0xffff, 0xffff, 0xffff, 0xffff, 0xffff, 0xffff, 0xffff, 0xffff, 0xffff, 0xffff, 0xffff, 0xbdd7, 0x4a69, 
	0xe73c, 0xffff, 0xffff, 0xffff, 0xffff, 0xffff, 0xffff, 0xffff, 0xffff, 0xffff, 0xffff, 0xffff, 0xffff, 0x8410, 0x632c, 0xffff, 
	0xffff, 0xffff, 0xffff, 0xad55, 0x4a69, 0xdedb, 0xad55, 0xd69a, 0xb5b6, 0xce59, 0xef7d, 0xffff, 0xffff, 0xffff, 0xffff, 0xffff, 
	0xffff, 0xffff, 0xef5d, 0x0861, 0x528a, 0xffff, 0xffff, 0xce79, 0x4a49, 0x0000, 0x0000, 0x0841, 0x0000, 0x4a69, 0x9cf3, 0xce59, 
	0xf7be, 0xffff, 0x6b4d, 0x9492, 0xffff, 0xffff, 0xd679, 0x4208, 0xa534, 0xffff, 0xffff, 0xffff, 0xffff, 0xffff, 0xffff, 0xeed9, 
	0xcd93, 0xffff, 0xffff, 0xffff, 0xffff, 0xffff, 0xffff, 0xffff, 0xffff, 0xffff, 0xf79d, 0xc552, 0xffdd, 0xffff, 0xff9c, 0xe635, 
	0xcd30, 0xcd72, 0xeed8, 0xfffd, 0xde36, 0xde56, 0xffff, 0xffdf, 0xffff, 0xffff, 0xffff, 0xffff, 0xffff, 0xddd3, 0xe677, 0xe656, 
	0xd4ee, 0xf719, 0xffff, 0xffff, 0xffff, 0xffff, 0xfffe, 0xf7fe, 0xcd50, 0xff9c, 0xffff, 0xffff, 0xffff, 0xffff, 0xffff, 0xf6f8, 
	0xccee, 0xde56, 0xe676, 0xddf3, 0xffff, 0xffff, 0xffff, 0xffff, 0xffff, 0xfffe, 0xffff, 0xe698, 0xddf5, 0xfffe, 0xf73a, 0xddf4, 
	0xcd10, 0xddb3, 0xf71a, 0xffff, 0xfffe, 0xc572, 0xf75b, 0xffff, 0xffff, 0xffff, 0xffff, 0xffff, 0xffff, 0xffff, 0xffff, 0xfffe, 
	0xcd72, 0xef1a, 0xffff, 0xffff, 0xffff, 0xffff, 0xffff, 0xffff, 0x94b2, 0x4208, 0xd679, 0xffff, 0xffff, 0x9492, 0x6b4d, 0xffff, 
	0xffdf, 0x7bcf, 0x0000, 0x0000, 0x39e7, 0xc659, 0x73ae, 0x0861, 0x0000, 0x0040, 0x0841, 0x10a2, 0x5acb, 0xc638, 0xffdf, 0xffff, 
	0xffff, 0xffff, 0xffff, 0xffff, 0xf7be, 0xf7be, 0xe73c, 0xc618, 0xc638, 0xe71c, 0xb5b6, 0xe71c, 0x528a, 0xbdd7, 0xffff, 0xffff, 
	0xffff, 0xf7be, 0x5acb, 0x9492, 0xffff, 0xffff, 0xffff, 0xffff, 0xffff, 0xffff, 0xffff, 0xffff, 0xffff, 0xffff, 0xffff, 0xffff, 
	0xdedb, 0x4228, 0xce79, 0xffff, 0xffff, 0xffff, 0xffff, 0xffff, 0xffff, 0xffff, 0xffff, 0xffff, 0xffff, 0xffff, 0xffff, 0xffff, 
	0xffff, 0xffff, 0xffff, 0xffff, 0xffff, 0xffff, 0xffff, 0xffff, 0xffff, 0xffff, 0xffff, 0xffff, 0xffdf, 0x9cd3, 0x630c, 0x73ae, 
	0xffff, 0xffff, 0xffff, 0xffff, 0xffff, 0xffff, 0xffff, 0xffff, 0xffff, 0xffff, 0xffff, 0xffff, 0xe73c, 0x4a69, 0xad75, 0xffff, 
	0xffff, 0xffff, 0xffdf, 0x630c, 0x8c71, 0xce59, 0xce79, 0xffff, 0xf7be, 0xd6ba, 0xbdd7, 0xc618, 0xe73c, 0xffff, 0xffff, 0xffff, 
	0xffff, 0xffff, 0xffff, 0x8430, 0xce59, 0xffff, 0xffff, 0xffff, 0xffff, 0xad55, 0x2945, 0x0000, 0x0000, 0x94b2, 0xffff, 0xffff, 
	0xffff, 0xad55, 0x5acb, 0xf7be, 0xffff, 0xf79e, 0x5acb, 0x7bcf, 0xffff, 0xffff, 0xffff, 0xffff, 0xffff, 0xffff, 0xffff, 0xffbe, 
	0xcd31, 0xff9c, 0xffff, 0xffff, 0xffff, 0xffff, 0xffff, 0xffff, 0xffff, 0xffff, 0xffde, 0xcd51, 0xff7b, 0xffff, 0xffff, 0xffff, 
	0xfffe, 0xeed8, 0xcd72, 0xc551, 0xcd0f, 0xeed7, 0xffff, 0xffff, 0xffff, 0xffff, 0xffff, 0xffff, 0xff7c, 0xc510, 0xff7b, 0xffff, 
	0xe6d9, 0xccee, 0xde35, 0xfffe, 0xffff, 0xffff, 0xffff, 0xf7fe, 0xcd51, 0xf77c, 0xffff, 0xffff, 0xffff, 0xffdd, 0xddf4, 0xd4ef, 
	0xeef9, 0xffff, 0xff5b, 0xcd10, 0xff9c, 0xffff, 0xffff, 0xffff, 0xffff, 0xffff, 0xffff, 0xf71a, 0xcd10, 0xcd93, 0xc510, 0xde36, 
	0xf79d, 0xffff, 0xffff, 0xffff, 0xffbd, 0xc551, 0xffbd, 0xffff, 0xffff, 0xffff, 0xffff, 0xffff, 0xffff, 0xffff, 0xffff, 0xff7b, 
	0xcd51, 0xffde, 0xffff, 0xffff, 0xffff, 0xffff, 0xffff, 0xffff, 0xffdf, 0x6b6d, 0x5acb, 0xf79e, 0xffff, 0xf7be, 0x5acb, 0xad55, 
	0xffff, 0xef5d, 0xb5b6, 0x4a69, 0x2104, 0x3186, 0x0000, 0x0020, 0x0040, 0x0861, 0x39e7, 0xa555, 0xf79e, 0xffff, 0xffff, 0xffff, 
	0xffff, 0xf7be, 0xf79e, 0xf79e, 0xdedb, 0xbdd7, 0xce59, 0xef7d, 0xffff, 0xffff, 0xd69a, 0xbdd7, 0x94b2, 0x738e, 0xffff, 0xffff, 
	0xffff, 0xffff, 0x9cf3, 0x52aa, 0xf79e, 0xffff, 0xffff, 0xffff, 0xffff, 0xffff, 0xffff, 0xffff, 0xffff, 0xffff, 0xffff, 0xffff, 
	0xffdf, 0x6b4d, 0x6b4d, 0xa514, 0xffff, 0xffff, 0xffff, 0xffff, 0xffff, 0xffff, 0xffff, 0xffff, 0xffff, 0xffff, 0xffff, 0xffff, 
	0xffff, 0xffff, 0xffff, 0xffff, 0xffff, 0xffff, 0xffff, 0xffff, 0xffff, 0xffff, 0xffff, 0xffff, 0xffdf, 0x8c51, 0x4a69, 0x4a69, 
	0x632c, 0xa514, 0xdedb, 0xffdf, 0xffff, 0xffff, 0xffff, 0xffff, 0xffff, 0xffff, 0xffff, 0xffff, 0xad55, 0x4a69, 0xef5d, 0xffff, 
	0xffff, 0xffff, 0xce59, 0x4228, 0xce79, 0xad75, 0xffdf, 0xffff, 0xffff, 0xffff, 0xffdf, 0xdefb, 0xbdf7, 0xbdf7, 0xdefb, 0xffdf, 
	0xffff, 0xffff, 0xffff, 0xffff, 0xffff, 0xffff, 0xffff, 0xffff, 0xffff, 0xffff, 0xf79e, 0x528a, 0x0000, 0x4a69, 0xce59, 0xef5d, 
	0xe71c, 0x52aa, 0xd69a, 0xffff, 0xffff, 0x8c51, 0x5269, 0xe73c, 0xffff, 0xffff, 0xffff, 0xffff, 0xffff, 0xfffe, 0xffff, 0xffff, 
	0xdd91, 0xeed8, 0xffff, 0xffff, 0xffff, 0xffff, 0xffff, 0xffff, 0xffff, 0xffff, 0xffff, 0xd572, 0xf71a, 0xffff, 0xffff, 0xffff, 
	0xffff, 0xffff, 0xffff, 0xf75a, 0xccef, 0xeed7, 0xffff, 0xffff, 0xffff, 0xfffe, 0xffff, 0xffff, 0xde14, 0xd5f5, 0xffff, 0xfffe, 
	0xffff, 0xf79d, 0xd592, 0xcd50, 0xf77b, 0xffff, 0xffff, 0xfffe, 0xd530, 0xff7c, 0xffff, 0xffff, 0xf73a, 0xcd30, 0xddb3, 0xffbe, 
	0xffff, 0xffde, 0xfffe, 0xd5d4, 0xe655, 0xffff, 0xffff, 0xffff, 0xffff, 0xffff, 0xffff, 0xe697, 0xc510, 0xe6d9, 0xffde, 0xffff, 
	0xffff, 0xffff, 0xffff, 0xffff, 0xf75b, 0xcd71, 0xfffe, 0xffff, 0xffff, 0xffff, 0xffff, 0xffff, 0xffff, 0xffff, 0xffff, 0xeeb8, 
	0xd5b3, 0xffff, 0xffff, 0xffff, 0xffff, 0xffff, 0xffff, 0xffff, 0xffff, 0xdefb, 0x4a49, 0x8c51, 0xffff, 0xffff, 0xd69a, 0x52aa, 
	0xe71c, 0xd69a, 0xdedb, 0x8410, 0x0000, 0x0000, 0x0040, 0x0040, 0x1903, 0x94b2, 0xe73c, 0xffff, 0xffff, 0xffff, 0xffff, 0xffdf, 
	0xef5d, 0xe73c, 0xce79, 0xbdf7, 0xd69a, 0xf79e, 0xffff, 0xffff, 0xffff, 0xffff, 0xf7be, 0xb596, 0xd69a, 0x4228, 0xdedb, 0xffff, 
	0xffff, 0xffff, 0xdefb, 0x4a49, 0xbdd7, 0xffff, 0xffff, 0xffff, 0xffff, 0xffff, 0xffff, 0xffff, 0xffff, 0xffdf, 0xdedb, 0x9cf3, 
	0x632c, 0x4a69, 0x4a69, 0x94b2, 0xffff, 0xffff, 0xffff, 0xffff, 0xffff, 0xffff, 0xffff, 0xffff, 0xffff, 0xffff, 0xffff, 0xffff, 
	0xffff, 0xffff, 0xffff, 0xffff, 0xffff, 0xffff, 0xffff, 0xffff, 0xffff, 0xffff, 0xffff, 0xffff, 0xffff, 0xc638, 0x4a69, 0xb5b6, 
	0x8c71, 0x52aa, 0x4228, 0x630c, 0x9cf3, 0xd6ba, 0xffff, 0xffff, 0xffff, 0xffff, 0xffff, 0xffff, 0x6b6d, 0x7bef, 0xffff, 0xffff, 
	0xffff, 0xffff, 0x8410, 0x6b6d, 0xd69a, 0xbdf7, 0xffff, 0xffff, 0xffff, 0xffff, 0xffff, 0xffff, 0xffff, 0xef5d, 0xc638, 0xbdd7, 
	0xd69a, 0xf7be, 0xffff, 0xffff, 0xffff, 0xffff, 0xffff, 0xffff, 0xffff, 0xffdf, 0xffff, 0x8c71, 0x0000, 0x4208, 0xef7d, 0xc638, 
	0x73ce, 0x630c, 0x94b2, 0xe75d, 0xd679, 0x41c7, 0xbdd7, 0xffff, 0xffff, 0xffdf, 0xffff, 0xffff, 0xffff, 0xfffe, 0xffff, 0xffff, 
	0xe656, 0xd5d3, 0xffff, 0xf7ff, 0xffff, 0xffff, 0xffff, 0xffff, 0xffff, 0xfffe, 0xffff, 0xddd4, 0xee98, 0xffff, 0xffff, 0xffff, 
	0xffff, 0xffff, 0xffff, 0xffff, 0xeef8, 0xcd30, 0xffdf, 0xffff, 0xffff, 0xffff, 0xffff, 0xff9d, 0xcd10, 0xf79d, 0xffff, 0xffff, 
	0xfffe, 0xffff, 0xffff, 0xe677, 0xc4ef, 0xf6f9, 0xffff, 0xffdc, 0xcd51, 0xff5c, 0xffff, 0xeeb7, 0xc4ef, 0xe6d9, 0xffff, 0xffff, 
	0xffff, 0xffff, 0xffff, 0xf75b, 0xcd10, 0xffdd, 0xffff, 0xffff, 0xffff, 0xffff, 0xffde, 0xcd10, 0xff3a, 0xffff, 0xffff, 0xffff, 
	0xffff, 0xffff, 0xffff, 0xffff, 0xeef9, 0xd593, 0xffff, 0xfffe, 0xf7ff, 0xffff, 0xffff, 0xffff, 0xffff, 0xffff, 0xffff, 0xd5d3, 
	0xe677, 0xffff, 0xffff, 0xffff, 0xffff, 0xffff, 0xffff, 0xffff, 0xffff, 0xffff, 0xad75, 0x41e7, 0xd679, 0xe75d, 0x94b2, 0x630c, 
	0x73ce, 0xdedb, 0xffdf, 0x8430, 0x0861, 0x0020, 0x10a2, 0x6b4d, 0xd69a, 0xffff, 0xffff, 0xffff, 0xffdf, 0xf79e, 0xe71c, 0xdefb, 
	0xce59, 0xc618, 0xdedb, 0xffdf, 0xffff, 0xffff, 0xffff, 0xffff, 0xffff, 0xffff, 0xffff, 0xdedb, 0xce59, 0x5aeb, 0x94b2, 0xffff, 
	0xffff, 0xffff, 0xffff, 0x6b6d, 0x7bcf, 0xffff, 0xffff, 0xffff, 0xffff, 0xffff, 0xffdf, 0xd6ba, 0x9cd3, 0x630c, 0x4228, 0x52aa, 
	0x9492, 0xad75, 0x4a69, 0xd6ba, 0xffff, 0xffff, 0xffff, 0xffff, 0xffff, 0xffff, 0xffff, 0xffff, 0xffff, 0xffff, 0xffff, 0xffff, 
	0xffff, 0xffff, 0xffff, 0xffff, 0xffff, 0xffff, 0xffff, 0xffff, 0xffff, 0xffff, 0xffff, 0xffff, 0xffff, 0x8430, 0x6b4d, 0xffff, 
	0xffff, 0xf79e, 0xc638, 0x8c71, 0x5acb, 0x4228, 0x5aeb, 0x9cd3, 0xce79, 0xf7be, 0xffff, 0xe71c, 0x4228, 0xc618, 0xffff, 0xffff, 
	0xffff, 0xef5d, 0x4a69, 0xb596, 0xbdd7, 0xef3d, 0xffff, 0xffff, 0xffff, 0xffff, 0xffff, 0xffff, 0xffff, 0xffff, 0xffff, 0xef7d, 
	0xce59, 0xbdd7, 0xce59, 0xef7d, 0xffff, 0xffff, 0xffff, 0xffff, 0xffff, 0xffff, 0xffdf, 0x4228, 0x0000, 0x0861, 0xf7be, 0xd6ba, 
	0x4a49, 0x52aa, 0x4208, 0xad55, 0x6b4c, 0x9450, 0xffff, 0xffff, 0xf7df, 0xffff, 0xf7ff, 0xf7ff, 0xffff, 0xffff, 0xffff, 0xffff, 
	0xf75b, 0xcd50, 0xffdc, 0xffff, 0xffff, 0xffff, 0xffff, 0xf7ff, 0xffdf, 0xfffe, 0xffff, 0xe636, 0xde14, 0xffff, 0xffff, 0xffff, 
	0xffff, 0xffff, 0xffff, 0xffff, 0xffff, 0xd5b3, 0xe636, 0xffff, 0xffff, 0xffff, 0xffff, 0xe616, 0xddb4, 0xffff, 0xffff, 0xffff, 
	0xffff, 0xffff, 0xffff, 0xffff, 0xef19, 0xc4f0, 0xeef9, 0xfffe, 0xc571, 0xff9c, 0xe6b8, 0xc4f0, 0xf73b, 0xffff, 0xffff, 0xffff, 
	0xffff, 0xffff, 0xffff, 0xffff, 0xd572, 0xe676, 0xffff, 0xf7ff, 0xffff, 0xffff, 0xddf4, 0xddf3, 0xffff, 0xffff, 0xffff, 0xffff, 
	0xffff, 0xffff, 0xffff, 0xffff, 0xee76, 0xe5b4, 0xffff, 0xfffe, 0xf7ff, 0xffff, 0xffff, 0xffff, 0xffff, 0xffff, 0xffde, 0xcd50, 
	0xf75b, 0xffff, 0xffff, 0xfffe, 0xffff, 0xffff, 0xffff, 0xffff, 0xffff, 0xffff, 0xffdf, 0x6b6d, 0x6b4c, 0xad55, 0x4208, 0x52aa, 
	0x4a49, 0xdedb, 0xf79e, 0xef7d, 0x4a49, 0x39e7, 0xb596, 0xffff, 0xffff, 0xffff, 0xffff, 0xf7be, 0xd69a, 0xce79, 0xc638, 0xce59, 
	0xe73c, 0xffff, 0xffff, 0xffff, 0xffff, 0xffff, 0xffff, 0xffff, 0xffff, 0xffff, 0xffff, 0xdefb, 0xc5f8, 0xa514, 0x5aaa, 0xf7be, 
	0xffff, 0xffff, 0xffff, 0xb575, 0x4a69, 0xef7d, 0xffff, 0xf7be, 0xce79, 0x9492, 0x5aeb, 0x4228, 0x5acb, 0x8c71, 0xce59, 0xf79e, 
	0xffff, 0xffff, 0x5acb, 0x9cd3, 0xffff, 0xffff, 0xffff, 0xffff, 0xffff, 0xffff, 0xffff, 0xffff, 0xffff, 0xffff, 0xffff, 0xffff, 
	0xffff, 0xffff, 0xffff, 0xffff, 0xffff, 0xffff, 0xffff, 0xffff, 0xffff, 0xffff, 0xffff, 0xffff, 0xf7be, 0x52aa, 0xa514, 0xffff, 
	0xffff, 0xffff, 0xffff, 0xffff, 0xf7be, 0xce59, 0x8c71, 0x5aeb, 0x4228, 0x5aeb, 0x9cd3, 0x8c51, 0x630c, 0xffdf, 0xffff, 0xffff, 
	0xffff, 0xb596, 0x4a49, 0xd6ba, 0xb596, 0xffff, 0xffff, 0xffff, 0xffff, 0xffff, 0xffff, 0xffff, 0xffff, 0xffff, 0xffff, 0xffff, 
	0xffff, 0xf7be, 0xd6ba, 0xbdd7, 0xc618, 0xe73c, 0xffff, 0xffff, 0xffff, 0xffff, 0xd6ba, 0x4a69, 0x73ae, 0x8c51, 0xef5d, 0x7bcf, 
	0x5aeb, 0x4a89, 0x5269, 0x5a89, 0x6b2b, 0xdedb, 0xf79e, 0xf7be, 0xef7d, 0xffff, 0xffff, 0xffff, 0xffff, 0xffff, 0xffff, 0xffff, 
	0xfffe, 0xcd92, 0xf77c, 0xffff, 0xffff, 0xffff, 0xffff, 0xffff, 0xffff, 0xf7ff, 0xffff, 0xee98, 0xddb3, 0xffff, 0xffff, 0xffff, 
	0xffff, 0xffff, 0xffff, 0xffff, 0xffff, 0xf77c, 0xccce, 0xf77c, 0xffff, 0xffff, 0xffde, 0xcd31, 0xf73b, 0xffff, 0xffff, 0xffff, 
	0xffff, 0xffff, 0xffff, 0xfffd, 0xffff, 0xf73a, 0xc4ef, 0xf73a, 0xd592, 0xee97, 0xc4ef, 0xf75b, 0xffff, 0xffde, 0xffff, 0xffff, 
	0xffff, 0xffff, 0xffff, 0xffff, 0xef1a, 0xcd51, 0xfffe, 0xffff, 0xffff, 0xf75b, 0xccee, 0xff9d, 0xffff, 0xffff, 0xffff, 0xffff, 
	0xffff, 0xffff, 0xffff, 0xffff, 0xde15, 0xe657, 0xffff, 0xffff, 0xffff, 0xfffe, 0xffdf, 0xffff, 0xffff, 0xffff, 0xf75a, 0xcd92, 
	0xfffe, 0xffff, 0xffff, 0xffff, 0xffff, 0xffff, 0xffff, 0xffff, 0xffff, 0xffff, 0xffff, 0xded9, 0x5aa9, 0x5a89, 0x5269, 0x4a89, 
	0x5aeb, 0xa514, 0xef7d, 0xdedb, 0xad75, 0xef5d, 0xffff, 0xffff, 0xffff, 0xf7be, 0xd6ba, 0xc618, 0xc618, 0xce79, 0xef5d, 0xffff, 
	0xffff, 0xffff, 0xffff, 0xffff, 0xffff, 0xffff, 0xffff, 0xffff, 0xffff, 0xffff, 0xffff, 0xffff, 0xb596, 0xd67a, 0x4a28, 0xc638, 
	0xffff, 0xffff, 0xffff, 0xef7d, 0x52aa, 0x9cb2, 0x9cb2, 0x5acb, 0x4228, 0x5aeb, 0x9492, 0xce59, 0xf7be, 0xffff, 0xffff, 0xffff, 
	0xffff, 0xffff, 0x9492, 0x630c, 0xffdf, 0xffff, 0xffff, 0xffff, 0xffff, 0xffff, 0xffff, 0xffff, 0xffff, 0xffff, 0xffff, 0xffff, 
	0xffff, 0xffff, 0xffff, 0xffff, 0xffff, 0xffff, 0xffff, 0xffff, 0xffff, 0xffff, 0xffff, 0xffff, 0xd69a, 0x4228, 0xd6ba, 0xffff, 
	0xffff, 0xffff, 0xffff, 0xffff, 0xffff, 0xffff, 0xffff, 0xf7be, 0xce79, 0x94b2, 0x630c, 0x4a69, 0x4a69, 0xbdf7, 0xffff, 0xffff, 
	0xffff, 0x738e, 0x83f0, 0xce79, 0xce59, 0xffff, 0xffff, 0xffff, 0xffff, 0xffff, 0xffff, 0xffff, 0xffff, 0xffff, 0xffff, 0xffff, 
	0xffff, 0xffff, 0xffff, 0xffff, 0xdefb, 0xbdf7, 0xbdf7, 0xdefb, 0xffdf, 0xffff, 0xffff, 0xffff, 0xffff, 0xffff, 0xbdf7, 0x630c, 
	0xc638, 0x6b6d, 0x8c51, 0x4a48, 0xb512, 0xc573, 0xd5f5, 0xd5f4, 0xd5f4, 0xd5d4, 0xd615, 0xd5f4, 0xd5f4, 0xd5f4, 0xd5f4, 0xd5f5, 
	0xddf3, 0xccee, 0xddb2, 0xeed8, 0xf73b, 0xff7c, 0xffde, 0xffff, 0xffff, 0xffff, 0xffff, 0xf73b, 0xcd52, 0xffff, 0xffff, 0xffff, 
	0xffff, 0xffff, 0xffff, 0xffff, 0xffff, 0xffff, 0xe655, 0xd5b3, 0xffff, 0xffff, 0xeed9, 0xd552, 0xffff, 0xffff, 0xffff, 0xffff, 
	0xffff, 0xffff, 0xffff, 0xf7ff, 0xfffe, 0xffff, 0xe697, 0xd550, 0xdd71, 0xccee, 0xeed9, 0xfffe, 0xffff, 0xffff, 0xffff, 0xffff, 
	0xffff, 0xffff, 0xffff, 0xffff, 0xffff, 0xcd50, 0xf73a, 0xffff, 0xffff, 0xd592, 0xe656, 0xffff, 0xffff, 0xffff, 0xffff, 0xffff, 
	0xffff, 0xffff, 0xffff, 0xffff, 0xd5b3, 0xeed8, 0xffff, 0xffff, 0xffff, 0xffff, 0xfffe, 0xfffe, 0xff9d, 0xf75b, 0xde15, 0xcd0f, 
	0xe655, 0xde36, 0xde36, 0xde35, 0xde15, 0xde15, 0xddf4, 0xd5f4, 0xd5f4, 0xd5f4, 0xd5f4, 0xe6b7, 0x9cb0, 0x4228, 0x8c51, 0x6b6d, 
	0xc638, 0x738e, 0xd69a, 0xffff, 0xffff, 0xffff, 0xffff, 0xf7be, 0xd6ba, 0xb5b6, 0xbdf7, 0xd6ba, 0xf7be, 0xffff, 0xffff, 0xffff, 
	0xffff, 0xffff, 0xffff, 0xffff, 0xffff, 0xffff, 0xffff, 0xffff, 0xffff, 0xffff, 0xffff, 0xffff, 0xc618, 0xd69a, 0x736e, 0x8430, 
	0xffff, 0xffff, 0xffff, 0xb596, 0x4a49, 0x5269, 0x630c, 0x94d2, 0xd69a, 0xffdf, 0xffff, 0xffff, 0xffff, 0xffff, 0xffff, 0xffff, 
	0xffff, 0xffff, 0xc638, 0x4a49, 0xdefb, 0xffff, 0xffff, 0xffff, 0xffff, 0xffff, 0xffff, 0xffff, 0xffff, 0xffff, 0xffff, 0xffff, 
	0xffff, 0xffff, 0xffff, 0xffff, 0xffff, 0xffff, 0xffff, 0xffff, 0xffff, 0xffff, 0xffff, 0xffff, 0xa514, 0x52aa, 0xf7be, 0xffff, 
	0xffff, 0xffff, 0xffff, 0xffff, 0xffff, 0xffff, 0xffff, 0xffff, 0xffff, 0xffff, 0xdefb, 0x528a, 0x8410, 0xce59, 0xffff, 0xffff, 
	0xef3c, 0x4a49, 0xbdd7, 0xb596, 0xf79e, 0xffff, 0xffff, 0xffff, 0xffff, 0xffff, 0xffff, 0xffff, 0xffff, 0xffff, 0xffff, 0xffff, 
	0xffff, 0xffff, 0xffff, 0xffff, 0xffff, 0xffff, 0xe73c, 0xc638, 0xbdd7, 0xd69a, 0xf7be, 0xffff, 0xffff, 0xffdf, 0x632c, 0xad55, 
	0xffff, 0xffff, 0x94b2, 0x52eb, 0xef1b, 0xcd94, 0xde57, 0xeed9, 0xe697, 0xde36, 0xe677, 0xe677, 0xe676, 0xe677, 0xe677, 0xe677, 
	0xe676, 0xe655, 0xccad, 0xddb2, 0xcd72, 0xcd31, 0xcd51, 0xd553, 0xddb3, 0xe636, 0xee96, 0xeed6, 0xcd2e, 0xffdd, 0xffff, 0xffff, 
	0xffff, 0xffff, 0xffff, 0xffff, 0xffff, 0xffff, 0xffde, 0xc510, 0xeef9, 0xffff, 0xd5b4, 0xe657, 0xffff, 0xffff, 0xffff, 0xffff, 
	0xffff, 0xffff, 0xffff, 0xffff, 0xffff, 0xffff, 0xffff, 0xd551, 0xcc2a, 0xd592, 0xffff, 0xfffd, 0xf7ff, 0xffff, 0xffff, 0xffff, 
	0xffff, 0xffff, 0xffff, 0xffff, 0xffff, 0xde15, 0xde15, 0xffff, 0xeef9, 0xc531, 0xffde, 0xffff, 0xffff, 0xffff, 0xffff, 0xffff, 
	0xffff, 0xffff, 0xffff, 0xffff, 0xd551, 0xeef8, 0xf73a, 0xeed9, 0xde76, 0xddf4, 0xd592, 0xcd52, 0xc552, 0xcd71, 0xccac, 0xddf3, 
	0xde14, 0xde15, 0xde15, 0xde35, 0xde35, 0xde57, 0xe657, 0xe657, 0xe677, 0xe677, 0xddd2, 0xb4f1, 0x9471, 0x31c6, 0x94b2, 0xffff, 
	0xffff, 0xad55, 0xa514, 0xffff, 0xffdf, 0xf79e, 0xd69a, 0xb5b6, 0xc618, 0xe71c, 0xffdf, 0xffff, 0xffff, 0xffff, 0xffff, 0xffff, 
	0xffff, 0xffff, 0xffff, 0xffff, 0xffff, 0xffff, 0xffff, 0xffff, 0xffff, 0xffff, 0xffff, 0xffff, 0xe6fb, 0xb596, 0xad55, 0x528a, 
	0xf79e, 0xffff, 0xffff, 0xc618, 0x7baf, 0x5aaa, 0xef5d, 0xffff, 0xffff, 0xffff, 0xffff, 0xffff, 0xffff, 0xffff, 0xffff, 0xffff, 
	0xffff, 0xffff, 0xef7d, 0x4a69, 0xb596, 0xffff, 0xffff, 0xffff, 0xffff, 0xffff, 0xffff, 0xffff, 0xffff, 0xffff, 0xffff, 0xffff, 
	0xffff, 0xffff, 0xffff, 0xffff, 0xffff, 0xffff, 0xffff, 0xffff, 0xffff, 0xffff, 0xffff, 0xffff, 0x738e, 0x8410, 0xffff, 0xffff, 
	0xffff, 0xffff, 0xffff, 0xffff, 0xffff, 0xffff, 0xffff, 0xffff, 0xffdf, 0xffff, 0xad75, 0x528a, 0xf7be, 0xffff, 0xffff, 0xffff, 
	0xb596, 0x528a, 0xd69a, 0x9492, 0xce59, 0xdedb, 0xf79e, 0xffff, 0xffff, 0xffff, 0xffff, 0xffff, 0xffff, 0xffff, 0xffff, 0xffff, 
	0xffff, 0xffff, 0xffff, 0xffff, 0xffff, 0xffff, 0xffff, 0xffff, 0xf79e, 0xce79, 0xbdd7, 0xce59, 0xf7be, 0xbdf7, 0x5acb, 0xf79e, 
	0xffff, 0xdefb, 0x4a08, 0xb596, 0xffff, 0xeed9, 0xc532, 0xf79d, 0xe73c, 0xffff, 0xffff, 0xffff, 0xffff, 0xffff, 0xffff, 0xffff, 
	0xffff, 0xffff, 0xcdb2, 0xeef9, 0xffff, 0xffdd, 0xf77c, 0xf71a, 0xeeb7, 0xde36, 0xddb3, 0xcd72, 0xccce, 0xde15, 0xef1a, 0xff9d, 
	0xffde, 0xfffe, 0xffff, 0xffff, 0xffff, 0xffff, 0xffff, 0xeef9, 0xcd31, 0xfffd, 0xd552, 0xf71b, 0xffff, 0xffff, 0xffff, 0xffff, 
	0xffff, 0xffff, 0xffff, 0xffff, 0xffff, 0xf7ff, 0xffff, 0xeeb7, 0xc42a, 0xf6f8, 0xffff, 0xf7ff, 0xfffe, 0xfffe, 0xffff, 0xffff, 
	0xffff, 0xffff, 0xffff, 0xffff, 0xffff, 0xeed9, 0xcd92, 0xfffe, 0xc551, 0xeef9, 0xffff, 0xffff, 0xffff, 0xffff, 0xffff, 0xffff, 
	0xffde, 0xff9d, 0xf75b, 0xe678, 0xccce, 0xc54f, 0xd551, 0xd5b3, 0xde14, 0xe697, 0xeefa, 0xff5b, 0xffbd, 0xf719, 0xcd71, 0xffff, 
	0xffff, 0xffff, 0xffff, 0xffff, 0xffff, 0xffff, 0xffff, 0xffff, 0xffff, 0xffff, 0xcd93, 0xef3b, 0xffff, 0x8c51, 0x41e8, 0xdefb, 
	0xffff, 0xf79e, 0x6b2c, 0xd69a, 0xbdf7, 0xb596, 0xc638, 0xef5d, 0xffff, 0xffff, 0xffff, 0xffff, 0xffff, 0xffff, 0xffff, 0xffff, 
	0xffff, 0xffff, 0xffff, 0xffff, 0xffff, 0xffff, 0xffff, 0xffff, 0xffff, 0xf7be, 0xdefb, 0xc638, 0xc5f7, 0x9cf3, 0xd69a, 0x4a49, 
	0xc638, 0xffff, 0xffdf, 0xffff, 0xe73c, 0x4a49, 0xbdf7, 0xffff, 0xffff, 0xffff, 0xffff, 0xffff, 0xffff, 0xffff, 0xffff, 0xffff, 
	0xffff, 0xffff, 0xffff, 0x738e, 0x8410, 0xffff, 0xffff, 0xffff, 0xffff, 0xffff, 0xffff, 0xffff, 0xffff, 0xffff, 0xffff, 0xffff, 
	0xffff, 0xffff, 0xffff, 0xffff, 0xffff, 0xffff, 0xffff, 0xffff, 0xffff, 0xffff, 0xffff, 0xef7d, 0x526a, 0xb596, 0xffff, 0xffff, 
	0xffff, 0xffff, 0xffff, 0xffff, 0xffff, 0xffff, 0xffff, 0xffff, 0xffff, 0xffff, 0x73ae, 0x7bcf, 0xffff, 0xffff, 0xffff, 0xffff, 
	0x7bcf, 0x7bef, 0xce79, 0xce79, 0xef5d, 0xce59, 0xbdd7, 0xc618, 0xdedb, 0xf79e, 0xffff, 0xffff, 0xffff, 0xffff, 0xffff, 0xffff, 
	0xffff, 0xffff, 0xffff, 0xffff, 0xffff, 0xffff, 0xffff, 0xffff, 0xffff, 0xffff, 0xf7be, 0xd6ba, 0xc618, 0x62eb, 0xa534, 0xffff, 
	0xffff, 0x8430, 0x62cb, 0xffbf, 0xffff, 0xffde, 0xddb3, 0xde36, 0xffff, 0xfffe, 0xf7ff, 0xffff, 0xffff, 0xffff, 0xffff, 0xffff, 
	0xffff, 0xffff, 0xeed8, 0xcd72, 0xffff, 0xffff, 0xffff, 0xffff, 0xffff, 0xffff, 0xffff, 0xffff, 0xe677, 0xcccf, 0xd592, 0xc531, 
	0xcd30, 0xcd52, 0xcd72, 0xd5b2, 0xde15, 0xe697, 0xf75b, 0xfffe, 0xd5b3, 0xde35, 0xd592, 0xf79d, 0xffff, 0xffff, 0xffff, 0xffff, 
	0xffff, 0xffff, 0xffff, 0xfffe, 0xfffe, 0xffff, 0xffff, 0xff5a, 0xccac, 0xff9b, 0xffff, 0xffff, 0xffff, 0xffff, 0xffff, 0xffff, 
	0xffff, 0xffff, 0xffff, 0xffff, 0xffff, 0xf75c, 0xd592, 0xe676, 0xd592, 0xfffe, 0xf75b, 0xe677, 0xddf5, 0xd592, 0xcd72, 0xcd53, 
	0xcd51, 0xcd31, 0xd571, 0xc4ce, 0xe635, 0xffdd, 0xfffe, 0xffff, 0xffff, 0xffff, 0xffff, 0xffff, 0xffff, 0xd5b4, 0xe676, 0xffff, 
	0xffff, 0xffff, 0xffff, 0xffff, 0xffff, 0xffff, 0xf7ff, 0xffde, 0xffff, 0xe698, 0xc593, 0xfffe, 0xffde, 0xb5b6, 0x4208, 0x8430, 
	0xffff, 0xffff, 0xa534, 0x62eb, 0xce59, 0xf79e, 0xffff, 0xffff, 0xffff, 0xffff, 0xffff, 0xffff, 0xffff, 0xffff, 0xffff, 0xffff, 
	0xffff, 0xffff, 0xffff, 0xffff, 0xffff, 0xffff, 0xf7be, 0xdefb, 0xc618, 0xbdd7, 0xce59, 0xe71c, 0xffdf, 0xc638, 0xd69a, 0x6b6d, 
	0x8c51, 0xffff, 0xffff, 0xffff, 0xffff, 0x6b4d, 0x8430, 0xffff, 0xffff, 0xffff, 0xffff, 0xffff, 0xffff, 0xffff, 0xffff, 0xffff, 
	0xffff, 0xffff, 0xffff, 0xa4f4, 0x5acb, 0xffbe, 0xffff, 0xffff, 0xffff, 0xffff, 0xffff, 0xffff, 0xffff, 0xffff, 0xffff, 0xffff, 
	0xffff, 0xffff, 0xffff, 0xffff, 0xffff, 0xffff, 0xffff, 0xffff, 0xffff, 0xffff, 0xffff, 0xce59, 0x4a49, 0xdedb, 0xffff, 0xffff, 
	0xffff, 0xffff, 0xffff, 0xffff, 0xffff, 0xffff, 0xffff, 0xffff, 0xffff, 0xf79e, 0x528a, 0xad75, 0xffff, 0xffff, 0xffff, 0xef7d, 
	0x4a69, 0xb5b6, 0xb5b6, 0xef7d, 0xffff, 0xffff, 0xffdf, 0xe73c, 0xce79, 0xbdd7, 0xbdf7, 0xd6ba, 0xef7d, 0xffff, 0xffff, 0xffff, 
	0xffff, 0xffff, 0xffff, 0xffff, 0xffff, 0xffff, 0xffff, 0xffff, 0xffff, 0xffff, 0xffff, 0xffff, 0xce59, 0x52aa, 0xef7d, 0xffff, 
	0xdefb, 0x4228, 0xb596, 0xffff, 0xffff, 0xffff, 0xf73a, 0xccef, 0xf7bd, 0xffdf, 0xffff, 0xffff, 0xffff, 0xffff, 0xffff, 0xffff, 
	0xffff, 0xffff, 0xffde, 0xcd51, 0xf73b, 0xffff, 0xffff, 0xffff, 0xffff, 0xffff, 0xffff, 0xffff, 0xf73b, 0xd571, 0xffdc, 0xffbd, 
	0xf79b, 0xf75b, 0xef1a, 0xeed8, 0xe676, 0xd5d4, 0xcd31, 0xcd51, 0xe635, 0xd50f, 0xd4ee, 0xf79c, 0xffff, 0xfffe, 0xfffe, 0xfffe, 
	0xffff, 0xffff, 0xffff, 0xf7ff, 0xffff, 0xffff, 0xf71a, 0xcd51, 0xc531, 0xcd71, 0xff7c, 0xffff, 0xffff, 0xffff, 0xffff, 0xffff, 
	0xffff, 0xffff, 0xfffe, 0xffff, 0xffff, 0xf77c, 0xdd2e, 0xd52f, 0xe614, 0xcd51, 0xcd31, 0xd5d4, 0xe677, 0xeed9, 0xf73a, 0xf77c, 
	0xf79c, 0xf79c, 0xffdc, 0xd591, 0xf73a, 0xffff, 0xffff, 0xffff, 0xffff, 0xffff, 0xffff, 0xffff, 0xff9c, 0xc510, 0xffbd, 0xffff, 
	0xffff, 0xffff, 0xffff, 0xffff, 0xffff, 0xffff, 0xffff, 0xffff, 0xffbe, 0xcd10, 0xf73b, 0xffff, 0xf79e, 0xd6ba, 0x73ae, 0x52aa, 
	0xdefb, 0xffff, 0xef7d, 0x52aa, 0xce59, 0xffff, 0xffff, 0xffff, 0xffff, 0xffff, 0xffff, 0xffff, 0xffff, 0xffff, 0xffff, 0xffff, 
	0xffff, 0xffff, 0xffff, 0xf79e, 0xdedb, 0xc618, 0xbdd7, 0xce59, 0xe71c, 0xffdf, 0xffff, 0xffff, 0xffff, 0xe71c, 0xbdf7, 0xa534, 
	0x5acb, 0xf7be, 0xffff, 0xffff, 0xffff, 0x9cf3, 0x5acb, 0xffdf, 0xffff, 0xffff, 0xffff, 0xffff, 0xffff, 0xffff, 0xffff, 0xffff, 
	0xffff, 0xffff, 0xffff, 0xce79, 0x4a49, 0xdedb, 0xffff, 0xffff, 0xffff, 0xffff, 0xffff, 0xffff, 0xffff, 0xffff, 0xffff, 0xffff, 
	0xffff, 0xffff, 0xffff, 0xffff, 0xffff, 0xffff, 0xffff, 0xffff, 0xffff, 0xffff, 0xffff, 0xa514, 0x5aab, 0xffbe, 0xffff, 0xffff, 
	0xffff, 0xffff, 0xffff, 0xffff, 0xffff, 0xffff, 0xffff, 0xffff, 0xffff, 0xce59, 0x4a49, 0xdedb, 0xffff, 0xffff, 0xffff, 0xc638, 
	0x4a49, 0xd69a, 0xb5b6, 0xffff, 0xffff, 0xffff, 0xffff, 0xffff, 0xffff, 0xffff, 0xef5d, 0xce79, 0xbdf7, 0xbdf7, 0xd6ba, 0xef7d, 
	0xffff, 0xffff, 0xffff, 0xffff, 0xffff, 0xffff, 0xffff, 0xffff, 0xffff, 0xffff, 0xffff, 0xffff, 0x7bcf, 0x9492, 0xffff, 0xffff, 
	0x9472, 0x52cb, 0xf79e, 0xffdf, 0xffff, 0xffff, 0xffff, 0xddd3, 0xde35, 0xffff, 0xfffe, 0xffff, 0xffff, 0xffff, 0xffff, 0xffff, 
	0xffff, 0xffff, 0xffff, 0xe655, 0xddd3, 0xffff, 0xffff, 0xffff, 0xffff, 0xffff, 0xffff, 0xffff, 0xff9c, 0xc530, 0xffbd, 0xf7ff, 
	0xffff, 0xffff, 0xffff, 0xffff, 0xffff, 0xffff, 0xffde, 0xe6fb, 0xcd93, 0xcc6c, 0xcc8b, 0xff7c, 0xffff, 0xffff, 0xffff, 0xffff, 
	0xffff, 0xffff, 0xffff, 0xffff, 0xffff, 0xf75b, 0xc510, 0xeeb8, 0xfffe, 0xe676, 0xc530, 0xff9d, 0xffff, 0xffff, 0xffff, 0xffff, 
	0xffff, 0xffff, 0xffff, 0xffff, 0xffff, 0xf73b, 0xcc6a, 0xc46c, 0xd5b3, 0xef1b, 0xffde, 0xffff, 0xffff, 0xffff, 0xffff, 0xffff, 
	0xffff, 0xffff, 0xffbc, 0xc530, 0xffbd, 0xffff, 0xffff, 0xffff, 0xffff, 0xffff, 0xffff, 0xffff, 0xe635, 0xddf4, 0xffff, 0xffff, 
	0xffff, 0xffff, 0xffff, 0xffff, 0xffff, 0xffff, 0xffff, 0xffff, 0xddf5, 0xddd3, 0xffff, 0xffff, 0xffff, 0xf79e, 0xbdd7, 0x73ae, 
	0x9472, 0xffff, 0xffff, 0x9492, 0x7bcf, 0xffff, 0xffff, 0xffff, 0xffff, 0xffff, 0xffff, 0xffff, 0xffff, 0xffff, 0xffff, 0xffff, 
	0xf79e, 0xd6ba, 0xbdf7, 0xbdf7, 0xce79, 0xe73c, 0xffdf, 0xffff, 0xffff, 0xffff, 0xffff, 0xffff, 0xffff, 0xffdf, 0xb596, 0xce79, 
	0x4228, 0xd6ba, 0xffff, 0xffff, 0xffff, 0xce59, 0x4a49, 0xdedb, 0xffff, 0xffff, 0xffff, 0xffff, 0xffff, 0xffff, 0xffff, 0xffff, 
	0xffff, 0xffff, 0xffff, 0xf77d, 0x5269, 0xb5b6, 0xffff, 0xffff, 0xffff, 0xffff, 0xffff, 0xffff, 0xffff, 0xffff, 0xffff, 0xffff, 
	0xffff, 0xffff, 0xffff, 0xffff, 0xffff, 0xffff, 0xffff, 0xffff, 0xffff, 0xffdf, 0xce59, 0x6b4d, 0x7bef, 0xffff, 0xffff, 0xffff, 
	0xffff, 0xffff, 0xffff, 0xffff, 0xffff, 0xffff, 0xffff, 0xffff, 0xffff, 0x9cd3, 0x5aeb, 0xffdf, 0xffff, 0xffff, 0xffff, 0x9492, 
	0x632c, 0xd69a, 0xc618, 0xffff, 0xffff, 0xffff, 0xffff, 0xffff, 0xffff, 0xffff, 0xffff, 0xffff, 0xffff, 0xef5d, 0xd69a, 0xbdf7, 
	0xbdf7, 0xd69a, 0xef5d, 0xffdf, 0xffff, 0xffff, 0xffff, 0xffff, 0xffff, 0xffff, 0xffff, 0xe73c, 0x528a, 0xdedb, 0xffff, 0xef5d, 
	0x526a, 0xa534, 0xffff, 0xffff, 0xffff, 0xffff, 0xffff, 0xff7b, 0xccef, 0xf79c, 0xffff, 0xffdf, 0xffff, 0xffff, 0xffff, 0xffff, 
	0xffff, 0xffff, 0xffff, 0xff9c, 0xcd10, 0xff9d, 0xfffe, 0xffff, 0xffff, 0xffff, 0xffff, 0xffff, 0xffbd, 0xcd10, 0xff7c, 0xffff, 
	0xffff, 0xffff, 0xffff, 0xffff, 0xffff, 0xffff, 0xffff, 0xffff, 0xfffe, 0xe656, 0xc44c, 0xeed8, 0xffff, 0xffff, 0xffff, 0xffff, 
	0xffff, 0xffff, 0xffff, 0xffde, 0xfffe, 0xcd51, 0xe698, 0xffff, 0xffff, 0xffff, 0xddf4, 0xd5d4, 0xffff, 0xffff, 0xffff, 0xffff, 
	0xffff, 0xffff, 0xffff, 0xffff, 0xffff, 0xe677, 0xc44c, 0xee96, 0xfffe, 0xffff, 0xffff, 0xffff, 0xffff, 0xffff, 0xffff, 0xffff, 
	0xffff, 0xffff, 0xff5b, 0xd531, 0xfffe, 0xffff, 0xffff, 0xffff, 0xffff, 0xffff, 0xffff, 0xffde, 0xcd30, 0xf75b, 0xffff, 0xffff, 
	0xffff, 0xffff, 0xffff, 0xffff, 0xfffe, 0xf7ff, 0xffff, 0xf75c, 0xccef, 0xff9c, 0xffff, 0xffff, 0xffff, 0xf7be, 0xe73c, 0x9492, 
	0x528a, 0xef5d, 0xffff, 0xdedb, 0x528a, 0xef7d, 0xffff, 0xffff, 0xffff, 0xffff, 0xffff, 0xffff, 0xffff, 0xef7d, 0xd69a, 0xbdf7, 
	0xbdf7, 0xce79, 0xef5d, 0xffdf, 0xffff, 0xffff, 0xffff, 0xffff, 0xffff, 0xffff, 0xffff, 0xffff, 0xffff, 0xffff, 0xbdf7, 0xd6ba, 
	0x5acb, 0xa534, 0xffff, 0xffff, 0xffff, 0xf79e, 0x528a, 0xad55, 0xffff, 0xffff, 0xffff, 0xffff, 0xffff, 0xffff, 0xffff, 0xffff, 
	0xffff, 0xffff, 0xffff, 0xffff, 0x6b6d, 0x7baf, 0xd69a, 0xffff, 0xffff, 0xffff, 0xffff, 0xffff, 0xffff, 0xffff, 0xffff, 0xffff, 
	0xffff, 0xffff, 0xffff, 0xffff, 0xffff, 0xffff, 0xffff, 0xffff, 0xffff, 0xf7be, 0x6b4d, 0x4a69, 0x528a, 0x6b4d, 0x8c71, 0xbdb7, 
	0xdedb, 0xf79e, 0xffff, 0xffff, 0xffff, 0xffff, 0xffff, 0xffff, 0xffff, 0x6b6d, 0x8430, 0xffff, 0xffff, 0xffff, 0xffdf, 0x632c, 
	0x9cd3, 0xc618, 0xdefb, 0xffff, 0xffff, 0xffff, 0xffff, 0xffff, 0xffff, 0xffff, 0xffff, 0xffff, 0xffff, 0xffff, 0xffff, 0xffff, 
	0xef5d, 0xd69a, 0xbdf7, 0xbdf7, 0xce79, 0xef5d, 0xffdf, 0xffff, 0xffff, 0xffff, 0xffff, 0xa514, 0x738e, 0xffff, 0xffff, 0xad55, 
	0x4a49, 0xef5d, 0xffff, 0xffff, 0xffff, 0xffff, 0xffff, 0xffff, 0xe656, 0xd592, 0xffff, 0xffff, 0xffff, 0xffff, 0xffff, 0xffff, 
	0xffff, 0xffff, 0xfffe, 0xffff, 0xddd4, 0xe656, 0xffff, 0xffff, 0xffff, 0xffff, 0xffff, 0xffff, 0xffde, 0xcd51, 0xf77c, 0xffff, 
	0xfffe, 0xffff, 0xffff, 0xffff, 0xffff, 0xffff, 0xffff, 0xffff, 0xffff, 0xffff, 0xe614, 0xc4ae, 0xcd92, 0xd5d4, 0xeef9, 0xfffe, 
	0xffff, 0xffff, 0xffff, 0xffff, 0xeed8, 0xcd71, 0xffff, 0xffff, 0xf7ff, 0xffff, 0xffbd, 0xc531, 0xf73a, 0xffff, 0xffff, 0xffff, 
	0xffff, 0xfffe, 0xe697, 0xd572, 0xcd92, 0xc4ad, 0xee75, 0xffff, 0xffff, 0xffff, 0xffff, 0xffff, 0xffff, 0xffff, 0xffff, 0xffff, 
	0xffff, 0xffff, 0xf73b, 0xcd72, 0xffff, 0xffff, 0xffff, 0xffff, 0xffff, 0xffff, 0xffff, 0xee97, 0xcd92, 0xffff, 0xffff, 0xffff, 
	0xffff, 0xffff, 0xffff, 0xffff, 0xffff, 0xffff, 0xffff, 0xd572, 0xe656, 0xffff, 0xffff, 0xffff, 0xffff, 0xffff, 0xffff, 0xe6fc, 
	0x4a29, 0xad55, 0xffff, 0xffff, 0x6b4d, 0xb596, 0xffff, 0xffff, 0xffff, 0xffff, 0xef7d, 0xd69a, 0xbdf7, 0xbdf7, 0xce79, 0xef5d, 
	0xffdf, 0xffff, 0xffff, 0xffff, 0xffff, 0xffff, 0xffff, 0xffff, 0xffff, 0xffff, 0xffff, 0xffff, 0xffff, 0xffff, 0xd69a, 0xce59, 
	0x8430, 0x738e, 0xffff, 0xffff, 0xffff, 0xffff, 0x73ae, 0x7bef, 0xffff, 0xffff, 0xffff, 0xffff, 0xffff, 0xffff, 0xffff, 0xf7be, 
	0xdefb, 0xbdb6, 0x8c71, 0x6b4d, 0x528a, 0x4a49, 0x73ae, 0xffdf, 0xffff, 0xffff, 0xffff, 0xffff, 0xffff, 0xffff, 0xffff, 0xffff, 
	0xffff, 0xffff, 0xffff, 0xffff, 0xffff, 0xffff, 0xffff, 0xffff, 0xffff, 0xffff, 0xdedb, 0x528a, 0x9cd3, 0x8c71, 0x632c, 0x4a69, 
	0x4a49, 0x5acb, 0x73ae, 0x9cd3, 0xc638, 0xe73c, 0xffdf, 0xffff, 0xf7be, 0x4a69, 0xb5b6, 0xffff, 0xffff, 0xffff, 0xe71c, 0x4a49, 
	0xc618, 0xb5b6, 0xf7be, 0xffff, 0xffff, 0xffff, 0xffff, 0xffff, 0xffff, 0xffff, 0xffff, 0xffff, 0xffff, 0xffff, 0xffff, 0xffff, 
	0xffff, 0xffff, 0xffff, 0xef7d, 0xd6ba, 0xbdf7, 0xbdf7, 0xce79, 0xef5d, 0xffff, 0xffff, 0x632c, 0xb5b6, 0xffff, 0xffdf, 0x6b2c, 
	0x8410, 0xffff, 0xffff, 0xffff, 0xffff, 0xffff, 0xffff, 0xffff, 0xf7ff, 0xcd10, 0xeef9, 0xffff, 0xffff, 0xffff, 0xffff, 0xffff, 
	0xffff, 0xffff, 0xffff, 0xffff, 0xf73a, 0xc530, 0xffde, 0xffff, 0xffff, 0xffff, 0xffff, 0xffff, 0xfffe, 0xd572, 0xf75b, 0xffff, 
	0xffff, 0xffff, 0xffff, 0xffff, 0xffff, 0xffff, 0xffff, 0xffff, 0xffff, 0xfffe, 0xd592, 0xe656, 0xf73a, 0xe677, 0xcd31, 0xd5b2, 
	0xffbe, 0xffff, 0xffff, 0xffff, 0xd592, 0xeeb8, 0xffff, 0xffff, 0xf7ff, 0xffff, 0xffff, 0xddf5, 0xe614, 0xffff, 0xffff, 0xffff, 
	0xf73b, 0xcd51, 0xcd92, 0xe6b8, 0xf75a, 0xe614, 0xddd3, 0xffff, 0xffff, 0xffff, 0xffff, 0xffff, 0xffff, 0xffff, 0xffff, 0xffff, 
	0xffff, 0xffff, 0xeef9, 0xd593, 0xffff, 0xffff, 0xffff, 0xfffe, 0xffff, 0xffff, 0xffff, 0xcd71, 0xeef9, 0xffff, 0xffff, 0xffdf, 
	0xffff, 0xffff, 0xffff, 0xffff, 0xffff, 0xffff, 0xeed8, 0xd530, 0xffde, 0xffff, 0xffff, 0xffff, 0xffff, 0xffff, 0xffff, 0xffff, 
	0x73ae, 0x736d, 0xffff, 0xffff, 0xa534, 0x6b6d, 0xffff, 0xef5d, 0xce79, 0xbdf7, 0xbdf7, 0xd69a, 0xef7d, 0xffff, 0xffff, 0xffff, 
	0xffff, 0xffff, 0xffff, 0xffff, 0xffff, 0xffff, 0xffff, 0xffff, 0xffff, 0xffff, 0xffff, 0xffff, 0xffff, 0xffff, 0xef7d, 0xbdd7, 
	0xb5b6, 0x4a69, 0xef7d, 0xffff, 0xffff, 0xffff, 0xa534, 0x5aaa, 0xffff, 0xffff, 0xffdf, 0xe73c, 0xc638, 0x9cd3, 0x73ae, 0x5acb, 
	0x4a49, 0x4a69, 0x632c, 0x8c71, 0x9492, 0x52aa, 0xe73c, 0xffff, 0xffff, 0xffff, 0xffff, 0xffff, 0xffff, 0xffff, 0xffff, 0xffff, 
	0xffff, 0xffff, 0xffff, 0xffff, 0xffff, 0xffff, 0xffff, 0xffff, 0xffff, 0xffff, 0xc618, 0x4a69, 0xef7d, 0xffff, 0xffff, 0xef5d, 
	0xce59, 0xa534, 0x7bef, 0x5aeb, 0x4a49, 0x4a69, 0x62ec, 0x8430, 0x9492, 0x526a, 0xce59, 0xffff, 0xffff, 0xffff, 0xbdf7, 0x4a69, 
	0xd69a, 0xb5b6, 0xffff, 0xffff, 0xffff, 0xffff, 0xffff, 0xffff, 0xffff, 0xffff, 0xffff, 0xffff, 0xffff, 0xffff, 0xffff, 0xffff, 
	0xffff, 0xffff, 0xffff, 0xffff, 0xffff, 0xffff, 0xf79e, 0xd6ba, 0xc618, 0xc618, 0xb5b6, 0x5acb, 0xef5d, 0xffff, 0xd69a, 0x4228, 
	0xce59, 0xffff, 0xffff, 0xffff, 0xffff, 0xffff, 0xffff, 0xffff, 0xffff, 0xeef8, 0xcd30, 0xffdd, 0xffff, 0xffff, 0xffff, 0xffff, 
	0xffff, 0xffff, 0xffff, 0xffff, 0xfffe, 0xcd93, 0xe6d9, 0xffff, 0xffff, 0xffff, 0xffff, 0xffff, 0xffff, 0xd572, 0xeef9, 0xffff, 
	0xffff, 0xffff, 0xffff, 0xffff, 0xffff, 0xffff, 0xffff, 0xffff, 0xffff, 0xf73b, 0xcd51, 0xffff, 0xffff, 0xffff, 0xffdd, 0xde14, 
	0xcd0f, 0xf77c, 0xffff, 0xffbd, 0xcd31, 0xff9d, 0xfffe, 0xffff, 0xffff, 0xffff, 0xffff, 0xef19, 0xcd71, 0xffff, 0xffff, 0xeed8, 
	0xc4ef, 0xe698, 0xffff, 0xffff, 0xffff, 0xffbd, 0xcd31, 0xff9d, 0xffff, 0xffff, 0xffff, 0xffff, 0xffff, 0xffff, 0xffff, 0xffff, 
	0xffff, 0xffff, 0xee97, 0xddb3, 0xffff, 0xffff, 0xffff, 0xffff, 0xffff, 0xffff, 0xf73a, 0xc571, 0xfffd, 0xffff, 0xffff, 0xffff, 
	0xf7ff, 0xf7ff, 0xffff, 0xffff, 0xffff, 0xfffe, 0xcd31, 0xeef9, 0xffff, 0xffff, 0xffff, 0xffff, 0xffff, 0xffff, 0xffff, 0xffff, 
	0xbdf7, 0x4228, 0xdefb, 0xffff, 0xe71c, 0x52aa, 0xb596, 0xc638, 0xd69a, 0xef7d, 0xffff, 0xffff, 0xffff, 0xffff, 0xffff, 0xffff, 
	0xffff, 0xffff, 0xffff, 0xffff, 0xffff, 0xffff, 0xffff, 0xffff, 0xffff, 0xffff, 0xffff, 0xffff, 0xffff, 0xffff, 0xffff, 0xb5b6, 
	0xd69a, 0x4228, 0xce79, 0xffff, 0xffff, 0xffff, 0xbdf7, 0x4a69, 0x9cf3, 0x8430, 0x62ec, 0x4a69, 0x4a69, 0x5aeb, 0x7bef, 0xa534, 
	0xce59, 0xef5d, 0xffff, 0xffff, 0xe71c, 0x4a49, 0xd69a, 0xffff, 0xffff, 0xffff, 0xffff, 0xffff, 0xffff, 0xffff, 0xffff, 0xffff, 
	0xffff, 0xffff, 0xffff, 0xffff, 0xffff, 0xffff, 0xffff, 0xffff, 0xffff, 0xffff, 0x9cf3, 0x5aeb, 0xffdf, 0xffff, 0xffff, 0xffff, 
	0xffff, 0xffff, 0xffff, 0xffdf, 0xe71c, 0xc5f8, 0x9cd3, 0x736e, 0x52aa, 0x4a49, 0x736d, 0xffdf, 0xffff, 0xffff, 0x94b2, 0x632c, 
	0xd69a, 0xc638, 0xffff, 0xffff, 0xffff, 0xffff, 0xffff, 0xffff, 0xffff, 0xffff, 0xffff, 0xffff, 0xffff, 0xffff, 0xffff, 0xffff, 
	0xffff, 0xffff, 0xffff, 0xffff, 0xffff, 0xffff, 0xffff, 0xffff, 0xffff, 0xf7be, 0x8c51, 0x7bef, 0xffff, 0xffff, 0x9492, 0x5aeb, 
	0xffdf, 0xffff, 0xffff, 0xffff, 0xffff, 0xffff, 0xffff, 0xffff, 0xffde, 0xffff, 0xd5d4, 0xe656, 0xffff, 0xffff, 0xffde, 0xff7b, 
	0xef3b, 0xeefa, 0xe655, 0xde15, 0xd5d3, 0xcd0f, 0xccef, 0xf6f9, 0xffff, 0xffff, 0xfffe, 0xffff, 0xffff, 0xd5d4, 0xe697, 0xffff, 
	0xffff, 0xffff, 0xffff, 0xffff, 0xffff, 0xffff, 0xffff, 0xffff, 0xffff, 0xe6b9, 0xd5b3, 0xffff, 0xffff, 0xffff, 0xffff, 0xffff, 
	0xee76, 0xccef, 0xff9d, 0xef1b, 0xcd72, 0xffff, 0xffff, 0xffff, 0xffff, 0xffff, 0xffff, 0xffbd, 0xc551, 0xffbc, 0xeef8, 0xc4f0, 
	0xf73b, 0xffff, 0xffde, 0xffff, 0xffff, 0xfffe, 0xd572, 0xf73b, 0xffff, 0xffff, 0xffff, 0xffff, 0xffff, 0xffff, 0xffff, 0xffff, 
	0xffff, 0xffff, 0xe635, 0xe636, 0xffff, 0xfffe, 0xfffe, 0xffff, 0xffff, 0xf73a, 0xc52f, 0xcd2f, 0xde76, 0xe6b9, 0xeefa, 0xf75c, 
	0xffbd, 0xffdd, 0xfffe, 0xffff, 0xffff, 0xe656, 0xd5b4, 0xffff, 0xffde, 0xffff, 0xffff, 0xffff, 0xffff, 0xffff, 0xffff, 0xffff, 
	0xf79e, 0x528a, 0xa514, 0xffff, 0xffff, 0x738e, 0xa514, 0xffff, 0xffff, 0xffff, 0xffff, 0xffff, 0xffff, 0xffff, 0xffff, 0xffff, 
	0xffff, 0xffff, 0xffff, 0xffff, 0xffff, 0xffff, 0xffff, 0xffff, 0xffff, 0xffff, 0xffff, 0xffff, 0xffff, 0xffff, 0xffdf, 0xb596, 
	0xce79, 0x5acb, 0xad55, 0xffff, 0xffff, 0xef7d, 0x630c, 0x4a69, 0x52aa, 0x736e, 0x9cd3, 0xc5f8, 0xe71c, 0xffdf, 0xffff, 0xffff, 
	0xffff, 0xffff, 0xffff, 0xffff, 0xf79e, 0x528a, 0xad75, 0xffff, 0xffff, 0xffff, 0xffff, 0xffff, 0xffff, 0xffff, 0xffff, 0xffff, 
	0xffff, 0xffff, 0xffff, 0xffff, 0xffff, 0xffff, 0xffff, 0xffff, 0xffff, 0xffff, 0x7bef, 0x7bcf, 0xffff, 0xffff, 0xffff, 0xffff, 
	0xffff, 0xffff, 0xffff, 0xffff, 0xffff, 0xffff, 0xffff, 0xffff, 0x8430, 0x6b2d, 0xd6ba, 0xffff, 0xffff, 0xffff, 0x738e, 0x9492, 
	0xc638, 0xad55, 0xc638, 0xd69a, 0xe73c, 0xf79e, 0xffff, 0xffff, 0xffff, 0xffff, 0xffff, 0xffff, 0xffff, 0xffff, 0xffff, 0xffff, 
	0xffff, 0xffff, 0xffff, 0xffff, 0xffff, 0xffff, 0xffff, 0xffff, 0xffff, 0xffff, 0x6b4d, 0xbdd7, 0xffff, 0xffdf, 0x5acb, 0x94b2, 
	0xffff, 0xffff, 0xffff, 0xffff, 0xffff, 0xffff, 0xffff, 0xffff, 0xffff, 0xff9d, 0xee76, 0xcc8c, 0xe5d3, 0xd572, 0xcd51, 0xcd30, 
	0xd551, 0xd5b3, 0xddf5, 0xe677, 0xeed9, 0xf73a, 0xeeb8, 0xcd10, 0xd5b2, 0xf79c, 0xffff, 0xffff, 0xffff, 0xde56, 0xddf4, 0xffff, 
	0xffff, 0xffff, 0xffff, 0xffff, 0xffff, 0xffff, 0xffff, 0xffff, 0xffff, 0xe6b8, 0xddd3, 0xffff, 0xffff, 0xfffe, 0xf7ff, 0xf7ff, 
	0xffff, 0xee55, 0xd551, 0xe656, 0xd5f4, 0xffff, 0xffff, 0xffff, 0xffff, 0xffff, 0xffff, 0xffde, 0xd592, 0xeeb6, 0xc4ef, 0xf75b, 
	0xffff, 0xffff, 0xffff, 0xf7ff, 0xffff, 0xffff, 0xd572, 0xef3b, 0xffff, 0xffff, 0xffff, 0xffff, 0xffff, 0xffff, 0xffff, 0xffff, 
	0xffff, 0xffff, 0xd5b3, 0xe6b8, 0xffff, 0xffff, 0xffff, 0xffbd, 0xddf4, 0xc510, 0xe676, 0xeeb7, 0xde35, 0xd5b4, 0xd551, 0xd510, 
	0xd510, 0xd551, 0xd592, 0xddf4, 0xe656, 0xccae, 0xeeb8, 0xfffe, 0xffff, 0xffff, 0xffff, 0xffff, 0xffff, 0xffff, 0xffff, 0xffff, 
	0xffff, 0x8430, 0x6b4d, 0xffff, 0xffff, 0xad55, 0x738e, 0xffff, 0xffff, 0xffff, 0xffff, 0xffff, 0xffff, 0xffff, 0xffff, 0xffff, 
	0xffff, 0xffff, 0xffff, 0xffff, 0xffff, 0xffff, 0xffff, 0xffff, 0xffff, 0xffdf, 0xef7d, 0xdefb, 0xce79, 0xc618, 0xc618, 0xa514, 
	0xc638, 0x7bef, 0x7bef, 0xffff, 0xffff, 0xffdf, 0xce59, 0x5aeb, 0x9cb2, 0xffff, 0xffff, 0xffff, 0xffff, 0xffff, 0xffff, 0xffff, 
	0xffff, 0xffff, 0xffff, 0xffff, 0xffff, 0x6b4d, 0x8c71, 0xffff, 0xffff, 0xffff, 0xffff, 0xffff, 0xffff, 0xffff, 0xffff, 0xffff, 
	0xffff, 0xffff, 0xffff, 0xffff, 0xffff, 0xffff, 0xffff, 0xffff, 0xffff, 0xffff, 0x630c, 0x94b2, 0xffff, 0xffff, 0xffff, 0xffff, 
	0xffff, 0xffff, 0xffff, 0xffff, 0xffff, 0xffff, 0xffff, 0xffff, 0x630c, 0x9cb3, 0xffff, 0xffff, 0xffff, 0xf79e, 0x52aa, 0xb596, 
	0xbdd7, 0xe73c, 0xe73c, 0xd69a, 0xc638, 0xbdd7, 0xbdf7, 0xc638, 0xd6ba, 0xef5d, 0xf7be, 0xffff, 0xffff, 0xffff, 0xffff, 0xffff, 
	0xffff, 0xffff, 0xffff, 0xffff, 0xffff, 0xffff, 0xffff, 0xffff, 0xffff, 0xdefb, 0x5acb, 0xef7d, 0xffff, 0xd69a, 0x4228, 0xd69a, 
	0xffff, 0xffff, 0xffff, 0xffff, 0xfffe, 0xffbd, 0xeefa, 0xde35, 0xcd93, 0xc531, 0xd593, 0xe5f2, 0xc4ae, 0xeed9, 0xff9d, 0xffde, 
	0xffff, 0xffff, 0xffff, 0xffff, 0xffff, 0xffff, 0xffff, 0xffde, 0xde15, 0xccee, 0xe656, 0xffff, 0xffff, 0xf73a, 0xcd51, 0xffff, 
	0xffff, 0xffff, 0xffff, 0xffff, 0xffff, 0xffff, 0xffff, 0xffff, 0xffff, 0xeed9, 0xd5b2, 0xffff, 0xffff, 0xffff, 0xffff, 0xf7ff, 
	0xffff, 0xffff, 0xddf4, 0xc48d, 0xee76, 0xffff, 0xffff, 0xffff, 0xffff, 0xffff, 0xffff, 0xffff, 0xddb2, 0xc48e, 0xeed9, 0xfffe, 
	0xffff, 0xffff, 0xffff, 0xffff, 0xffff, 0xffde, 0xd551, 0xf75c, 0xffff, 0xffff, 0xffff, 0xffff, 0xffff, 0xffff, 0xffff, 0xffff, 
	0xffff, 0xfffe, 0xcd31, 0xf75b, 0xffff, 0xffff, 0xeed9, 0xcd30, 0xd593, 0xf79d, 0xffff, 0xffff, 0xffff, 0xffff, 0xfffe, 0xffdd, 
	0xffbd, 0xf75c, 0xeefa, 0xee77, 0xcc6d, 0xe591, 0xd552, 0xc551, 0xd5d4, 0xee76, 0xf73a, 0xffdd, 0xfffe, 0xffff, 0xffff, 0xffff, 
	0xffff, 0xc618, 0x4a49, 0xdefb, 0xffff, 0xe73c, 0x5acb, 0xef5d, 0xffff, 0xffff, 0xffff, 0xffff, 0xffff, 0xffff, 0xffff, 0xffff, 
	0xffff, 0xffff, 0xffff, 0xffff, 0xffff, 0xf79e, 0xe71c, 0xd69a, 0xc638, 0xbdd7, 0xbdf7, 0xce59, 0xdedb, 0xef5d, 0xffdf, 0xef5d, 
	0xbdf7, 0xa514, 0x630c, 0xffdf, 0xffff, 0xffff, 0xffff, 0x8430, 0x738e, 0xffff, 0xffff, 0xffff, 0xffff, 0xffff, 0xffff, 0xffff, 
	0xffff, 0xffff, 0xffff, 0xffff, 0xffff, 0x8430, 0x738e, 0xffff, 0xffff, 0xffff, 0xffff, 0xffff, 0xffff, 0xffff, 0xffff, 0xffff, 
	0xffff, 0xffff, 0xffff, 0xffff, 0xffff, 0xffff, 0xffff, 0xffff, 0xffff, 0xef7d, 0x528a, 0xb5b6, 0xffff, 0xffff, 0xffff, 0xffff, 
	0xffff, 0xffff, 0xffff, 0xffff, 0xffff, 0xffff, 0xffff, 0xef7d, 0x4a69, 0xbdb6, 0xffff, 0xffff, 0xffff, 0xdedb, 0x4a49, 0xce59, 
	0xb5b6, 0xffff, 0xffff, 0xffff, 0xffff, 0xffff, 0xf79e, 0xe71c, 0xd69a, 0xc618, 0xbdd7, 0xc618, 0xce79, 0xdefb, 0xef7d, 0xffdf, 
	0xffff, 0xffff, 0xffff, 0xffff, 0xffff, 0xffff, 0xffff, 0xffff, 0xffff, 0xb5b6, 0x52aa, 0xce59, 0xf79e, 0xa4f3, 0x5aeb, 0xffdf, 
	0xffff, 0xfffe, 0xf75b, 0xde77, 0xcd92, 0xc531, 0xcd72, 0xde35, 0xeef9, 0xff9d, 0xffff, 0xffff, 0xde14, 0xd592, 0xffff, 0xffff, 
	0xffff, 0xffff, 0xffff, 0xffff, 0xffff, 0xffff, 0xffff, 0xffff, 0xffff, 0xf75b, 0xd592, 0xc531, 0xef1a, 0xfffe, 0xcd51, 0xef1b, 
	0xffff, 0xffff, 0xffff, 0xffff, 0xffff, 0xffff, 0xffff, 0xffff, 0xffff, 0xf75b, 0xcd71, 0xfffe, 0xffff, 0xffff, 0xffff, 0xffde, 
	0xffdf, 0xfffe, 0xfffe, 0xccad, 0xd550, 0xde56, 0xeef9, 0xffff, 0xf7ff, 0xffff, 0xeef9, 0xde36, 0xc4ce, 0xdd91, 0xffff, 0xffff, 
	0xfffe, 0xffff, 0xffff, 0xffff, 0xffff, 0xff9d, 0xcd51, 0xffbe, 0xffff, 0xffff, 0xffff, 0xffff, 0xffff, 0xffff, 0xffff, 0xffff, 
	0xffff, 0xef1b, 0xcd51, 0xfffe, 0xf75b, 0xcd93, 0xc531, 0xf6f9, 0xffff, 0xffff, 0xffff, 0xffff, 0xffff, 0xffff, 0xffff, 0xffff, 
	0xffff, 0xffff, 0xffff, 0xde34, 0xd5b3, 0xffff, 0xffde, 0xf75b, 0xeeb8, 0xddd4, 0xcd51, 0xcd31, 0xd5d3, 0xe697, 0xf77c, 0xffde, 
	0xffff, 0xf7be, 0x528a, 0xb575, 0xf79e, 0xc618, 0x528a, 0xc618, 0xffff, 0xffff, 0xffff, 0xffff, 0xffff, 0xffff, 0xffff, 0xffff, 
	0xf7be, 0xef5d, 0xd6ba, 0xc638, 0xbdf7, 0xbdd7, 0xc638, 0xd6ba, 0xe73c, 0xf7be, 0xffff, 0xffff, 0xffff, 0xffff, 0xffff, 0xf7be, 
	0xb5b6, 0xc618, 0x4a69, 0xe73c, 0xffff, 0xffff, 0xffff, 0xad34, 0x52aa, 0xf7be, 0xffff, 0xffff, 0xffff, 0xffff, 0xffff, 0xffff, 
	0xffff, 0xffff, 0xffff, 0xffff, 0xffff, 0xa514, 0x5acb, 0xf7be, 0xffff, 0xffff, 0xffff, 0xffff, 0xffff, 0xffff, 0xffff, 0xffff, 
	0xffff, 0xffff, 0xffff, 0xffff, 0xffff, 0xffff, 0xffff, 0xffff, 0xffff, 0xdefb, 0x4a69, 0xd69a, 0xffff, 0xffff, 0xffff, 0xffff, 
	0xffff, 0xffff, 0xffff, 0xffff, 0xffff, 0xffff, 0xffff, 0xd6ba, 0x4a49, 0xd69a, 0xffff, 0xffff, 0xffff, 0xbdd7, 0x528a, 0xd69a, 
	0xb5b6, 0xffff, 0xffff, 0xffff, 0xffff, 0xffff, 0xffff, 0xffff, 0xffff, 0xffff, 0xffdf, 0xef7d, 0xdefb, 0xce79, 0xc618, 0xbdf7, 
	0xc618, 0xd69a, 0xe71c, 0xf79e, 0xffdf, 0xffff, 0xffff, 0xffff, 0xffff, 0x8430, 0x7bcf, 0x8c71, 0x73cf, 0x52ca, 0x940e, 0xeefa, 
	0xd5f3, 0xc570, 0xcd51, 0xde14, 0xe6d8, 0xff9d, 0xffff, 0xffff, 0xffff, 0xffff, 0xffff, 0xffff, 0xfffe, 0xcd72, 0xde56, 0xffff, 
	0xffff, 0xffff, 0xffff, 0xffff, 0xffff, 0xffff, 0xffff, 0xffff, 0xffff, 0xffff, 0xffff, 0xf719, 0xcd72, 0xcd92, 0xe614, 0xd5b3, 
	0xfffe, 0xffdf, 0xffff, 0xffff, 0xffff, 0xffff, 0xffff, 0xffff, 0xffff, 0xffff, 0xcd51, 0xf75b, 0xffff, 0xffdf, 0xf7ff, 0xffff, 
	0xffdf, 0xfffd, 0xde34, 0xcd30, 0xde35, 0xe635, 0xcd30, 0xd5f4, 0xffdd, 0xd5b3, 0xcd52, 0xde35, 0xde55, 0xcd10, 0xe657, 0xffff, 
	0xffdf, 0xfffe, 0xffff, 0xffff, 0xffff, 0xeeb7, 0xcd93, 0xffff, 0xffff, 0xffff, 0xffff, 0xffff, 0xffff, 0xffff, 0xffff, 0xffff, 
	0xfffe, 0xd5b3, 0xe655, 0xddf4, 0xc510, 0xe677, 0xffde, 0xffff, 0xffff, 0xffff, 0xffff, 0xffff, 0xffff, 0xffff, 0xffff, 0xffff, 
	0xffff, 0xffff, 0xeeb8, 0xcd0f, 0xffde, 0xffff, 0xffff, 0xffff, 0xffff, 0xffff, 0xffff, 0xf77c, 0xe697, 0xddd3, 0xcd51, 0xcd51, 
	0xd5f4, 0xef1a, 0x83ae, 0x62ab, 0x73ce, 0x8c92, 0x738e, 0x9492, 0xffff, 0xffff, 0xffff, 0xffdf, 0xef7d, 0xdefb, 0xce59, 0xc618, 
	0xbdf7, 0xc618, 0xd69a, 0xe71c, 0xf79e, 0xffff, 0xffff, 0xffff, 0xffff, 0xffff, 0xffff, 0xffff, 0xffff, 0xffff, 0xffff, 0xffff, 
	0xbdd7, 0xd679, 0x4a49, 0xce79, 0xffff, 0xffff, 0xffff, 0xc618, 0x4a49, 0xe73c, 0xffff, 0xffff, 0xffff, 0xffff, 0xffff, 0xffff, 
	0xffff, 0xffff, 0xffff, 0xffff, 0xffff, 0xbdf7, 0x4a69, 0xef5d, 0xffff, 0xffff, 0xffff, 0xffff, 0xffff, 0xffff, 0xffff, 0xffff, 
	0xffff, 0xffff, 0xffff, 0xffff, 0xffff, 0xffff, 0xffff, 0xffff, 0xffff, 0xc618, 0x4a69, 0xe73c, 0xffff, 0xffff, 0xffff, 0xffff, 
	0xffff, 0xffff, 0xffff, 0xffff, 0xffff, 0xffff, 0xffff, 0xbdf7, 0x4a69, 0xef7d, 0xffff, 0xffff, 0xffff, 0x9cf3, 0x630c, 0xd69a, 
	0xc618, 0xffff, 0xffff, 0xffff, 0xffff, 0xffff, 0xffff, 0xffff, 0xffff, 0xffff, 0xffff, 0xffff, 0xffff, 0xffff, 0xffff, 0xf7be, 
	0xe73c, 0xd6ba, 0xce59, 0xbdf7, 0xbdf7, 0xc638, 0xd69a, 0xe73c, 0xf79e, 0x630c, 0xce79, 0xffff, 0xe6da, 0x428a, 0xb574, 0xd4ef, 
	0xd571, 0xff9b, 0xfffe, 0xffff, 0xffff, 0xffff, 0xffff, 0xffff, 0xffff, 0xffff, 0xffff, 0xffff, 0xffff, 0xffbd, 0xc4ef, 0xeef9, 
	0xffff, 0xffff, 0xffff, 0xffff, 0xffff, 0xffff, 0xffff, 0xffff, 0xffff, 0xffff, 0xffff, 0xffff, 0xfffe, 0xe697, 0xd52f, 0xcc8c, 
	0xee77, 0xffff, 0xffff, 0xff9d, 0xf73b, 0xef3b, 0xf75c, 0xffbe, 0xffff, 0xffff, 0xd5f4, 0xde35, 0xffff, 0xfffe, 0xfffe, 0xffff, 
	0xffff, 0xee97, 0xd510, 0xff9c, 0xffff, 0xffff, 0xffdd, 0xd592, 0xccee, 0xd5d3, 0xfffe, 0xffff, 0xffff, 0xff7b, 0xccef, 0xf6f9, 
	0xffff, 0xffff, 0xffff, 0xfffe, 0xffff, 0xd592, 0xee96, 0xffff, 0xffff, 0xf75c, 0xeed9, 0xe6b8, 0xe6b9, 0xf73b, 0xffff, 0xffff, 
	0xe635, 0xcc8c, 0xd52f, 0xde14, 0xffbe, 0xffff, 0xffff, 0xffff, 0xf7ff, 0xffff, 0xffff, 0xffff, 0xffff, 0xffff, 0xffff, 0xffff, 
	0xffff, 0xf75b, 0xc4ef, 0xf75b, 0xffff, 0xffff, 0xffff, 0xffff, 0xffff, 0xffff, 0xffff, 0xffff, 0xffff, 0xf7ff, 0xffdd, 0xff59, 
	0xd510, 0xd511, 0xa513, 0x4aaa, 0xef3c, 0xffff, 0xbe18, 0x632c, 0xe73c, 0xd69a, 0xc618, 0xbdf7, 0xc618, 0xce59, 0xdedb, 0xef7d, 
	0xffdf, 0xffff, 0xffff, 0xffff, 0xffff, 0xffff, 0xffff, 0xffff, 0xffff, 0xffff, 0xffff, 0xffff, 0xffff, 0xffff, 0xffff, 0xffff, 
	0xbdd7, 0xd69a, 0x5aaa, 0xad75, 0xffff, 0xffff, 0xffff, 0xdefb, 0x4a49, 0xce79, 0xffff, 0xffff, 0xffff, 0xffff, 0xffff, 0xffff, 
	0xffff, 0xffff, 0xffff, 0xffff, 0xffff, 0xdedb, 0x4a49, 0xd6ba, 0xffff, 0xffff, 0xffff, 0xffff, 0xffff, 0xffff, 0xffff, 0xffff, 
	0xffff, 0xffff, 0xffff, 0xffff, 0xffff, 0xffff, 0xffff, 0xffff, 0xffff, 0xad55, 0x52aa, 0xf79e, 0xffff, 0xffff, 0xffff, 0xffff, 
	0xffff, 0xffff, 0xffff, 0xffff, 0xffff, 0xffff, 0xffff, 0xa514, 0x5aeb, 0xffdf, 0xffff, 0xffdf, 0xffff, 0x83ef, 0x7bcf, 0xce38, 
	0xd6ba, 0xffff, 0xffff, 0xffff, 0xffff, 0xffff, 0xffff, 0xffff, 0xffff, 0xffff, 0xffff, 0xffff, 0xffff, 0xffff, 0xffff, 0xffff, 
	0xffff, 0xffff, 0xffff, 0xffff, 0xf7be, 0xe71c, 0xd69a, 0xc638, 0xad75, 0x5acb, 0xef5d, 0xffff, 0xc638, 0x4a48, 0xe73b, 0xff7b, 
	0xcd10, 0xeeb8, 0xffff, 0xf7ff, 0xffde, 0xfffe, 0xf7ff, 0xffff, 0xffff, 0xffff, 0xffff, 0xffff, 0xffff, 0xffff, 0xf73a, 0xc4ef, 
	0xf75b, 0xffff, 0xffff, 0xffff, 0xffff, 0xffff, 0xffff, 0xffff, 0xffff, 0xffde, 0xeef9, 0xd5d4, 0xcd72, 0xd592, 0xdccd, 0xcc4a, 
	0xc44b, 0xe676, 0xddd3, 0xcd31, 0xd572, 0xd572, 0xd551, 0xcd51, 0xcd93, 0xee96, 0xf6f8, 0xcd71, 0xffff, 0xffff, 0xffde, 0xffde, 
	0xffff, 0xd552, 0xeed9, 0xffff, 0xfffe, 0xf7ff, 0xf7ff, 0xf739, 0xc4ad, 0xff7b, 0xf7ff, 0xf7ff, 0xffdf, 0xffff, 0xe676, 0xd5d3, 
	0xffff, 0xf7de, 0xffde, 0xffff, 0xf77c, 0xcd51, 0xf6f8, 0xd5d3, 0xcd51, 0xcd71, 0xd5b2, 0xddd3, 0xd5b3, 0xcd51, 0xd592, 0xe614, 
	0xbc4b, 0xcc6a, 0xdccd, 0xdd92, 0xcd93, 0xde16, 0xf73b, 0xfffe, 0xffff, 0xffff, 0xffff, 0xffff, 0xffff, 0xffff, 0xffff, 0xffff, 
	0xfffe, 0xd54f, 0xe697, 0xffff, 0xffdf, 0xffff, 0xffff, 0xffff, 0xffff, 0xffff, 0xf7ff, 0xfffe, 0xfffe, 0xf7ff, 0xffff, 0xe697, 
	0xcd31, 0xff9d, 0xd6b9, 0x4a48, 0xd6ba, 0xffff, 0xe71c, 0x52aa, 0xbdd7, 0xdedb, 0xe73c, 0xf7be, 0xffff, 0xffff, 0xffff, 0xffff, 
	0xffff, 0xffff, 0xffff, 0xffff, 0xffff, 0xffff, 0xffff, 0xffff, 0xffff, 0xffff, 0xffff, 0xffff, 0xffff, 0xffff, 0xffff, 0xffff, 
	0xce79, 0xd679, 0x6b4d, 0x9472, 0xffff, 0xffff, 0xffff, 0xf79e, 0x528a, 0xb596, 0xffff, 0xffff, 0xffff, 0xffff, 0xffff, 0xffff, 
	0xffff, 0xffff, 0xffff, 0xffff, 0xffff, 0xe73c, 0x528a, 0xbdd7, 0xffff, 0xffff, 0xffff, 0xffff, 0xffff, 0xffff, 0xffff, 0xffff, 
	0xffff, 0xffff, 0xffff, 0xffff, 0xffff, 0xffff, 0xffff, 0xffff, 0xffff, 0x9cd3, 0x6b4d, 0xffff, 0xffff, 0xffff, 0xffff, 0xffff, 
	0xffff, 0xffff, 0xffff, 0xffff, 0xffff, 0xffff, 0xffff, 0x8430, 0x738e, 0xffff, 0xffff, 0xffff, 0xffff, 0x6b2d, 0x9cd3, 0xc618, 
	0xef5d, 0xffff, 0xffff, 0xffff, 0xffff, 0xffff, 0xffff, 0xffff, 0xffff, 0xffff, 0xffff, 0xffff, 0xffff, 0xffff, 0xffff, 0xffff, 
	0xffff, 0xffff, 0xffff, 0xffff, 0xffff, 0xffff, 0xffff, 0xffff, 0xbdd7, 0x6b4d, 0xffff, 0xffff, 0x94f4, 0x5aeb, 0xffde, 0xffff, 
	0xf73b, 0xccf0, 0xe697, 0xffff, 0xffff, 0xffff, 0xffdf, 0xffff, 0xffff, 0xffff, 0xffff, 0xffff, 0xffff, 0xffff, 0xffff, 0xeeb7, 
	0xcd0f, 0xffbe, 0xffff, 0xffff, 0xffff, 0xffff, 0xffff, 0xff9c, 0xde36, 0xcd51, 0xcd72, 0xe656, 0xf73b, 0xf75b, 0xf77b, 0xf75b, 
	0xe677, 0xc4ad, 0xe614, 0xffbd, 0xfffe, 0xffff, 0xffde, 0xff9d, 0xeeb7, 0xd592, 0xcd51, 0xc48d, 0xee96, 0xde36, 0xe5d4, 0xe5f3, 
	0xddf3, 0xd4ef, 0xf77b, 0xffff, 0xfffd, 0xfffe, 0xf7ff, 0xff9b, 0xc552, 0xffdd, 0xffff, 0xffde, 0xffde, 0xffff, 0xeef9, 0xcd30, 
	0xddf4, 0xd52f, 0xd530, 0xde15, 0xddd3, 0xc48d, 0xcd71, 0xe655, 0xf75b, 0xfffe, 0xffff, 0xffff, 0xffff, 0xffff, 0xe656, 0xc4ae, 
	0xeed8, 0xf77c, 0xf77b, 0xf75b, 0xeef9, 0xde15, 0xcd51, 0xcd51, 0xe677, 0xffdd, 0xffff, 0xffff, 0xffff, 0xffff, 0xffff, 0xffff, 
	0xddd3, 0xddb2, 0xffff, 0xffff, 0xffff, 0xffff, 0xffff, 0xffff, 0xffff, 0xffff, 0xffff, 0xffff, 0xffff, 0xffff, 0xe676, 0xbcf0, 
	0xef5b, 0xf7ff, 0xef9e, 0x5a8b, 0xad76, 0xffff, 0xffdf, 0x630c, 0xce59, 0xffff, 0xffff, 0xffff, 0xffff, 0xffff, 0xffff, 0xffff, 
	0xffff, 0xffff, 0xffff, 0xffff, 0xffff, 0xffff, 0xffff, 0xffff, 0xffff, 0xffff, 0xffff, 0xffff, 0xffff, 0xffff, 0xffff, 0xffff, 
	0xdefb, 0xc638, 0x8c31, 0x7bae, 0xffff, 0xffff, 0xffff, 0xffdf, 0x630c, 0x94b2, 0xffff, 0xffff, 0xffff, 0xffff, 0xffff, 0xffff, 
	0xffff, 0xffff, 0xffff, 0xffff, 0xffff, 0xffff, 0x5acb, 0xad55, 0xffff, 0xffff, 0xffff, 0xffff, 0xffff, 0xffff, 0xffff, 0xffff, 
	0xffff, 0xffff, 0xffff, 0xffff, 0xffff, 0xffff, 0xffff, 0xffff, 0x9cd3, 0x5acb, 0x630c, 0xa514, 0xb5b6, 0xce59, 0xd6ba, 0xe71c, 
	0xf79e, 0xffff, 0xffff, 0xffff, 0xffff, 0xffff, 0xffff, 0x738e, 0x8c71, 0xffff, 0xffff, 0xffff, 0xf79e, 0x5aaa, 0xad75, 0xbdb6, 
	0xf79e, 0xffff, 0xffff, 0xffff, 0xffff, 0xffff, 0xffff, 0xffff, 0xffff, 0xffff, 0xffff, 0xffff, 0xffff, 0xffff, 0xffff, 0xffff, 
	0xffff, 0xffff, 0xffff, 0xffff, 0xffff, 0xffff, 0xffff, 0xffff, 0x94b2, 0x8430, 0xffff, 0xffff, 0x73ad, 0x83f0, 0xffff, 0xffff, 
	0xffff, 0xf73b, 0xbcf0, 0xe676, 0xf7df, 0xf7df, 0xf7bd, 0xffdf, 0xffdf, 0xffff, 0xffff, 0xffff, 0xffff, 0xffff, 0xffff, 0xffff, 
	0xde14, 0xd593, 0xffff, 0xffff, 0xffff, 0xf77b, 0xde15, 0xcd10, 0xd5b3, 0xf73b, 0xffff, 0xffff, 0xffff, 0xffff, 0xffff, 0xffff, 
	0xffff, 0xcd92, 0xf75a, 0xffff, 0xffff, 0xffff, 0xffff, 0xffff, 0xffff, 0xffff, 0xf77c, 0xddd3, 0xcc6b, 0xe656, 0xce58, 0xef5d, 
	0xf77c, 0xd50f, 0xeeb7, 0xffff, 0xffff, 0xffff, 0xffff, 0xf6f8, 0xbc6d, 0xf739, 0xffff, 0xffff, 0xfffe, 0xffff, 0xee56, 0xcc4b, 
	0xe698, 0xffbd, 0xffbd, 0xef1a, 0xd52f, 0xee97, 0xffff, 0xffff, 0xffff, 0xffff, 0xffff, 0xffff, 0xffff, 0xffff, 0xf73a, 0xcd92, 
	0xffff, 0xffff, 0xffff, 0xffff, 0xffff, 0xffff, 0xffff, 0xf71a, 0xd572, 0xcd10, 0xe676, 0xffbd, 0xffff, 0xffff, 0xffff, 0xe677, 
	0xcd30, 0xffbe, 0xffff, 0xffff, 0xffff, 0xffff, 0xffff, 0xffff, 0xf7df, 0xffbe, 0xffde, 0xf7df, 0xffff, 0xde56, 0xc510, 0xf75b, 
	0xf79e, 0xf7bd, 0xffff, 0x6b8e, 0x8410, 0xffff, 0xffff, 0x7bcf, 0xa534, 0xffff, 0xffff, 0xffff, 0xffff, 0xffff, 0xffff, 0xffff, 
	0xffff, 0xffff, 0xffff, 0xffff, 0xffff, 0xffff, 0xffff, 0xffff, 0xffff, 0xffff, 0xffff, 0xffff, 0xffff, 0xffff, 0xffff, 0xffff, 
	0xef7d, 0xc618, 0xa514, 0x630c, 0xffdf, 0xffff, 0xffff, 0xffff, 0x7bcf, 0x7c10, 0xffff, 0xffff, 0xffff, 0xffff, 0xffff, 0xffff, 
	0xffff, 0xf79e, 0xe73c, 0xdedb, 0xce59, 0xb5b6, 0x630c, 0x632c, 0xad75, 0xffff, 0xffff, 0xffff, 0xffff, 0xffff, 0xffff, 0xffff, 
	0xffff, 0xffff, 0xffff, 0xffff, 0xffff, 0xffff, 0xffff, 0xffff, 0xad75, 0x5acb, 0x5aeb, 0x630c, 0x528a, 0x4a69, 0x4a49, 0x4a69, 
	0x52aa, 0x630c, 0x738e, 0x8430, 0x9cd3, 0xad55, 0xbdf7, 0x5aeb, 0x94b2, 0xffdf, 0xffff, 0xffff, 0xe71c, 0x4a69, 0xc618, 0xb5b6, 
	0xffff, 0xffff, 0xffff, 0xffff, 0xffff, 0xffff, 0xffff, 0xffff, 0xffff, 0xffff, 0xffff, 0xffff, 0xffff, 0xffff, 0xffff, 0xffff, 
	0xffff, 0xffff, 0xffff, 0xffff, 0xffff, 0xffff, 0xffff, 0xffff, 0x73ae, 0xad55, 0xffff, 0xf7df, 0x5aca, 0xa513, 0xffff, 0xffff, 
	0xf79e, 0xefbe, 0xef3b, 0xc4f0, 0xe657, 0xefbf, 0xefbe, 0xffdf, 0xffff, 0xffff, 0xffff, 0xffff, 0xffff, 0xffff, 0xffff, 0xffff, 
	0xfffe, 0xd551, 0xddd3, 0xeeb8, 0xd5b3, 0xbd31, 0xd615, 0xff7c, 0xffff, 0xffff, 0xffff, 0xffff, 0xffff, 0xffff, 0xfffe, 0xffff, 
	0xffff, 0xd572, 0xe6b8, 0xffff, 0xffff, 0xf7ff, 0xffff, 0xffff, 0xffff, 0xfffe, 0xffff, 0xde15, 0xde36, 0xe73c, 0xf79e, 0xffff, 
	0xffff, 0xf77c, 0xcd10, 0xf719, 0xffff, 0xffff, 0xf75b, 0xcd71, 0xe5f2, 0xd572, 0xff7c, 0xffff, 0xfffe, 0xeef8, 0xcc8d, 0xee97, 
	0xffff, 0xffff, 0xffff, 0xffff, 0xff9d, 0xde56, 0xffff, 0xfffe, 0xffdf, 0xffff, 0xffff, 0xfffe, 0xffff, 0xffff, 0xe677, 0xd5d4, 
	0xffff, 0xffff, 0xfffe, 0xffff, 0xffff, 0xffff, 0xffff, 0xffff, 0xffff, 0xf75c, 0xd5b2, 0xcd0f, 0xde15, 0xf77c, 0xf71a, 0xcd10, 
	0xff7c, 0xffff, 0xf7ff, 0xffff, 0xffff, 0xffff, 0xffff, 0xffff, 0xf7ff, 0xf7be, 0xf79e, 0xf7bf, 0xde15, 0xcd10, 0xf77b, 0xffff, 
	0xf79e, 0xf79e, 0xffff, 0x94b2, 0x630c, 0xffff, 0xffff, 0x9cf3, 0x8430, 0xffff, 0xffff, 0xffff, 0xffff, 0xffff, 0xffff, 0xffff, 
	0xffff, 0xffff, 0xffff, 0xffff, 0xffff, 0xffff, 0xffff, 0xffff, 0xffff, 0xffff, 0xffff, 0xffff, 0xffff, 0xffff, 0xffff, 0xffff, 
	0xf79e, 0xb596, 0xb596, 0x52aa, 0xef7d, 0xffff, 0xffff, 0xffff, 0x8c71, 0x6b4d, 0xd6ba, 0xc618, 0xad75, 0x9cd3, 0x8430, 0x73ae, 
	0x632c, 0x5acb, 0x4a69, 0x4a49, 0x4a49, 0x52aa, 0x52aa, 0x52aa, 0x9cd3, 0xffff, 0xffff, 0xffff, 0xffff, 0xffff, 0xffff, 0xffff, 
	0xffff, 0xffff, 0xffff, 0xffff, 0xffff, 0xffff, 0xffff, 0xffff, 0xffff, 0x632c, 0x9cd3, 0xffff, 0xef7d, 0xe73c, 0xd6ba, 0xc618, 
	0xb596, 0x9cf3, 0x8430, 0x738e, 0x630c, 0x5acb, 0x526a, 0x52aa, 0x4a28, 0xc5f8, 0xffff, 0xffff, 0xd6ba, 0x4a49, 0xd69a, 0xa514, 
	0xc638, 0xce59, 0xd69a, 0xdedb, 0xe73c, 0xe73c, 0xf79e, 0xffdf, 0xffdf, 0xf7be, 0xf7be, 0xffdf, 0xffdf, 0xf7be, 0xffdf, 0xffff, 
	0xffff, 0xffff, 0xffff, 0xffff, 0xffff, 0xffff, 0xffff, 0xffdf, 0x632c, 0xce59, 0xffff, 0xe73c, 0x4a49, 0xc638, 0xffff, 0xffff, 
	0xf7be, 0xf7be, 0xf79d, 0xf75c, 0xc531, 0xe614, 0xfffe, 0xffff, 0xffff, 0xf7ff, 0xffff, 0xffff, 0xffff, 0xffff, 0xffde, 0xeef9, 
	0xd592, 0xd550, 0xcd51, 0xc44b, 0xee96, 0xff9c, 0xffff, 0xffff, 0xffff, 0xffff, 0xffff, 0xffff, 0xffff, 0xffff, 0xfffe, 0xffff, 
	0xffff, 0xe697, 0xcd92, 0xffff, 0xffde, 0xffff, 0xffff, 0xffff, 0xffff, 0xffff, 0xffde, 0xd530, 0xff7b, 0xffff, 0xffff, 0xffff, 
	0xffff, 0xffff, 0xd5b3, 0xcd31, 0xddb2, 0xdd50, 0xc46c, 0xd550, 0xe635, 0xd510, 0xc46c, 0xe570, 0xdd91, 0xcd51, 0xccef, 0xff9d, 
	0xffff, 0xffff, 0xffff, 0xffff, 0xef5d, 0xe5f5, 0xffde, 0xfffe, 0xf7ff, 0xffff, 0xffff, 0xf7ff, 0xffff, 0xffdd, 0xcd31, 0xeef9, 
	0xffff, 0xffff, 0xfffe, 0xffff, 0xffff, 0xffff, 0xffff, 0xffff, 0xffff, 0xffff, 0xffff, 0xff3a, 0xde36, 0xc4ae, 0xc4ad, 0xcd0f, 
	0xee97, 0xffbd, 0xffff, 0xffff, 0xffff, 0xffff, 0xffff, 0xffff, 0xffde, 0xffff, 0xffff, 0xe676, 0xc510, 0xef3b, 0xf7df, 0xf7be, 
	0xef7d, 0xf79e, 0xffff, 0xb5b6, 0x528a, 0xef7d, 0xffff, 0xbdd7, 0x6b6d, 0xffff, 0xffff, 0xffff, 0xffff, 0xffff, 0xffff, 0xffff, 
	0xffff, 0xffff, 0xffff, 0xffff, 0xffdf, 0xf79e, 0xf79e, 0xef7d, 0xef7d, 0xe73c, 0xdefb, 0xdedb, 0xce79, 0xce59, 0xc618, 0xbe18, 
	0xbdf7, 0xa514, 0xc618, 0x4a69, 0xe71c, 0xffff, 0xffff, 0xc5f8, 0x4a69, 0x528a, 0x4a49, 0x4a69, 0x52aa, 0x630c, 0x6b6d, 0x8430, 
	0x9cd3, 0xad75, 0xc618, 0xd69a, 0xe71c, 0xf79e, 0x8430, 0x738e, 0xffff, 0xffff, 0xffff, 0xffff, 0xffff, 0xffff, 0xffff, 0xffff, 
	0xffff, 0xffff, 0xffff, 0xffff, 0xffff, 0xffff, 0xffff, 0xffff, 0xf7be, 0x5acb, 0xa534, 0xffff, 0xffff, 0xffff, 0xffff, 0xffff, 
	0xffff, 0xffff, 0xffff, 0xffff, 0xffff, 0xffdf, 0xd6ba, 0x4a69, 0xa534, 0xf79e, 0xffff, 0xffff, 0xc618, 0x528a, 0xd67a, 0xb596, 
	0xef5d, 0xdefb, 0xd6ba, 0xdefb, 0xdedb, 0xc618, 0xbdd7, 0xbdd7, 0xc638, 0xd69a, 0xdedb, 0xdefb, 0xe71c, 0xe73c, 0xef5d, 0xef5d, 
	0xf7be, 0xffdf, 0xffff, 0xffff, 0xffff, 0xffff, 0xffff, 0xef7d, 0x5aeb, 0xe71c, 0xffff, 0xce79, 0x4a49, 0xdefb, 0xffff, 0xffdf, 
	0xf7be, 0xf79f, 0xf79d, 0xf7be, 0xf75b, 0xcd30, 0xde15, 0xffff, 0xffff, 0xffff, 0xffff, 0xffff, 0xf77c, 0xe635, 0xd50f, 0xd550, 
	0xe6b8, 0xffde, 0xffff, 0xddd3, 0xde14, 0xffff, 0xffff, 0xffff, 0xffff, 0xffff, 0xffff, 0xffff, 0xffff, 0xffff, 0xffff, 0xffff, 
	0xffff, 0xfffe, 0xcd51, 0xe698, 0xffff, 0xffff, 0xffff, 0xffff, 0xfffe, 0xffff, 0xf7de, 0xd52f, 0xf77b, 0xffff, 0xffdf, 0xffff, 
	0xffff, 0xffff, 0xe615, 0xf6b7, 0xd4ce, 0xd48d, 0xe5d3, 0xee97, 0xee97, 0xee77, 0xddd4, 0xd4ce, 0xd50f, 0xff18, 0xd572, 0xff7c, 
	0xffff, 0xffff, 0xffff, 0xffff, 0xef3c, 0xedf4, 0xffde, 0xffff, 0xffff, 0xffde, 0xf7ff, 0xf7ff, 0xffff, 0xde14, 0xd5b2, 0xfffe, 
	0xffff, 0xffff, 0xfffe, 0xffff, 0xffff, 0xffff, 0xffff, 0xffff, 0xffff, 0xffff, 0xffff, 0xffff, 0xe697, 0xd530, 0xff5a, 0xef1a, 
	0xd5b3, 0xcd10, 0xddf3, 0xf73a, 0xffff, 0xffff, 0xffff, 0xffde, 0xffde, 0xffff, 0xe6b8, 0xccef, 0xff7b, 0xf7df, 0xef9d, 0xefbe, 
	0xef7d, 0xf79e, 0xffff, 0xd69a, 0x4a49, 0xdefb, 0xffff, 0xd6ba, 0x630c, 0xffdf, 0xffff, 0xffff, 0xffff, 0xffdf, 0xf79e, 0xef7d, 
	0xe73c, 0xdefb, 0xd69a, 0xce59, 0xc618, 0xd69a, 0xd69a, 0xbdf7, 0xbdf7, 0xc618, 0xce59, 0xd69a, 0xdedb, 0xe71c, 0xef5d, 0xf79e, 
	0xffdf, 0xbdd7, 0xce79, 0x4a49, 0xd69a, 0xffff, 0xffff, 0xef5d, 0x8c71, 0x528a, 0xd679, 0xef5d, 0xf7be, 0xffff, 0xffff, 0xffff, 
	0xffff, 0xffff, 0xffff, 0xffff, 0xffff, 0xffff, 0x9cd3, 0x630c, 0xffff, 0xffff, 0xffff, 0xffff, 0xffff, 0xffff, 0xffff, 0xffff, 
	0xffff, 0xffff, 0xffff, 0xffff, 0xffff, 0xffff, 0xffff, 0xffff, 0xef7d, 0x528a, 0xb5b6, 0xffff, 0xffff, 0xffff, 0xffff, 0xffff, 
	0xffff, 0xffdf, 0xffff, 0xffff, 0xffff, 0xffff, 0xdefb, 0x4a49, 0xdedb, 0xffff, 0xffff, 0xffff, 0xb596, 0x5aab, 0xce79, 0xbdd7, 
	0xffff, 0xffff, 0xf7be, 0xffff, 0xffff, 0xffdf, 0xf7be, 0xf79e, 0xf7be, 0xf7be, 0xef7d, 0xe71c, 0xdedb, 0xdefb, 0xd6ba, 0xbdf7, 
	0xbdf7, 0xbdf7, 0xbdd7, 0xd69a, 0xd69a, 0xce79, 0xdefb, 0xc638, 0x5aeb, 0xf79e, 0xffff, 0xb5b6, 0x528a, 0xef7d, 0xffff, 0xf7be, 
	0xf79e, 0xf79e, 0xef9e, 0xefbd, 0xffff, 0xffde, 0xd551, 0xddf4, 0xfffe, 0xffdf, 0xef19, 0xd5b2, 0xcd30, 0xddf4, 0xf73a, 0xfffe, 
	0xffff, 0xffff, 0xfffe, 0xffff, 0xcd2f, 0xe6b8, 0xffff, 0xffff, 0xffff, 0xffff, 0xffff, 0xffff, 0xffff, 0xffff, 0xffff, 0xffff, 
	0xffff, 0xffff, 0xf73b, 0xc4ef, 0xf73b, 0xffff, 0xffff, 0xfffe, 0xffdf, 0xffff, 0xffff, 0xddf4, 0xe677, 0xffff, 0xffff, 0xffdf, 
	0xf79d, 0xf73b, 0xd530, 0xd530, 0xeed9, 0xffff, 0xffdf, 0xffdf, 0xffdf, 0xffff, 0xffff, 0xffff, 0xef1a, 0xcd50, 0xccae, 0xe656, 
	0xf77d, 0xffde, 0xffff, 0xffdf, 0xf75b, 0xddf3, 0xffff, 0xffff, 0xffdf, 0xffdf, 0xffff, 0xffff, 0xee76, 0xcd0f, 0xffbe, 0xffff, 
	0xffff, 0xffff, 0xffff, 0xffff, 0xffff, 0xffff, 0xffff, 0xffff, 0xffff, 0xffdf, 0xffff, 0xf6f9, 0xd4ee, 0xf79d, 0xffff, 0xffff, 
	0xffff, 0xf79c, 0xe656, 0xcd31, 0xd571, 0xe697, 0xffbd, 0xffff, 0xffff, 0xe698, 0xc4f0, 0xf77c, 0xffff, 0xffff, 0xf7de, 0xf79d, 
	0xf7be, 0xf7be, 0xffdf, 0xe71c, 0x4a69, 0xc638, 0xffff, 0xef5d, 0x5aeb, 0xc618, 0xce59, 0xc618, 0xc618, 0xce59, 0xbdf7, 0xc618, 
	0xce59, 0xd69a, 0xd6ba, 0xdefb, 0xe71c, 0xf79e, 0xf7be, 0xf79e, 0xffff, 0xffff, 0xffff, 0xffff, 0xffff, 0xffff, 0xffff, 0xffff, 
	0xffff, 0xbdd7, 0xd679, 0x528a, 0xc638, 0xffff, 0xffff, 0xffff, 0xce59, 0x4a49, 0xef7d, 0xffff, 0xffff, 0xffff, 0xffff, 0xffff, 
	0xffff, 0xffff, 0xffff, 0xffff, 0xffff, 0xffff, 0xa514, 0x5acb, 0xf7be, 0xffff, 0xffff, 0xffff, 0xffff, 0xffff, 0xffff, 0xffdf, 
	0xffff, 0xffff, 0xffff, 0xffff, 0xffff, 0xffff, 0xffff, 0xffff, 0xe73c, 0x4a69, 0xc618, 0xffff, 0xffff, 0xffdf, 0xffff, 0xb5b6, 
	0x94b2, 0xffdf, 0xffff, 0xffff, 0xffff, 0xffff, 0xce59, 0x4a49, 0xdefb, 0xffff, 0xffff, 0xffff, 0xa514, 0x630c, 0xd6ba, 0xc618, 
	0xffff, 0xe71c, 0x4208, 0x9cf3, 0xffff, 0xf7be, 0xf7be, 0xffff, 0xffff, 0xa514, 0xd69a, 0xffff, 0xffff, 0xffff, 0xffdf, 0xffdf, 
	0xffdf, 0xffdf, 0xad75, 0x8c51, 0xef5d, 0xd6ba, 0xd69a, 0xa534, 0x632c, 0xffff, 0xffff, 0xa514, 0x630c, 0xffff, 0xffff, 0xf7be, 
	0xf7be, 0xffde, 0xffff, 0xf7ff, 0xffff, 0xffff, 0xfffe, 0xd593, 0xdd51, 0xd590, 0xd571, 0xe697, 0xffbd, 0xffff, 0xffff, 0xffff, 
	0xffff, 0xffff, 0xfffe, 0xffff, 0xf75b, 0xc4ef, 0xff9c, 0xffff, 0xffff, 0xffff, 0xffff, 0xffff, 0xffff, 0xffff, 0xffff, 0xffff, 
	0xffff, 0xffff, 0xffff, 0xeed8, 0xc4f0, 0xf75b, 0xfffe, 0xffff, 0xffff, 0xf6f9, 0xd5d3, 0xcd30, 0xcc4a, 0xee76, 0xff9d, 0xff9d, 
	0xe698, 0xc4cf, 0xddd4, 0xffde, 0xf7be, 0xffff, 0xffff, 0xffff, 0xffff, 0xffff, 0xffff, 0xffff, 0xffff, 0xfffe, 0xe614, 0xd571, 
	0xff5b, 0xef1b, 0xdefb, 0xf6f9, 0xcccd, 0xd4ef, 0xd552, 0xee97, 0xfffd, 0xfffe, 0xffff, 0xee55, 0xccef, 0xf77c, 0xffff, 0xffff, 
	0xffff, 0xffff, 0xffff, 0xffff, 0xffff, 0xffff, 0xffff, 0xffff, 0xffff, 0xffff, 0xffbe, 0xccef, 0xf717, 0xffff, 0xffff, 0xffff, 
	0xffff, 0xffff, 0xffff, 0xffde, 0xeef8, 0xd592, 0xcd11, 0xe635, 0xe655, 0xd530, 0xff5b, 0xffff, 0xffff, 0xffff, 0xffff, 0xfffe, 
	0xffff, 0xffff, 0xffff, 0xf79e, 0x52aa, 0xad75, 0xffff, 0xf7be, 0x5aeb, 0xbdd7, 0xe73c, 0xef5d, 0xf7be, 0xad75, 0xef7d, 0xffff, 
	0xffff, 0xffff, 0xffff, 0xffff, 0xffff, 0xffff, 0xffff, 0xffff, 0xffff, 0xffff, 0xffff, 0xffff, 0xffff, 0xad55, 0xdefb, 0xffff, 
	0xffff, 0xbdd7, 0xce79, 0x5aaa, 0xb596, 0xffff, 0xffff, 0xffff, 0xd67a, 0x4a49, 0xdefb, 0xffff, 0xffff, 0xffff, 0xffff, 0xffff, 
	0xa534, 0xce79, 0xffff, 0xffdf, 0xffff, 0xffff, 0xb596, 0x52aa, 0xf79e, 0xffff, 0xffff, 0xffff, 0xffff, 0xffff, 0xffff, 0xf7be, 
	0xffff, 0xffff, 0xffff, 0xffff, 0xffff, 0xffff, 0xffff, 0xffff, 0xdefb, 0x4a49, 0xd69a, 0xffff, 0xffff, 0xffff, 0xce59, 0x4a49, 
	0x4208, 0xa514, 0xffff, 0xffff, 0xffff, 0xffff, 0xc618, 0x4a49, 0xef3d, 0xffff, 0xffff, 0xffff, 0x9cb3, 0x6b4d, 0xd69a, 0xd679, 
	0xf79e, 0x2965, 0x0000, 0x0020, 0x94b2, 0xffff, 0xf7be, 0xffff, 0xffff, 0x52aa, 0x10a2, 0x8c51, 0xd69a, 0x632c, 0xc638, 0xffff, 
	0xf7be, 0xffff, 0xa514, 0x4208, 0x8430, 0xe73c, 0xffff, 0xb5b6, 0x738e, 0xffff, 0xffff, 0x8c51, 0x6b6d, 0xf7be, 0xffff, 0xffff, 
	0xffff, 0xf7ff, 0xffff, 0xffde, 0xffff, 0xfffe, 0xee97, 0xd52f, 0xd550, 0xc4cf, 0xf75a, 0xffff, 0xffff, 0xffff, 0xffff, 0xffff, 
	0xffff, 0xffff, 0xffff, 0xfffe, 0xffff, 0xde56, 0xcd92, 0xffff, 0xffff, 0xffff, 0xffff, 0xffff, 0xffff, 0xffff, 0xffff, 0xffff, 
	0xffff, 0xffff, 0xffff, 0xffff, 0xeef8, 0xc4ef, 0xeed9, 0xffff, 0xe657, 0xccef, 0xe676, 0xeef9, 0xee56, 0xcc8d, 0xccef, 0xdd93, 
	0xcd0f, 0xd637, 0xef7d, 0xffff, 0xffff, 0xffff, 0xffff, 0xffff, 0xffff, 0xffff, 0xffff, 0xffff, 0xffff, 0xffff, 0xf7be, 0xdeda, 
	0xd571, 0xcd10, 0xd572, 0xccef, 0xeeb7, 0xf77b, 0xeed9, 0xd510, 0xde34, 0xfffe, 0xddf4, 0xd551, 0xff9d, 0xffff, 0xffff, 0xffff, 
	0xffff, 0xffff, 0xffff, 0xffff, 0xffff, 0xffff, 0xffff, 0xffff, 0xffff, 0xffff, 0xd593, 0xde14, 0xffff, 0xffff, 0xffff, 0xffff, 
	0xffff, 0xffff, 0xffdf, 0xffff, 0xffff, 0xffff, 0xff59, 0xccad, 0xc46d, 0xd551, 0xf75b, 0xffff, 0xffff, 0xffff, 0xfffe, 0xf7ff, 
	0xffff, 0xffff, 0xffff, 0xffff, 0x6b4d, 0x9cd3, 0xffff, 0xffff, 0x632c, 0xc638, 0xffff, 0xffff, 0xb5b6, 0x0000, 0x4228, 0x630c, 
	0x52aa, 0x39e7, 0x4a49, 0x4a49, 0x5acb, 0x7bef, 0x5acb, 0x52aa, 0x4208, 0x39c7, 0x4208, 0x4208, 0x39e7, 0x0841, 0x2945, 0xbe17, 
	0xffff, 0xc5f8, 0xd69a, 0x5aeb, 0xa514, 0xffff, 0xffdf, 0xffff, 0xdedb, 0x4a49, 0xd69a, 0xffff, 0xffff, 0xffff, 0xffff, 0xa534, 
	0x4208, 0x52aa, 0xd6ba, 0xffff, 0xffff, 0xffff, 0xbdf7, 0x528a, 0xef5d, 0xffff, 0xffff, 0xffff, 0xffff, 0xffff, 0xffff, 0xf7be, 
	0xffff, 0xffff, 0xffff, 0xffff, 0xffff, 0xffff, 0xffff, 0xffff, 0xdedb, 0x4a69, 0xdebb, 0xffff, 0xffff, 0xffff, 0xef5d, 0x738e, 
	0x5aeb, 0xdeda, 0xffff, 0xffff, 0xffff, 0xffff, 0xbdd7, 0x526a, 0xf79e, 0xffff, 0xffff, 0xffff, 0x9471, 0x6b6d, 0xce79, 0xd6ba, 
	0xf7be, 0x5aeb, 0x0841, 0x5aeb, 0xce79, 0xffdf, 0xffdf, 0xffff, 0xffff, 0x7bef, 0x10a2, 0x0861, 0x39e7, 0x0841, 0xb5b6, 0xffff, 
	0xffff, 0xc618, 0x4a69, 0x4a69, 0x4208, 0xc638, 0xffff, 0xbdf7, 0x8c51, 0xffff, 0xffdf, 0x9471, 0xa4d3, 0xffdf, 0xf7be, 0xf7de, 
	0xffdf, 0xffff, 0xffff, 0xffff, 0xf71a, 0xcd51, 0xd570, 0xf739, 0xffff, 0xeeb9, 0xcccf, 0xe698, 0xffff, 0xffff, 0xffde, 0xffff, 
	0xffff, 0xfffe, 0xffff, 0xffff, 0xffff, 0xfffe, 0xcd51, 0xe677, 0xffff, 0xffde, 0xf7ff, 0xffff, 0xffff, 0xffff, 0xffff, 0xffff, 
	0xffff, 0xffff, 0xffff, 0xffff, 0xffbc, 0xeeb6, 0xc48e, 0xdd91, 0xcd10, 0xff7b, 0xffff, 0xffff, 0xffff, 0xeef8, 0xcd51, 0xff18, 
	0xd570, 0xf79e, 0xffff, 0xffff, 0xffff, 0xffff, 0xffff, 0xffff, 0xffff, 0xffff, 0xffff, 0xffff, 0xffff, 0xffff, 0xffff, 0xf7be, 
	0xdd92, 0xe5d3, 0xd5b4, 0xf719, 0xffff, 0xffff, 0xffff, 0xff9c, 0xcd30, 0xccad, 0xc48d, 0xe656, 0xef1b, 0xffbd, 0xffff, 0xffff, 
	0xffde, 0xffff, 0xf7ff, 0xfffe, 0xffff, 0xffff, 0xf7ff, 0xfffe, 0xffff, 0xe698, 0xcd10, 0xffdd, 0xffff, 0xffff, 0xffff, 0xffff, 
	0xffff, 0xffff, 0xffde, 0xffff, 0xffff, 0xf77b, 0xd550, 0xddd4, 0xffbd, 0xe698, 0xc530, 0xd5d4, 0xf77c, 0xffff, 0xffff, 0xffff, 
	0xffff, 0xffff, 0xffff, 0xffdf, 0x9cd3, 0xad55, 0xffdf, 0xffdf, 0x6b6d, 0xb5b6, 0xffff, 0xdefb, 0x39e7, 0x10a2, 0x0000, 0x0020, 
	0x0000, 0x0000, 0x0020, 0x0000, 0x0841, 0x0841, 0x0000, 0x0841, 0x0000, 0x0000, 0x0841, 0x0841, 0x0841, 0x0000, 0x0000, 0x18e3, 
	0xf7be, 0xce59, 0xd6ba, 0x632c, 0x9cd3, 0xffff, 0xffff, 0xffff, 0xe71c, 0x4a49, 0xce39, 0xffff, 0xffff, 0xffff, 0xffff, 0xc617, 
	0x528a, 0x738e, 0xef3d, 0xffff, 0xffff, 0xffff, 0xc638, 0x4a69, 0xe73c, 0xffff, 0xffff, 0xffff, 0xffff, 0xffff, 0xffff, 0xf7be, 
	0xffff, 0xffff, 0xffff, 0xffff, 0xffff, 0xffff, 0xffff, 0xffff, 0xd699, 0x4a69, 0xdefb, 0xffff, 0xffff, 0xffff, 0xffdf, 0x738e, 
	0x5aca, 0xef5d, 0xffff, 0xffff, 0xffff, 0xffff, 0xb596, 0x528a, 0xf79e, 0xffff, 0xffff, 0xffff, 0x8430, 0x7bcf, 0xce59, 0xdeba, 
	0xffff, 0xffff, 0x2965, 0x6b4d, 0xffdf, 0xef7d, 0xef7d, 0xe73c, 0xf7df, 0x8430, 0x4248, 0x632c, 0xd69a, 0xc618, 0xd69a, 0xd69a, 
	0xbdf7, 0x528a, 0x4a69, 0x52aa, 0xbdd7, 0xffff, 0xffff, 0xb5b6, 0x9cb2, 0xffdf, 0xffbf, 0x9cd3, 0xadb5, 0xf7df, 0xefdf, 0xf7de, 
	0xffff, 0xffff, 0xf75b, 0xd5b2, 0xcd30, 0xeeb8, 0xffff, 0xffff, 0xf7fe, 0xfffe, 0xf75b, 0xcd11, 0xddb3, 0xffdd, 0xffff, 0xfffe, 
	0xf7ff, 0xf7ff, 0xffff, 0xffff, 0xffff, 0xffff, 0xf77b, 0xccce, 0xf6f9, 0xffff, 0xfffe, 0xffff, 0xffff, 0xffff, 0xffff, 0xffff, 
	0xffff, 0xf73a, 0xe614, 0xcd71, 0xc551, 0xd592, 0xddb2, 0xc4ce, 0xde55, 0xffff, 0xffdf, 0xffde, 0xfffe, 0xfffe, 0xdd91, 0xd50e, 
	0xe6b8, 0xf7be, 0xffff, 0xffff, 0xffff, 0xffff, 0xffff, 0xffff, 0xffff, 0xffff, 0xffff, 0xffff, 0xffff, 0xffff, 0xffff, 0xf79e, 
	0xef1a, 0xd4ee, 0xddb2, 0xffff, 0xffff, 0xfffd, 0xfffe, 0xffff, 0xde35, 0xd550, 0xee76, 0xd5f4, 0xcd72, 0xcd31, 0xd592, 0xeed8, 
	0xfffe, 0xffff, 0xffff, 0xfffe, 0xffff, 0xffff, 0xffff, 0xffff, 0xf73a, 0xc4ef, 0xf75b, 0xffff, 0xffff, 0xffff, 0xffff, 0xffff, 
	0xfffe, 0xffff, 0xffff, 0xffff, 0xeed8, 0xccee, 0xee75, 0xffff, 0xffff, 0xffff, 0xffbd, 0xddf3, 0xccef, 0xde36, 0xffde, 0xffff, 
	0xffff, 0xffde, 0xffde, 0xf7df, 0x9d34, 0xa534, 0xffff, 0xffff, 0x736e, 0xa534, 0xffff, 0xe71c, 0x7bcf, 0x4a69, 0x4208, 0x4a69, 
	0x528a, 0x52ca, 0x4a69, 0x0861, 0x18e3, 0x52ca, 0x52aa, 0x18e3, 0x0861, 0x4228, 0x52aa, 0x52aa, 0x39e7, 0x0861, 0x0000, 0x9cf3, 
	0xffff, 0xce79, 0xd69a, 0x6b4d, 0x9cb2, 0xffff, 0xffff, 0xffff, 0xef5d, 0x4a69, 0xc618, 0xffff, 0xffff, 0xffff, 0xffff, 0xdedb, 
	0x5269, 0x7bcf, 0xffff, 0xffff, 0xffff, 0xffff, 0xce79, 0x4a49, 0xe71b, 0xffff, 0xffff, 0xffff, 0xffff, 0xffff, 0xffff, 0xf7be, 
	0xffff, 0xffff, 0xffff, 0xffff, 0xffff, 0xa513, 0xd699, 0xffff, 0xce79, 0x4a69, 0xe71c, 0xffff, 0xffff, 0xffff, 0x9492, 0x4a49, 
	0x4a69, 0x7bce, 0xf7be, 0xffff, 0xffff, 0xffff, 0xad55, 0x5aaa, 0xf7be, 0xffff, 0xffff, 0xffff, 0x7bcf, 0x8410, 0xc638, 0xdedb, 
	0xffff, 0xf79e, 0x10a2, 0x2945, 0x2104, 0x3186, 0x18e3, 0x18c3, 0x2985, 0x0841, 0x0020, 0x10a2, 0x18e3, 0x2104, 0x10a2, 0x0861, 
	0x1082, 0x0861, 0x2965, 0x8c71, 0xffff, 0xef7d, 0xffdf, 0x9471, 0x9492, 0xffff, 0xffff, 0x9492, 0xa534, 0xffde, 0xf79e, 0xffff, 
	0xffdd, 0xde35, 0xc510, 0xde56, 0xffde, 0xffff, 0xffff, 0xffdf, 0xffff, 0xf7ff, 0xf7ff, 0xffdd, 0xddd2, 0xcd31, 0xf75c, 0xffff, 
	0xfffe, 0xf7ff, 0xffff, 0xffff, 0xffff, 0xffff, 0xffff, 0xf6f9, 0xc4ef, 0xf71a, 0xffff, 0xffff, 0xf7ff, 0xffff, 0xffff, 0xff9d, 
	0xd5d4, 0xc531, 0xddf5, 0xef19, 0xffbd, 0xffde, 0xffff, 0xde36, 0xde35, 0xffff, 0xf7ff, 0xffde, 0xffff, 0xffff, 0xe570, 0xcc8c, 
	0xf7be, 0xf7be, 0xffff, 0xffff, 0xffff, 0xffff, 0xffff, 0xffff, 0xffff, 0xffff, 0xffff, 0xffff, 0xffff, 0xffff, 0xffff, 0xffdf, 
	0xef7d, 0xd4ad, 0xdd50, 0xffff, 0xffff, 0xfffe, 0xf7ff, 0xffff, 0xe635, 0xde56, 0xffff, 0xffff, 0xffff, 0xff9d, 0xeeb8, 0xcd71, 
	0xcd51, 0xf75b, 0xffff, 0xffff, 0xf7ff, 0xfffe, 0xffff, 0xf75c, 0xc4f0, 0xeeb8, 0xffff, 0xffff, 0xffff, 0xffff, 0xffff, 0xfffe, 
	0xffff, 0xffff, 0xffff, 0xde15, 0xcd0f, 0xef3b, 0xffff, 0xffff, 0xffff, 0xffde, 0xfffe, 0xffff, 0xf79d, 0xd5b3, 0xcd0f, 0xeeb7, 
	0xffff, 0xffff, 0xffde, 0xffbd, 0x8c72, 0x8410, 0xffff, 0xffff, 0x8c51, 0x9cd3, 0xffff, 0xffff, 0xffff, 0x5acb, 0x8430, 0xe73c, 
	0xe71c, 0xe73c, 0xdf1b, 0xdefb, 0xdedb, 0xe75d, 0xe75d, 0xd69a, 0xdefb, 0xef5d, 0xef5d, 0xe71c, 0xe71c, 0x4a49, 0x5acb, 0xffff, 
	0xffff, 0xd69a, 0xce79, 0x6b6d, 0x9472, 0xffff, 0xffff, 0xffff, 0xef7d, 0x526a, 0xbdd7, 0xffff, 0xffff, 0xffff, 0xef5d, 0x6b6d, 
	0x5289, 0x4a69, 0x9cd3, 0xffff, 0xffff, 0xffff, 0xd6ba, 0x4a49, 0xdedb, 0xffff, 0xce38, 0xad55, 0xffff, 0xffff, 0xffff, 0xf7be, 
	0xffff, 0xffff, 0xffff, 0xffff, 0x9cf3, 0x4208, 0x5acb, 0xdefb, 0xd699, 0x4a69, 0xef5d, 0xffff, 0xd6ba, 0x7bef, 0x4a49, 0x52aa, 
	0x5aca, 0x4a69, 0x738e, 0xce79, 0xffff, 0xffff, 0xad55, 0x5acb, 0xffff, 0xad55, 0x8c31, 0xffdf, 0x7bef, 0x8c30, 0xc638, 0xe71c, 
	0xffff, 0x5aeb, 0x0841, 0x0000, 0x0000, 0x0000, 0x0000, 0x0000, 0x0000, 0x0000, 0x0000, 0x0000, 0x0000, 0x0000, 0x0000, 0x0000, 
	0x0000, 0x0000, 0x2945, 0x528a, 0xb5b6, 0xffff, 0xffff, 0x8c51, 0x9471, 0xd6ba, 0xffdf, 0x8410, 0xa4f4, 0xffde, 0xff7c, 0xe698, 
	0xc530, 0xd5d3, 0xff7c, 0xffff, 0xffff, 0xffff, 0xffff, 0xfffe, 0xffff, 0xffdf, 0xffdf, 0xffff, 0xffff, 0xeeb8, 0xc4ef, 0xee97, 
	0xffff, 0xffff, 0xffff, 0xffff, 0xffff, 0xffff, 0xffff, 0xffff, 0xeef9, 0xc510, 0xe697, 0xffff, 0xffff, 0xffff, 0xff7c, 0xc530, 
	0xddf4, 0xffbd, 0xffff, 0xffff, 0xffff, 0xffff, 0xffff, 0xeef9, 0xcd52, 0xfffe, 0xf7ff, 0xffff, 0xffff, 0xff7c, 0xc46c, 0xdd93, 
	0xf7be, 0xffff, 0xffff, 0xffff, 0xffff, 0xffff, 0xffff, 0xffff, 0xffff, 0xffff, 0xffff, 0xffff, 0xffff, 0xffff, 0xffff, 0xffff, 
	0xe73c, 0xe615, 0xc46c, 0xf75b, 0xffff, 0xf7ff, 0xf7ff, 0xffdd, 0xcd30, 0xeef9, 0xffff, 0xffff, 0xffff, 0xfffe, 0xffff, 0xffff, 
	0xe698, 0xc510, 0xf71a, 0xffff, 0xffff, 0xffff, 0xeed8, 0xccef, 0xeeb8, 0xffff, 0xffff, 0xffff, 0xffff, 0xfffe, 0xffff, 0xf7ff, 
	0xffff, 0xff7c, 0xcd50, 0xd592, 0xffbd, 0xffff, 0xffff, 0xffff, 0xffde, 0xf7ff, 0xffff, 0xffff, 0xffff, 0xffff, 0xf71a, 0xd550, 
	0xcd51, 0xef1a, 0xffff, 0xffdf, 0xa4f3, 0x6b4d, 0xef3c, 0xdefb, 0xad55, 0x94b2, 0xffff, 0xffff, 0xbdf7, 0x0841, 0x4228, 0x6b6d, 
	0x630c, 0x4a69, 0x4a49, 0x3186, 0x3186, 0x52aa, 0x4228, 0x39c7, 0x31a6, 0x39e7, 0x6b6d, 0x5acb, 0x5aeb, 0x0861, 0x39c7, 0xd69a, 
	0xffff, 0xdedb, 0xce59, 0x738e, 0x9471, 0xffdf, 0x8c51, 0xce39, 0xffdf, 0x5269, 0xc5f8, 0xffff, 0xffde, 0xc638, 0x6b4c, 0x4a69, 
	0x5aca, 0x5aaa, 0x4a49, 0x8410, 0xdedb, 0xffff, 0xe71c, 0x4a69, 0xe73c, 0xd69a, 0x52aa, 0x4a28, 0xad75, 0xffff, 0xffff, 0xf79e, 
	0xffff, 0xffff, 0xffff, 0x9cf3, 0x4a49, 0x5aca, 0x5289, 0x632c, 0xa534, 0x52aa, 0x94b2, 0x7bcf, 0x528a, 0x526a, 0x5aab, 0x5acb, 
	0x5aca, 0x5aaa, 0x5289, 0x5289, 0x73ae, 0xa534, 0x8410, 0x6b2c, 0xb575, 0x4a69, 0x4a28, 0x9472, 0x7bae, 0x8c71, 0xc618, 0xc5f8, 
	0xd6ba, 0x2104, 0x1082, 0x4208, 0x18e3, 0x3186, 0x10a2, 0x18c3, 0x2104, 0x1082, 0x0020, 0x0020, 0x31a6, 0x4a69, 0x4a49, 0x39c7, 
	0x10a2, 0x18c3, 0x39e7, 0x528a, 0x4a49, 0xad55, 0xe73c, 0x8410, 0x630c, 0x83ef, 0xb5b6, 0x738d, 0xa4f3, 0xff7c, 0xd572, 0xd551, 
	0xef3b, 0xffff, 0xffff, 0xffdf, 0xffff, 0xffff, 0xffff, 0xffff, 0xffff, 0xffff, 0xffdf, 0xffff, 0xffff, 0xffff, 0xff5a, 0xd551, 
	0xddf4, 0xff5b, 0xff9d, 0xf7bc, 0xff9d, 0xff7d, 0xff9d, 0xff7b, 0xff9c, 0xf6f8, 0xd52f, 0xd550, 0xeeb7, 0xff5a, 0xcd51, 0xe676, 
	0xffff, 0xffff, 0xffff, 0xffff, 0xffff, 0xffff, 0xffff, 0xffff, 0xd5b3, 0xd5d3, 0xff7b, 0xffdd, 0xf739, 0xd572, 0xd510, 0xeeb7, 
	0xffdf, 0xffff, 0xffff, 0xffff, 0xffff, 0xffff, 0xffff, 0xffff, 0xffff, 0xffff, 0xffff, 0xffff, 0xffff, 0xffff, 0xffff, 0xffff, 
	0xffff, 0xde98, 0xd550, 0xcd71, 0xf6f8, 0xff9b, 0xf739, 0xd592, 0xd5f4, 0xffff, 0xffff, 0xffff, 0xffff, 0xffff, 0xffff, 0xffff, 
	0xffff, 0xeeb8, 0xcd51, 0xff5a, 0xf6f8, 0xd5b2, 0xcd0f, 0xf6f8, 0xfffd, 0xffbd, 0xffde, 0xf7de, 0xffdd, 0xffbe, 0xffbe, 0xffde, 
	0xeef9, 0xc510, 0xe635, 0xffff, 0xffff, 0xffff, 0xffff, 0xffff, 0xffff, 0xf7ff, 0xffff, 0xffff, 0xffff, 0xffff, 0xffff, 0xffff, 
	0xeeb7, 0xc510, 0xd5d4, 0xff9d, 0xa4f3, 0x62eb, 0x8410, 0x8c51, 0x94b2, 0x9471, 0xe73c, 0xd6ba, 0x39e7, 0x0000, 0x0000, 0x0000, 
	0x0000, 0x0000, 0x0000, 0x0000, 0x0000, 0x0000, 0x0000, 0x0000, 0x0000, 0x0020, 0x0000, 0x0000, 0x0000, 0x0020, 0x0000, 0x2124, 
	0xd6ba, 0xbdb7, 0xce59, 0x7baf, 0x8c51, 0x9492, 0x4208, 0x5aab, 0xc618, 0x5aeb, 0x8c51, 0xa514, 0x736d, 0x4a69, 0x528a, 0x5aca, 
	0x5aca, 0x5aab, 0x5aab, 0x4a69, 0x528a, 0x7bef, 0x9472, 0x5aaa, 0xad75, 0x5aeb, 0x528a, 0x5aaa, 0x4a49, 0xad75, 0xffff, 0xf79e, 
	0xffff, 0xffff, 0xce59, 0x4208, 0x5aca, 0x5aca, 0x5aca, 0x528a, 0x5289, 0x5aaa, 0x4a28, 0x5269, 0x5aca, 0x5aaa, 0x5aaa, 0x5aca, 
	0x5aca, 0x5aca, 0x5aca, 0x5aca, 0x4a69, 0x4228, 0x4a49, 0x5acb, 0x5269, 0x52aa, 0x5acb, 0x4a49, 0x4a49, 0x9cb3, 0xc618, 0xbdf7, 
	0xdefb, 0xce59, 0x39c7, 0x630c, 0xdefb, 0xdefb, 0xdefb, 0xdefb, 0xe71c, 0x4208, 0x0000, 0x2104, 0xd69a, 0xe71c, 0xef5d, 0xe73c, 
	0xdedb, 0xdefb, 0xdefb, 0x7bcf, 0x4228, 0x0841, 0xad55, 0x8c71, 0x5269, 0x8c30, 0x8430, 0x6b2d, 0x9cb1, 0xcd0f, 0xd550, 0xffdd, 
	0xffff, 0xfffe, 0xffff, 0xffff, 0xffff, 0xffff, 0xffff, 0xffdf, 0xffff, 0xffff, 0xffff, 0xffff, 0xffff, 0xffff, 0xffff, 0xeef9, 
	0xc48d, 0xd530, 0xd531, 0xcd50, 0xcd50, 0xd530, 0xd52f, 0xc551, 0xc551, 0xcd92, 0xd571, 0xc42a, 0xc42a, 0xccac, 0xc531, 0xfffe, 
	0xffff, 0xf7ff, 0xf7ff, 0xffff, 0xffff, 0xffff, 0xffff, 0xf7ff, 0xffdd, 0xccee, 0xc4ad, 0xc552, 0xbc6d, 0xe5f2, 0xe635, 0xffbd, 
	0xffbe, 0xffff, 0xffff, 0xffff, 0xffff, 0xffff, 0xffff, 0xffff, 0xffff, 0xffff, 0xffff, 0xffff, 0xffff, 0xffff, 0xffff, 0xffff, 
	0xffff, 0xe698, 0xe635, 0xe5f2, 0xbc6d, 0xc552, 0xc4ad, 0xccee, 0xffdd, 0xf7ff, 0xffff, 0xffff, 0xffff, 0xffff, 0xf7ff, 0xf7ff, 
	0xffff, 0xfffe, 0xc531, 0xccac, 0xc42a, 0xc42a, 0xd571, 0xcd92, 0xc551, 0xc551, 0xd52f, 0xd530, 0xcd50, 0xcd50, 0xd531, 0xd530, 
	0xc48d, 0xeef9, 0xffff, 0xffff, 0xffff, 0xffff, 0xffff, 0xffff, 0xffff, 0xffdf, 0xffff, 0xffff, 0xffff, 0xffff, 0xffff, 0xfffe, 
	0xffff, 0xffdd, 0xd550, 0xcd0f, 0x9cb1, 0x4228, 0x632c, 0x8c51, 0x7bcf, 0x9492, 0xe73c, 0xd6ba, 0x52aa, 0x0000, 0x0000, 0x0000, 
	0x0000, 0x0000, 0x0000, 0x0000, 0x18c3, 0x4208, 0x4208, 0x2945, 0x2986, 0x39e7, 0x39c7, 0x0841, 0x0020, 0x0841, 0x0000, 0x94b2, 
	0xe71c, 0xbdb6, 0xce59, 0x8410, 0x4a69, 0x4a69, 0x5acb, 0x528a, 0x528a, 0x5acb, 0x4a49, 0x4228, 0x5289, 0x5aca, 0x5aca, 0x5aca, 
	0x5aca, 0x5aca, 0x5aaa, 0x5acb, 0x5aca, 0x4a69, 0x4a49, 0x5aca, 0x4a69, 0x528a, 0x5aca, 0x5aca, 0x5aaa, 0x4208, 0xdefb, 0xf79e, 
	0xffff, 0xffff, 0xf79e, 0x7bcf, 0x4a49, 0x5aca, 0x52aa, 0x52aa, 0x8430, 0x5aca, 0x6b6d, 0x52aa, 0x4a48, 0x52aa, 0x5aca, 0x5aaa, 
	0x5aca, 0x5aca, 0x52aa, 0x4a69, 0x52aa, 0x738e, 0x6b4d, 0x6b4d, 0x94b2, 0x4a49, 0x4a49, 0x7bcf, 0x736d, 0x8c71, 0xc638, 0xe71c, 
	0xffff, 0xffff, 0xce59, 0xad55, 0xffff, 0xffdf, 0xffff, 0xffff, 0xf7be, 0x4a69, 0x0000, 0x20e3, 0xf79e, 0xffff, 0xffff, 0xffff, 
	0xffff, 0xffff, 0xffff, 0xc618, 0x39e7, 0x4228, 0xdedb, 0x9cb2, 0x528a, 0x738e, 0xad55, 0x8c30, 0xa513, 0xff7c, 0xd572, 0xcd51, 
	0xef1a, 0xffff, 0xffff, 0xffdf, 0xffff, 0xffff, 0xffff, 0xffff, 0xffff, 0xffff, 0xffdf, 0xffff, 0xffff, 0xffff, 0xff5a, 0xd551, 
	0xddf4, 0xff5b, 0xff9d, 0xf7bc, 0xff9d, 0xff7d, 0xff9d, 0xff7b, 0xff9c, 0xf6f8, 0xd52f, 0xd550, 0xeeb7, 0xff5a, 0xcd51, 0xe676, 
	0xffff, 0xffff, 0xffff, 0xffff, 0xffff, 0xffff, 0xffff, 0xffff, 0xd5b3, 0xd5d3, 0xff7b, 0xffdd, 0xf739, 0xd572, 0xd510, 0xeeb8, 
	0xffdf, 0xffff, 0xffff, 0xffff, 0xffff, 0xffff, 0xffff, 0xffff, 0xffff, 0xffff, 0xffff, 0xffff, 0xffff, 0xffff, 0xffff, 0xffff, 
	0xffff, 0xde98, 0xd550, 0xcd71, 0xf6f8, 0xff9b, 0xf739, 0xd592, 0xd5f4, 0xffff, 0xffff, 0xffff, 0xffff, 0xffff, 0xffff, 0xffff, 
	0xffff, 0xeeb8, 0xcd51, 0xff5a, 0xf6d8, 0xd571, 0xd50f, 0xf6f8, 0xffbc, 0xff9c, 0xffbd, 0xffbd, 0xffbd, 0xffbd, 0xffbd, 0xff9c, 
	0xe677, 0xcd30, 0xeeb8, 0xffff, 0xffff, 0xffff, 0xffdf, 0xffff, 0xffff, 0xffff, 0xffff, 0xffff, 0xffff, 0xffdf, 0xffff, 0xffff, 
	0xef3b, 0xd551, 0xd572, 0xff7c, 0x9cf2, 0x5aca, 0x8c51, 0x8c30, 0x8430, 0x9cd3, 0xffff, 0xffff, 0xf7be, 0x2945, 0x738e, 0xd69a, 
	0xce38, 0xce59, 0xce59, 0xd69a, 0xd69a, 0xe71c, 0xe71c, 0xce79, 0xdedb, 0xe73c, 0xe73c, 0xd6ba, 0xce59, 0x2965, 0x630c, 0xffff, 
	0xffff, 0xdedb, 0xce59, 0x7bcf, 0x736e, 0x6b2c, 0x5269, 0x4a69, 0x9471, 0x630b, 0x6b6d, 0x738e, 0x52aa, 0x4a49, 0x52aa, 0x5aca, 
	0x5aca, 0x5aca, 0x5aca, 0x52aa, 0x4a49, 0x5aca, 0x6b6d, 0x5acb, 0x8c51, 0x5289, 0x5aaa, 0x5aca, 0x4a49, 0x8410, 0xf7be, 0xf79e, 
	0xffff, 0xffff, 0xffff, 0xf79e, 0x73ae, 0x4a28, 0x4a69, 0xbdd6, 0xd699, 0x5289, 0xe73c, 0xe71c, 0xa534, 0x5acb, 0x5269, 0x5aca, 
	0x5aca, 0x528a, 0x52aa, 0x9cf3, 0xe6fb, 0xffff, 0xad34, 0x5acb, 0xffdf, 0x9492, 0x6b4d, 0xef7d, 0x83ef, 0x8430, 0xc618, 0xdefb, 
	0xffff, 0xffff, 0xffff, 0xffff, 0xffff, 0xf79e, 0xf7be, 0xffff, 0xffff, 0xf79e, 0x8c71, 0x4228, 0xef7d, 0xffff, 0xffff, 0xf7be, 
	0xffdf, 0xffff, 0xffff, 0xd69a, 0x9492, 0xf7be, 0xffff, 0x9471, 0x9492, 0xbdb6, 0xf79e, 0x9492, 0xad75, 0xffde, 0xff7c, 0xe698, 
	0xc530, 0xd5d3, 0xff7c, 0xffff, 0xffff, 0xffff, 0xffff, 0xfffe, 0xffff, 0xffdf, 0xffdf, 0xffff, 0xffff, 0xeeb8, 0xc4ef, 0xee97, 
	0xffff, 0xffff, 0xffff, 0xffff, 0xffff, 0xffff, 0xffff, 0xffff, 0xeef9, 0xc510, 0xe697, 0xffff, 0xffff, 0xffff, 0xff7c, 0xc530, 
	0xddf4, 0xffbd, 0xffff, 0xffff, 0xffff, 0xffff, 0xffff, 0xeef9, 0xcd52, 0xfffe, 0xf7ff, 0xffff, 0xffff, 0xff7c, 0xc46c, 0xdd93, 
	0xf7be, 0xffff, 0xffff, 0xffff, 0xffff, 0xffff, 0xffff, 0xffff, 0xffff, 0xffff, 0xffff, 0xffff, 0xffff, 0xffff, 0xffff, 0xffff, 
	0xe73c, 0xe615, 0xc46c, 0xf75b, 0xffff, 0xf7ff, 0xf7ff, 0xffdd, 0xcd30, 0xeef9, 0xffff, 0xffff, 0xffff, 0xfffe, 0xffff, 0xffff, 
	0xe698, 0xc510, 0xf71a, 0xffff, 0xffff, 0xffff, 0xeed8, 0xccef, 0xeeb8, 0xffff, 0xffff, 0xffff, 0xffff, 0xfffe, 0xffff, 0xf7ff, 
	0xffff, 0xff7c, 0xcd50, 0xd592, 0xffbd, 0xffff, 0xffff, 0xffff, 0xffde, 0xf7ff, 0xffff, 0xffff, 0xffff, 0xffff, 0xf75b, 0xd5b3, 
	0xc531, 0xe698, 0xff7c, 0xffdf, 0x9d13, 0x94b2, 0xe6fc, 0xd67a, 0x8c71, 0x9492, 0xffff, 0xffff, 0xb596, 0x4a49, 0x6b4d, 0x73ae, 
	0x7bcf, 0x8410, 0x8410, 0x5acb, 0x528a, 0x7bcf, 0x7bcf, 0x528a, 0x39e7, 0x5acb, 0x738e, 0x6b6d, 0x630c, 0x0841, 0x3186, 0xce59, 
	0xffff, 0xd6ba, 0xce59, 0x738e, 0x9492, 0xdefb, 0x528a, 0x9492, 0xf7be, 0x528a, 0xbdd7, 0xffff, 0xdedb, 0x9cd2, 0x5289, 0x52aa, 
	0x5aca, 0x5aca, 0x4a69, 0x630b, 0xb575, 0xe73c, 0xdedb, 0x5269, 0xe71c, 0xad55, 0x4a48, 0x4a48, 0x8410, 0xf7be, 0xffff, 0xf7be, 
	0xffff, 0xffff, 0xffff, 0xffff, 0xf79e, 0x738e, 0xad55, 0xffff, 0xce79, 0x4a49, 0xe71c, 0xffff, 0xffff, 0xe71c, 0x6b6d, 0x5269, 
	0x528a, 0x5aeb, 0xd6ba, 0xffff, 0xffff, 0xffff, 0xad55, 0x5aaa, 0xffbf, 0xffdf, 0xf79e, 0xffff, 0x7bcf, 0x8410, 0xc638, 0xdedb, 
	0xffff, 0xffff, 0xe71c, 0xdefb, 0xffff, 0xffff, 0xffff, 0xffff, 0xffff, 0xffff, 0xffff, 0xef7d, 0xffff, 0xffff, 0xffff, 0xffff, 
	0xffff, 0xffff, 0xe71c, 0xb596, 0xffff, 0xffff, 0xffff, 0xad75, 0x9cd3, 0xffff, 0xf79e, 0x9492, 0xbdd7, 0xffff, 0xf79e, 0xffff, 
	0xffdd, 0xde35, 0xc510, 0xde56, 0xffde, 0xffff, 0xffff, 0xffdf, 0xffff, 0xf7ff, 0xf7ff, 0xffdd, 0xddd2, 0xcd31, 0xf75c, 0xffff, 
	0xfffe, 0xf7ff, 0xffff, 0xffff, 0xffff, 0xffff, 0xffff, 0xf6f9, 0xc4ef, 0xf71a, 0xffff, 0xffff, 0xf7ff, 0xffff, 0xffff, 0xff9d, 
	0xd5d4, 0xc531, 0xddf5, 0xef19, 0xffbd, 0xffde, 0xffff, 0xde36, 0xde35, 0xffff, 0xf7ff, 0xffde, 0xffff, 0xffff, 0xe570, 0xcc8c, 
	0xf7be, 0xf7be, 0xffff, 0xffff, 0xffff, 0xffff, 0xffff, 0xffff, 0xffff, 0xffff, 0xffff, 0xffff, 0xffff, 0xffff, 0xffff, 0xffdf, 
	0xef7d, 0xd4ad, 0xdd50, 0xffff, 0xffff, 0xfffe, 0xf7ff, 0xffff, 0xe635, 0xde56, 0xffff, 0xffff, 0xffff, 0xff9d, 0xeeb8, 0xcd71, 
	0xcd51, 0xf75b, 0xffff, 0xffff, 0xf7ff, 0xfffe, 0xffff, 0xf75c, 0xc4f0, 0xeeb8, 0xffff, 0xffff, 0xffff, 0xffff, 0xffff, 0xfffe, 
	0xffff, 0xffff, 0xffff, 0xde15, 0xcd0f, 0xef3b, 0xffff, 0xffff, 0xffff, 0xffde, 0xfffe, 0xffff, 0xf79d, 0xd5b3, 0xcd0f, 0xeeb7, 
	0xffff, 0xffff, 0xffde, 0xffbd, 0xa534, 0x9cf3, 0xffff, 0xffff, 0x7bcf, 0x9cf3, 0xffff, 0xc618, 0x4a49, 0x4a69, 0x0020, 0x0020, 
	0x0020, 0x0020, 0x0000, 0x0000, 0x0000, 0x0020, 0x0000, 0x0000, 0x0000, 0x0000, 0x0000, 0x0000, 0x0000, 0x0841, 0x0000, 0x39e7, 
	0xffff, 0xd6ba, 0xce79, 0x6b6d, 0x9472, 0xffff, 0xe73c, 0xffff, 0xf79d, 0x5269, 0xbdd7, 0xffff, 0xffff, 0xffff, 0xce59, 0x5aca, 
	0x52aa, 0x4a69, 0x7bce, 0xef5d, 0xffff, 0xffff, 0xd6ba, 0x4a49, 0xdefb, 0xffff, 0xa4f3, 0x7bef, 0xffdf, 0xffff, 0xffff, 0xffdf, 
	0xffff, 0xffff, 0xffff, 0xffff, 0xffff, 0xffde, 0xffff, 0xffff, 0xd699, 0x4a49, 0xe71b, 0xffff, 0xffff, 0xffff, 0xe73c, 0x62eb, 
	0x5289, 0xce79, 0xffff, 0xffff, 0xffff, 0xffff, 0xb596, 0x528a, 0xf79e, 0xffff, 0xffff, 0xffff, 0x8430, 0x7bcf, 0xce59, 0xdebb, 
	0xffff, 0xffdf, 0x52aa, 0x31a6, 0x73ae, 0x630c, 0x5aeb, 0x52aa, 0x5acb, 0x6b6d, 0x7bcf, 0x8410, 0x738e, 0x5aeb, 0x528a, 0x52aa, 
	0x528a, 0x528a, 0x31a6, 0x0020, 0x8410, 0xef5d, 0xffff, 0xad35, 0x8c51, 0xffff, 0xffdf, 0x7bae, 0xa4b2, 0xffdf, 0xefdf, 0xf7de, 
	0xffff, 0xffff, 0xf75b, 0xd5b2, 0xcd30, 0xeeb8, 0xffff, 0xffff, 0xf7fe, 0xfffe, 0xf75b, 0xcd11, 0xddb3, 0xffdd, 0xffff, 0xfffe, 
	0xf7ff, 0xf7ff, 0xffff, 0xffff, 0xffff, 0xffff, 0xf77b, 0xccce, 0xf6f9, 0xffff, 0xfffe, 0xffff, 0xffff, 0xffff, 0xffff, 0xffff, 
	0xffff, 0xf73a, 0xe614, 0xcd71, 0xc551, 0xd592, 0xddb2, 0xc4ce, 0xde55, 0xffff, 0xffdf, 0xffde, 0xfffe, 0xfffe, 0xdd91, 0xd50e, 
	0xe6b8, 0xf7be, 0xffff, 0xffff, 0xffff, 0xffff, 0xffff, 0xffff, 0xffff, 0xffff, 0xffff, 0xffff, 0xffff, 0xffff, 0xffff, 0xf79e, 
	0xef1a, 0xd4ee, 0xddb2, 0xffff, 0xffff, 0xfffd, 0xfffe, 0xffff, 0xde35, 0xd550, 0xee76, 0xd5f4, 0xcd72, 0xcd31, 0xd592, 0xeed8, 
	0xfffe, 0xffff, 0xffff, 0xfffe, 0xffff, 0xffff, 0xffff, 0xffff, 0xf73a, 0xc4ef, 0xf75b, 0xffff, 0xffff, 0xffff, 0xffff, 0xffff, 
	0xfffe, 0xffff, 0xffff, 0xffff, 0xeed8, 0xccee, 0xee75, 0xffff, 0xffff, 0xffff, 0xffbd, 0xddf3, 0xccef, 0xde36, 0xffde, 0xffff, 
	0xffff, 0xffde, 0xffde, 0xf7df, 0x94d4, 0x9492, 0xffbe, 0xffff, 0x7bae, 0xa534, 0xffff, 0xd69a, 0x4a49, 0x2124, 0x2965, 0x31a6, 
	0x2965, 0x18e3, 0x0841, 0x0841, 0x0020, 0x0841, 0x0861, 0x10a2, 0x0841, 0x0841, 0x0841, 0x2965, 0x39e7, 0x2965, 0x2124, 0xc618, 
	0xffff, 0xce79, 0xd69a, 0x6b4d, 0x9cb2, 0xffff, 0xffff, 0xffff, 0xef5d, 0x4a69, 0xc618, 0xffff, 0xffff, 0xffff, 0xffff, 0xc617, 
	0x4a69, 0x6b4d, 0xf79e, 0xffff, 0xffff, 0xffff, 0xce79, 0x4a49, 0xe71b, 0xffff, 0xffff, 0xffde, 0xffff, 0xffff, 0xffff, 0xffdf, 
	0xffff, 0xffff, 0xffff, 0xffff, 0xffff, 0xffff, 0xffff, 0xffff, 0xdedb, 0x4a69, 0xdeda, 0xffff, 0xffff, 0xffff, 0xf7be, 0x7bce, 
	0x5aeb, 0xef5c, 0xffff, 0xffff, 0xffff, 0xffff, 0xbdd7, 0x5269, 0xf77e, 0xffff, 0xffff, 0xffff, 0x9471, 0x6b6d, 0xce79, 0xd69a, 
	0xffff, 0x7bef, 0x0000, 0x0000, 0x0000, 0x0000, 0x0000, 0x0000, 0x0000, 0x0000, 0x0000, 0x0000, 0x0000, 0x0000, 0x0000, 0x0000, 
	0x0000, 0x0000, 0x0000, 0x0020, 0x0000, 0x94b2, 0xffff, 0xa514, 0x7bae, 0xffff, 0xffff, 0x7baf, 0x7bcf, 0xffff, 0xf7be, 0xf7de, 
	0xffdf, 0xffff, 0xffff, 0xffff, 0xf71a, 0xcd51, 0xd570, 0xf739, 0xffff, 0xeeb9, 0xcccf, 0xe698, 0xffff, 0xffff, 0xffde, 0xffff, 
	0xffff, 0xfffe, 0xffff, 0xffff, 0xffff, 0xfffe, 0xcd51, 0xe677, 0xffff, 0xffde, 0xf7ff, 0xffff, 0xffff, 0xffff, 0xffff, 0xffff, 
	0xffff, 0xffff, 0xffff, 0xffff, 0xffbc, 0xeeb6, 0xc48e, 0xdd91, 0xcd10, 0xff7b, 0xffff, 0xffff, 0xffff, 0xeef8, 0xcd51, 0xff18, 
	0xd570, 0xf79e, 0xffff, 0xffff, 0xffff, 0xffff, 0xffff, 0xffff, 0xffff, 0xffff, 0xffff, 0xffff, 0xffff, 0xffff, 0xffff, 0xf7be, 
	0xdd92, 0xe5d3, 0xd5b4, 0xf719, 0xffff, 0xffff, 0xffff, 0xff9c, 0xcd30, 0xccad, 0xc48d, 0xe656, 0xef1b, 0xffbd, 0xffff, 0xffff, 
	0xffde, 0xffff, 0xf7ff, 0xfffe, 0xffff, 0xffff, 0xf7ff, 0xfffe, 0xffff, 0xe698, 0xcd10, 0xffdd, 0xffff, 0xffff, 0xffff, 0xffff, 
	0xffff, 0xffff, 0xffde, 0xffff, 0xffff, 0xf77b, 0xd550, 0xddd4, 0xffbd, 0xe698, 0xc530, 0xd5d4, 0xf77c, 0xffff, 0xffff, 0xffff, 
	0xffff, 0xffff, 0xffff, 0xffdf, 0x736d, 0x8430, 0xffff, 0xffff, 0x6b6d, 0xbdd7, 0xffff, 0xffff, 0xf7be, 0x630c, 0x94b2, 0xdefb, 
	0xdedb, 0xdedb, 0xdedb, 0xdefb, 0xdefb, 0xdedb, 0xdedb, 0xdefb, 0xdefb, 0xe71c, 0xdefb, 0xdefb, 0xdefb, 0x7bcf, 0x8430, 0xffff, 
	0xffff, 0xc638, 0xd6ba, 0x632c, 0x9cd3, 0xffff, 0xffff, 0xffff, 0xe71c, 0x4a69, 0xce58, 0xffff, 0xffff, 0xffff, 0xffff, 0xef5d, 
	0x5aaa, 0x94b2, 0xffff, 0xffff, 0xffff, 0xffff, 0xc638, 0x4a69, 0xe73c, 0xffff, 0xffff, 0xffff, 0xffff, 0xffff, 0xffff, 0xffdf, 
	0xffff, 0xffff, 0xffff, 0xffff, 0xffff, 0xffff, 0xffff, 0xffff, 0xdefb, 0x4a49, 0xd69a, 0xffff, 0xffff, 0xffff, 0xc618, 0x4228, 
	0x4208, 0xa514, 0xffff, 0xffff, 0xffff, 0xffff, 0xc618, 0x4a49, 0xef3d, 0xffff, 0xffff, 0xffff, 0x9cb3, 0x6b2d, 0xd69a, 0xce59, 
	0xffff, 0x8c71, 0x0841, 0x0000, 0x0020, 0x0020, 0x0020, 0x0020, 0x0020, 0x0841, 0x0861, 0x0861, 0x0841, 0x0841, 0x0020, 0x0000, 
	0x0000, 0x0020, 0x0000, 0x0000, 0x2124, 0xc638, 0xce79, 0x94b2, 0x736e, 0xffff, 0xffff, 0x8c51, 0x6b8e, 0xffff, 0xffff, 0xffff, 
	0xffff, 0xf7ff, 0xffff, 0xffde, 0xffff, 0xfffe, 0xee97, 0xd52f, 0xd550, 0xc4cf, 0xf75a, 0xffff, 0xffff, 0xffff, 0xffff, 0xffff, 
	0xffff, 0xffff, 0xffff, 0xfffe, 0xffff, 0xde56, 0xcd92, 0xffff, 0xffff, 0xffff, 0xffff, 0xffff, 0xffff, 0xffff, 0xffff, 0xffff, 
	0xffff, 0xffff, 0xffff, 0xffff, 0xeef8, 0xc4ef, 0xeed9, 0xffff, 0xe657, 0xccef, 0xe676, 0xeef9, 0xee56, 0xcc8d, 0xccef, 0xdd93, 
	0xcd0f, 0xd637, 0xef7d, 0xffff, 0xffff, 0xffff, 0xffff, 0xffff, 0xffff, 0xffff, 0xffff, 0xffff, 0xffff, 0xffff, 0xf7be, 0xdeda, 
	0xd571, 0xcd10, 0xd572, 0xccef, 0xeeb7, 0xf77b, 0xeed9, 0xd510, 0xde34, 0xfffe, 0xddf4, 0xd551, 0xff9d, 0xffff, 0xffff, 0xffff, 
	0xffff, 0xffff, 0xffff, 0xffff, 0xffff, 0xffff, 0xffff, 0xffff, 0xffff, 0xffff, 0xd593, 0xde14, 0xffff, 0xffff, 0xffff, 0xffff, 
	0xffff, 0xffff, 0xffdf, 0xffff, 0xffff, 0xffff, 0xff59, 0xccad, 0xc46d, 0xd551, 0xf75b, 0xffff, 0xffff, 0xffff, 0xfffe, 0xf7ff, 
	0xffff, 0xffff, 0xffff, 0xffff, 0x632c, 0x9cd3, 0xffff, 0xffff, 0x6b4d, 0xa514, 0xd6ba, 0xdedb, 0xe71c, 0xef7d, 0xf7be, 0xffff, 
	0xffff, 0xffff, 0xffff, 0xffff, 0xffff, 0xffff, 0xffff, 0xffff, 0xffff, 0xffff, 0xffff, 0xffff, 0xffff, 0xffff, 0xffff, 0xffff, 
	0xffff, 0xc5f8, 0xd69a, 0x62eb, 0xa534, 0xffff, 0xffdf, 0xffff, 0xdedb, 0x4a49, 0xd69a, 0xffff, 0xffff, 0xffff, 0xffff, 0x8c51, 
	0x4228, 0x4a69, 0xd69a, 0xffff, 0xffff, 0xffff, 0xbdf7, 0x528a, 0xef5d, 0xffff, 0xffff, 0xffff, 0xffff, 0xffff, 0xffff, 0xffdf, 
	0xffff, 0xffff, 0xffff, 0xffff, 0xffff, 0xffff, 0xffff, 0xffff, 0xe73c, 0x4a69, 0xc618, 0xffff, 0xffff, 0xffdf, 0xffdf, 0x9cd3, 
	0x8410, 0xf7be, 0xffff, 0xffff, 0xffff, 0xffff, 0xce59, 0x4a49, 0xdefb, 0xffff, 0xffff, 0xffff, 0xa514, 0x630c, 0xd69a, 0xc618, 
	0xffff, 0xffff, 0xbdf7, 0x528a, 0xb596, 0xce59, 0xc638, 0xbdf7, 0xbdd7, 0xb596, 0xb5b6, 0xb596, 0xa534, 0x9cf3, 0xa514, 0x9cd3, 
	0x9cf3, 0xad55, 0xa534, 0x4228, 0xad75, 0xe71c, 0xdefb, 0xbdd7, 0x6b6d, 0xffdf, 0xffff, 0x9cf3, 0x5aeb, 0xffdf, 0xffff, 0xf7be, 
	0xf7be, 0xffde, 0xffff, 0xf7ff, 0xffff, 0xffff, 0xfffe, 0xd593, 0xdd51, 0xd590, 0xd571, 0xe697, 0xffbd, 0xffff, 0xffff, 0xffff, 
	0xffff, 0xffff, 0xfffe, 0xffff, 0xf75b, 0xc4ef, 0xff9c, 0xffff, 0xffff, 0xffff, 0xffff, 0xffff, 0xffff, 0xffff, 0xffff, 0xffff, 
	0xffff, 0xffff, 0xffff, 0xeed8, 0xc4f0, 0xf75b, 0xfffe, 0xffff, 0xffff, 0xf6f9, 0xd5d3, 0xcd30, 0xcc4a, 0xee76, 0xff9d, 0xff9d, 
	0xe698, 0xc4cf, 0xddd4, 0xffde, 0xf7df, 0xffff, 0xffff, 0xffff, 0xffff, 0xffff, 0xffff, 0xffff, 0xffff, 0xfffe, 0xe614, 0xd571, 
	0xff5b, 0xef1b, 0xdefb, 0xf6f9, 0xcccd, 0xd4ef, 0xd552, 0xee97, 0xfffd, 0xfffe, 0xffff, 0xee55, 0xccef, 0xf77c, 0xffff, 0xffff, 
	0xffff, 0xffff, 0xffff, 0xffff, 0xffff, 0xffff, 0xffff, 0xffff, 0xffff, 0xffff, 0xffbe, 0xccef, 0xf717, 0xffff, 0xffff, 0xffff, 
	0xffff, 0xffff, 0xffff, 0xffde, 0xeef8, 0xd592, 0xcd11, 0xe635, 0xe655, 0xd530, 0xff5b, 0xffff, 0xffff, 0xffff, 0xffff, 0xfffe, 
	0xffff, 0xffff, 0xffff, 0xf79e, 0x5aeb, 0xb596, 0xffff, 0xf7be, 0x5aeb, 0xc618, 0xdefb, 0xd69a, 0xc638, 0xc618, 0xbdf7, 0xbdf7, 
	0xbdf7, 0xc618, 0xc638, 0xce79, 0xd69a, 0xdefb, 0xe71c, 0xef5d, 0xf79e, 0xffdf, 0xffdf, 0xffff, 0xffdf, 0xf7be, 0xf7be, 0xffff, 
	0xffff, 0xbdf7, 0xd679, 0x5aab, 0xb5b6, 0xffff, 0xffff, 0xffff, 0xd67a, 0x4a49, 0xdefb, 0xffff, 0xffff, 0xffff, 0xffff, 0xdefb, 
	0x630c, 0x9cd3, 0xffdf, 0xffff, 0xffff, 0xffff, 0xb596, 0x52aa, 0xf79e, 0xffff, 0xffff, 0xffff, 0xffff, 0xffff, 0xffff, 0xffdf, 
	0xffff, 0xffff, 0xffff, 0xffff, 0xffff, 0xffff, 0xffff, 0xffff, 0xef7d, 0x528a, 0xb5b6, 0xffff, 0xffff, 0xffdf, 0xffff, 0xffff, 
	0xffff, 0xffff, 0xffff, 0xffff, 0xffff, 0xffff, 0xdedb, 0x4a49, 0xd6ba, 0xffff, 0xffff, 0xffff, 0xb596, 0x5acb, 0xd67a, 0xb596, 
	0xe73c, 0xd6ba, 0xd6ba, 0xce79, 0xce79, 0xce59, 0xc618, 0xce59, 0xc638, 0xce59, 0xd69a, 0xdefb, 0xdefb, 0xef5d, 0xf7be, 0xf7be, 
	0xffdf, 0xffff, 0xffff, 0xf7be, 0xffdf, 0xf7be, 0xffdf, 0xdedb, 0x7bcf, 0xe73c, 0xffff, 0xb5b6, 0x632c, 0xef5d, 0xffff, 0xf7be, 
	0xf79e, 0xf79e, 0xef9e, 0xefbd, 0xffff, 0xffde, 0xd551, 0xddf4, 0xfffe, 0xffdf, 0xef19, 0xd5b2, 0xcd30, 0xddf4, 0xf73a, 0xfffe, 
	0xffff, 0xffff, 0xfffe, 0xffff, 0xcd2f, 0xe6b8, 0xffff, 0xffff, 0xffff, 0xffff, 0xffff, 0xffff, 0xffff, 0xffff, 0xffff, 0xffff, 
	0xffff, 0xffff, 0xf73b, 0xc4ef, 0xf73b, 0xffff, 0xffff, 0xfffe, 0xffdf, 0xffff, 0xffff, 0xddf4, 0xe677, 0xffff, 0xffff, 0xffdf, 
	0xf79d, 0xf73b, 0xd530, 0xd530, 0xeed9, 0xffff, 0xffdf, 0xffdf, 0xffdf, 0xffff, 0xffff, 0xffff, 0xef1a, 0xcd50, 0xccae, 0xe656, 
	0xf77d, 0xffde, 0xffff, 0xffdf, 0xf75b, 0xddf3, 0xffff, 0xffff, 0xffdf, 0xffdf, 0xffff, 0xffff, 0xee76, 0xcd0f, 0xffbe, 0xffff, 
	0xffff, 0xffff, 0xffff, 0xffff, 0xffff, 0xffff, 0xffff, 0xffff, 0xffff, 0xffdf, 0xffff, 0xf6f9, 0xd4ee, 0xf79d, 0xffff, 0xffff, 
	0xffff, 0xf79c, 0xe656, 0xcd31, 0xd571, 0xe697, 0xffbd, 0xffff, 0xffff, 0xe698, 0xc4f0, 0xf77c, 0xffff, 0xffff, 0xf7de, 0xf79d, 
	0xf7be, 0xf7be, 0xffdf, 0xdefb, 0x4a69, 0xc638, 0xffff, 0xe71c, 0x6b4d, 0xe71c, 0xffdf, 0xffdf, 0xffff, 0xffdf, 0xf79e, 0xef7d, 
	0xef5d, 0xe73c, 0xdefb, 0xd69a, 0xce79, 0xc638, 0xbdf7, 0xc618, 0xbdd7, 0xbdd7, 0xc618, 0xc638, 0xc618, 0xc618, 0xce59, 0xdefb, 
	0xef5d, 0xb5b6, 0xd69a, 0x526a, 0xc638, 0xffff, 0xffff, 0xffff, 0xce38, 0x4a49, 0xef3d, 0xffff, 0xffff, 0xffff, 0xffff, 0xffff, 
	0xf79e, 0xffff, 0xffff, 0xffdf, 0xffff, 0xffff, 0xa514, 0x5acb, 0xf7be, 0xffff, 0xffff, 0xffff, 0xffff, 0xffff, 0xffff, 0xffdf, 
	0xffff, 0xffff, 0xffff, 0xffff, 0xffff, 0xffff, 0xffff, 0xffff, 0xf7be, 0x5acb, 0xa534, 0xffff, 0xffff, 0xffff, 0xffff, 0xffff, 
	0xffff, 0xffff, 0xffff, 0xffff, 0xffff, 0xffff, 0xef5d, 0x4a49, 0xc5f7, 0xffff, 0xffdf, 0xffff, 0xc618, 0x526a, 0xd69a, 0x9cf3, 
	0xce79, 0xd6ba, 0xd6ba, 0xdefb, 0xe73c, 0xef5d, 0xef5d, 0xf79e, 0xf79e, 0xf7be, 0xffdf, 0xffff, 0xf7be, 0xf7be, 0xffdf, 0xf7be, 
	0xf79e, 0xf79e, 0xf79e, 0xef7d, 0xf79e, 0xef7d, 0xf7be, 0xe73c, 0x738e, 0xd6ba, 0xffdf, 0xce79, 0x630c, 0xd6ba, 0xffff, 0xf7be, 
	0xf7be, 0xf79f, 0xf79d, 0xf7be, 0xf75b, 0xcd30, 0xde15, 0xffff, 0xffff, 0xffff, 0xffff, 0xffff, 0xf77c, 0xe635, 0xd50f, 0xd550, 
	0xe6b8, 0xffde, 0xffff, 0xddd3, 0xde14, 0xffff, 0xffff, 0xffff, 0xffff, 0xffff, 0xffff, 0xffff, 0xffff, 0xffff, 0xffff, 0xffff, 
	0xffff, 0xfffe, 0xcd51, 0xe698, 0xffff, 0xffff, 0xffff, 0xffff, 0xfffe, 0xffff, 0xf7de, 0xd52f, 0xf77b, 0xffff, 0xffdf, 0xffff, 
	0xffff, 0xffff, 0xe615, 0xf6b7, 0xd4ce, 0xd48d, 0xe5d3, 0xee97, 0xee97, 0xee77, 0xddd4, 0xd4ce, 0xd50f, 0xff18, 0xd572, 0xff7c, 
	0xffff, 0xffff, 0xffff, 0xffff, 0xef3c, 0xedf4, 0xffde, 0xffff, 0xffff, 0xffde, 0xf7ff, 0xf7ff, 0xffff, 0xde14, 0xd5b2, 0xfffe, 
	0xffff, 0xffff, 0xfffe, 0xffff, 0xffff, 0xffff, 0xffff, 0xffff, 0xffff, 0xffff, 0xffff, 0xffff, 0xe697, 0xd530, 0xff5a, 0xef1a, 
	0xd5b3, 0xcd10, 0xddf3, 0xf73a, 0xffff, 0xffff, 0xffff, 0xffde, 0xffde, 0xffff, 0xe6b8, 0xccef, 0xff7b, 0xf7df, 0xef9d, 0xefbe, 
	0xef7d, 0xf79e, 0xffff, 0xd69a, 0x4228, 0xd6ba, 0xffff, 0xd6ba, 0x6b6d, 0xef5d, 0xf79e, 0xf79e, 0xf79e, 0xf79e, 0xf79e, 0xf7be, 
	0xf79e, 0xf79e, 0xf7be, 0xf7be, 0xffdf, 0xf7be, 0xf7be, 0xf79e, 0xf79e, 0xef5d, 0xe73c, 0xdefb, 0xdefb, 0xdedb, 0xd69a, 0xce59, 
	0xc638, 0xa514, 0xd69a, 0x4a49, 0xd6ba, 0xffff, 0xffdf, 0xffff, 0xb576, 0x528a, 0xf79e, 0xffff, 0xffff, 0xffff, 0xffff, 0xffff, 
	0xffff, 0xffff, 0xffff, 0xffff, 0xffff, 0xffff, 0x9cd3, 0x630c, 0xffff, 0xffff, 0xffff, 0xffff, 0xffff, 0xffff, 0xffff, 0xffff, 
	0xffff, 0xffff, 0xffff, 0xffff, 0xffff, 0xffff, 0xffff, 0xffff, 0xffff, 0x632c, 0x9cd3, 0xffff, 0xffff, 0xffff, 0xf7be, 0xef5d, 
	0xdefb, 0xce79, 0xbdd7, 0xad55, 0x94b2, 0x83ef, 0x6b2d, 0x528a, 0x528a, 0xce59, 0xffff, 0xffff, 0xdeba, 0x4a49, 0xce79, 0xbdf7, 
	0xffff, 0xffff, 0xffff, 0xf79e, 0xffdf, 0xffdf, 0xf79e, 0xf79e, 0xef7d, 0xf79e, 0xffdf, 0xffff, 0xf7be, 0xf79e, 0xf79e, 0xef7d, 
	0xf7be, 0xef7d, 0xf79e, 0xef7d, 0xef7d, 0xef7d, 0xf79e, 0xf7be, 0x6b6d, 0xc618, 0xffdf, 0xdefb, 0x4a69, 0xc618, 0xffff, 0xf7be, 
	0xf7be, 0xf7be, 0xf79d, 0xf75c, 0xc531, 0xe614, 0xfffe, 0xffff, 0xffff, 0xf7ff, 0xffff, 0xffff, 0xffff, 0xffff, 0xffde, 0xeef9, 
	0xd592, 0xd550, 0xcd51, 0xc44b, 0xee96, 0xff9c, 0xffff, 0xffff, 0xffff, 0xffff, 0xffff, 0xffff, 0xffff, 0xffff, 0xfffe, 0xffff, 
	0xffff, 0xe697, 0xcd92, 0xffff, 0xffde, 0xffff, 0xffff, 0xffff, 0xffff, 0xffff, 0xffde, 0xd530, 0xff7b, 0xffff, 0xffff, 0xffff, 
	0xffff, 0xffff, 0xd5b3, 0xcd31, 0xddb2, 0xdd50, 0xc46c, 0xd550, 0xe635, 0xd510, 0xc46c, 0xe570, 0xdd91, 0xcd51, 0xccef, 0xff9d, 
	0xffff, 0xffff, 0xffff, 0xffff, 0xef5d, 0xe5f5, 0xffde, 0xfffe, 0xf7ff, 0xffff, 0xffff, 0xf7ff, 0xffff, 0xffdd, 0xcd31, 0xeef9, 
	0xffff, 0xffff, 0xfffe, 0xffff, 0xffff, 0xffff, 0xffff, 0xffff, 0xffff, 0xffff, 0xffff, 0xff3a, 0xde36, 0xc4ae, 0xc4ad, 0xcd0f, 
	0xee97, 0xffbd, 0xffff, 0xffff, 0xffff, 0xffff, 0xffff, 0xffff, 0xffde, 0xffff, 0xffff, 0xe676, 0xc510, 0xef3b, 0xf7df, 0xf7be, 
	0xef7d, 0xf79e, 0xffff, 0xb5b7, 0x4a69, 0xe73c, 0xffff, 0xbdf7, 0x6b6d, 0xf79e, 0xf7be, 0xf7be, 0xef7d, 0xf79e, 0xffdf, 0xf7be, 
	0xef7d, 0xef7d, 0xf7be, 0xffdf, 0xf79e, 0xf79e, 0xf79e, 0xef7d, 0xef7d, 0xef7d, 0xf79e, 0xf79e, 0xffdf, 0xffff, 0xffff, 0xffff, 
	0xffff, 0xbdb7, 0xc618, 0x4a69, 0xe71c, 0xffff, 0xffff, 0xb596, 0x4a49, 0x528a, 0x738e, 0x8c30, 0x9cf3, 0xb596, 0xc618, 0xd6ba, 
	0xe73c, 0xef7d, 0xffdf, 0xffff, 0xffff, 0xffff, 0x8c51, 0x738e, 0xffff, 0xffff, 0xffff, 0xffff, 0xffff, 0xffff, 0xffdf, 0xffff, 
	0xffff, 0xffff, 0xffdf, 0xffff, 0xffff, 0xffff, 0xffff, 0xffff, 0xd69a, 0x630c, 0x6b6d, 0x8c71, 0x738e, 0x630c, 0x5acb, 0x4a69, 
	0x4a49, 0x4a49, 0x528a, 0x5acb, 0x6b4d, 0x7bcf, 0x9492, 0x5acb, 0x83f0, 0xef7d, 0xffff, 0xffff, 0xe71c, 0x4a69, 0xc5f8, 0xb5b6, 
	0xffdf, 0xffff, 0xf7be, 0xf7be, 0xf79e, 0xf79e, 0xf7be, 0xffdf, 0xf7be, 0xf7be, 0xffff, 0xffff, 0xffdf, 0xf7be, 0xf79e, 0xf79e, 
	0xf79e, 0xf79e, 0xf79e, 0xef7d, 0xf79e, 0xf79e, 0xf79e, 0xf7be, 0x8430, 0xad75, 0xffff, 0xef7d, 0x5aca, 0xa514, 0xffff, 0xf77e, 
	0xef7e, 0xefbe, 0xef3b, 0xc4f0, 0xe657, 0xefbf, 0xefbe, 0xffdf, 0xffff, 0xffff, 0xffff, 0xffff, 0xffff, 0xffff, 0xffff, 0xffff, 
	0xfffe, 0xd551, 0xddd3, 0xeeb8, 0xd5b3, 0xbd31, 0xd615, 0xff7c, 0xffff, 0xffff, 0xffff, 0xffff, 0xffff, 0xffff, 0xfffe, 0xffff, 
	0xffff, 0xd572, 0xe6b8, 0xffff, 0xffff, 0xf7ff, 0xffff, 0xffff, 0xffff, 0xfffe, 0xffff, 0xde15, 0xde36, 0xe73c, 0xf79e, 0xffff, 
	0xffff, 0xf77c, 0xcd10, 0xf719, 0xffff, 0xffff, 0xf75b, 0xcd71, 0xe5f2, 0xd572, 0xff7c, 0xffff, 0xfffe, 0xeef8, 0xcc8d, 0xee97, 
	0xffff, 0xffff, 0xffff, 0xffff, 0xff9d, 0xde56, 0xffff, 0xfffe, 0xffdf, 0xffff, 0xffff, 0xfffe, 0xffff, 0xffff, 0xe677, 0xd5d4, 
	0xffff, 0xffff, 0xfffe, 0xffff, 0xffff, 0xffff, 0xffff, 0xffff, 0xffff, 0xf75c, 0xd5b2, 0xcd0f, 0xde15, 0xf77c, 0xf71a, 0xcd10, 
	0xff7c, 0xffff, 0xf7ff, 0xffff, 0xffff, 0xffff, 0xffff, 0xffff, 0xf7ff, 0xf7be, 0xf79e, 0xf7bf, 0xde15, 0xcd10, 0xf77b, 0xffff, 
	0xf79e, 0xf79e, 0xffff, 0x9cb2, 0x5aec, 0xf7be, 0xf7be, 0xad55, 0x8c71, 0xf7be, 0xef7d, 0xf79e, 0xf79e, 0xf79e, 0xf79e, 0xf79e, 
	0xf7be, 0xef7d, 0xf79e, 0xef7d, 0xf7be, 0xf7be, 0xf79e, 0xef7d, 0xf79e, 0xef7d, 0xef7d, 0xef7d, 0xf7be, 0xffff, 0xffff, 0xffff, 
	0xf7be, 0xb5b6, 0xb596, 0x52aa, 0xef7d, 0xffff, 0xffff, 0xe71c, 0x738e, 0x630c, 0x8c51, 0x738e, 0x630c, 0x52aa, 0x4a69, 0x4a49, 
	0x4a69, 0x528a, 0x5aeb, 0x6b2d, 0x7bcf, 0x94b2, 0x632c, 0x6b6d, 0xdefb, 0xffff, 0xffff, 0xffff, 0xffff, 0xffff, 0xf7be, 0xffff, 
	0xffff, 0xffff, 0xf7de, 0xffff, 0xffff, 0xffff, 0xffff, 0xffff, 0x73ae, 0x4a69, 0x5acb, 0x738e, 0x8430, 0x9cd3, 0xad55, 0xbdf7, 
	0xd69a, 0xdefb, 0xef5d, 0xffdf, 0xffff, 0xffff, 0xffff, 0x738e, 0x9492, 0xffff, 0xffff, 0xffff, 0xf79e, 0x5aab, 0xb575, 0xbdb7, 
	0xf79e, 0xffff, 0xffff, 0xf7be, 0xf7be, 0xffdf, 0xffff, 0xf7be, 0xf79e, 0xf7be, 0xffff, 0xffff, 0xffff, 0xffdf, 0xf7be, 0xf7be, 
	0xffdf, 0xffff, 0xffdf, 0xf7be, 0xffff, 0xffff, 0xffdf, 0xffff, 0x94b2, 0x8430, 0xffdf, 0xf7be, 0x6b8d, 0x7c30, 0xffff, 0xffbe, 
	0xffdf, 0xf73b, 0xbcf0, 0xe676, 0xf7df, 0xf7df, 0xf7bd, 0xffdf, 0xffdf, 0xffff, 0xffff, 0xffff, 0xffff, 0xffff, 0xffff, 0xffff, 
	0xde14, 0xd593, 0xffff, 0xffff, 0xffff, 0xf77b, 0xde15, 0xcd10, 0xd5b3, 0xf73b, 0xffff, 0xffff, 0xffff, 0xffff, 0xffff, 0xffff, 
	0xffff, 0xcd92, 0xf75a, 0xffff, 0xffff, 0xffff, 0xffff, 0xffff, 0xffff, 0xffff, 0xf77c, 0xddd3, 0xcc6b, 0xe656, 0xce58, 0xef5d, 
	0xf77c, 0xd50f, 0xeeb7, 0xffff, 0xffff, 0xffff, 0xffff, 0xf6f8, 0xbc6d, 0xf739, 0xffff, 0xffff, 0xfffe, 0xffff, 0xee56, 0xcc4b, 
	0xe698, 0xffbd, 0xffbd, 0xef1a, 0xd52f, 0xee97, 0xffff, 0xffff, 0xffff, 0xffff, 0xffff, 0xffff, 0xffff, 0xffff, 0xf73a, 0xcd92, 
	0xffff, 0xffff, 0xffff, 0xffff, 0xffff, 0xffff, 0xffff, 0xf71a, 0xd572, 0xcd10, 0xe676, 0xffbd, 0xffff, 0xffff, 0xffff, 0xe677, 
	0xcd30, 0xffbe, 0xffff, 0xffff, 0xffff, 0xffff, 0xffff, 0xffff, 0xf7df, 0xffbe, 0xffde, 0xf7df, 0xffff, 0xde56, 0xc510, 0xf75b, 
	0xf79e, 0xf7bd, 0xffff, 0x73af, 0x83f0, 0xffdf, 0xffff, 0x7bcf, 0xa534, 0xffff, 0xffdf, 0xffdf, 0xffdf, 0xffdf, 0xffdf, 0xffdf, 
	0xffdf, 0xf79e, 0xef7d, 0xef5d, 0xf79e, 0xffdf, 0xffdf, 0xf7be, 0xffdf, 0xffff, 0xf7be, 0xffdf, 0xffff, 0xffff, 0xffff, 0xffff, 
	0xef7d, 0xc618, 0xa514, 0x630c, 0xffff, 0xffff, 0xffff, 0xffff, 0x8410, 0x8410, 0xffff, 0xffff, 0xffff, 0xf79e, 0xe73c, 0xdedb, 
	0xce59, 0xb596, 0xa514, 0x9472, 0x7bef, 0x6b4d, 0x5aaa, 0x4a69, 0x8c71, 0xffff, 0xffff, 0xffff, 0xffff, 0xffff, 0xffdf, 0xffff, 
	0xffff, 0xffff, 0xffdf, 0xffff, 0xffff, 0xffff, 0xffff, 0xffff, 0xf7be, 0x8c71, 0x632c, 0xffff, 0xffff, 0xffff, 0xffff, 0xffff, 
	0xffff, 0xffff, 0xffff, 0xffff, 0xffff, 0xffff, 0xffff, 0x8430, 0x738e, 0xffff, 0xffff, 0xffff, 0xffff, 0x6b2d, 0x9cd3, 0xc618, 
	0xef5d, 0xffff, 0xffff, 0xffff, 0xffff, 0xffff, 0xffff, 0xffdf, 0xf7be, 0xffdf, 0xffff, 0xffff, 0xffff, 0xffff, 0xffff, 0xffff, 
	0xffff, 0xffff, 0xffff, 0xffdf, 0xef7d, 0xdedb, 0xce59, 0xc638, 0x94b2, 0x6b6d, 0xffdf, 0xffff, 0x9cf3, 0x5b0b, 0xffdf, 0xffff, 
	0xf75c, 0xccf0, 0xe697, 0xffff, 0xffff, 0xffff, 0xffdf, 0xffff, 0xffff, 0xffff, 0xffff, 0xffff, 0xffff, 0xffff, 0xffff, 0xeeb7, 
	0xcd0f, 0xffbe, 0xffff, 0xffff, 0xffff, 0xffff, 0xffff, 0xff9c, 0xde36, 0xcd51, 0xcd72, 0xe656, 0xf73b, 0xf75b, 0xf77b, 0xf75b, 
	0xe677, 0xc4ad, 0xe614, 0xffbd, 0xfffe, 0xffff, 0xffde, 0xff9d, 0xeeb7, 0xd592, 0xcd51, 0xc48d, 0xee96, 0xde36, 0xe5d4, 0xe5f3, 
	0xddf3, 0xd4ef, 0xf77b, 0xffff, 0xfffd, 0xfffe, 0xf7ff, 0xff9b, 0xc552, 0xffdd, 0xffff, 0xffde, 0xffde, 0xffff, 0xeef9, 0xcd30, 
	0xddf4, 0xd52f, 0xd530, 0xde15, 0xddd3, 0xc48d, 0xcd71, 0xe655, 0xf75b, 0xfffe, 0xffff, 0xffff, 0xffff, 0xffff, 0xe656, 0xc4ae, 
	0xeed8, 0xf77c, 0xf77b, 0xf75b, 0xeef9, 0xde15, 0xcd51, 0xcd51, 0xe677, 0xffdd, 0xffff, 0xffff, 0xffff, 0xffff, 0xffff, 0xffff, 
	0xddd3, 0xddb2, 0xffff, 0xffff, 0xffff, 0xffff, 0xffff, 0xffff, 0xffff, 0xffff, 0xffff, 0xffff, 0xffff, 0xffff, 0xe676, 0xbcf0, 
	0xef5b, 0xf7ff, 0xf79e, 0x5aab, 0xad55, 0xffff, 0xffdf, 0x630c, 0x9cf3, 0xce59, 0xd6ba, 0xe73c, 0xf7be, 0xffff, 0xffff, 0xffff, 
	0xffff, 0xffff, 0xf7be, 0xf7be, 0xffdf, 0xffff, 0xffff, 0xffff, 0xffff, 0xffff, 0xffff, 0xffff, 0xffff, 0xffff, 0xffff, 0xffff, 
	0xdefb, 0xc638, 0x8c31, 0x7bae, 0xffff, 0xffff, 0xffff, 0xffdf, 0x630c, 0x94b2, 0xffff, 0xffff, 0xffff, 0xffff, 0xffff, 0xffff, 
	0xffff, 0xffff, 0xffff, 0xffff, 0xffff, 0xffbe, 0x5aeb, 0x9cd3, 0xf7be, 0xffff, 0xffff, 0xffff, 0xffff, 0xffff, 0xffdf, 0xffff, 
	0xffff, 0xffff, 0xffff, 0xffff, 0xffff, 0xffff, 0xffff, 0xffff, 0xffff, 0xad55, 0x52aa, 0xf7be, 0xffff, 0xffff, 0xffff, 0xffff, 
	0xffff, 0xffff, 0xffff, 0xffff, 0xffff, 0xffff, 0xffff, 0xa514, 0x5aeb, 0xffdf, 0xffff, 0xffff, 0xffff, 0x83ef, 0x7bef, 0xce59, 
	0xd6ba, 0xffff, 0xffff, 0xffff, 0xffff, 0xffff, 0xffff, 0xffff, 0xffff, 0xffff, 0xffff, 0xffff, 0xffff, 0xffff, 0xffff, 0xf79e, 
	0xe71c, 0xd69a, 0xc618, 0xbdf7, 0xc618, 0xce59, 0xdefb, 0xf79e, 0xd6ba, 0x5acb, 0xef5d, 0xffff, 0xce38, 0x4a48, 0xe73b, 0xff7c, 
	0xc511, 0xeeb8, 0xffff, 0xf7ff, 0xffde, 0xfffe, 0xf7ff, 0xffff, 0xffff, 0xffff, 0xffff, 0xffff, 0xffff, 0xffff, 0xf73a, 0xc4ef, 
	0xf75b, 0xffff, 0xffff, 0xffff, 0xffff, 0xffff, 0xffff, 0xffff, 0xffff, 0xffde, 0xeef9, 0xd5d4, 0xcd72, 0xd592, 0xdccd, 0xcc4a, 
	0xc44b, 0xe676, 0xddd3, 0xcd31, 0xd572, 0xd572, 0xd551, 0xcd51, 0xcd93, 0xee96, 0xf6f8, 0xcd71, 0xffff, 0xffff, 0xffde, 0xffde, 
	0xffff, 0xd552, 0xeed9, 0xffff, 0xfffe, 0xf7ff, 0xf7ff, 0xf739, 0xc4ad, 0xff7b, 0xf7ff, 0xf7ff, 0xffdf, 0xffff, 0xe676, 0xd5d3, 
	0xffff, 0xf7de, 0xffde, 0xffff, 0xf77c, 0xcd51, 0xf6f8, 0xd5d3, 0xcd51, 0xcd71, 0xd5b2, 0xddd3, 0xd5b3, 0xcd51, 0xd592, 0xe614, 
	0xbc4b, 0xcc6a, 0xdccd, 0xdd92, 0xcd93, 0xde16, 0xf73b, 0xfffe, 0xffff, 0xffff, 0xffff, 0xffff, 0xffff, 0xffff, 0xffff, 0xffff, 
	0xfffe, 0xd54f, 0xe697, 0xffff, 0xffdf, 0xffff, 0xffff, 0xffff, 0xffff, 0xffff, 0xf7ff, 0xfffe, 0xfffe, 0xf7ff, 0xffff, 0xe697, 
	0xcd31, 0xff9d, 0xd6da, 0x4a48, 0xd6ba, 0xffff, 0xe71c, 0x5acb, 0xe71c, 0xef5d, 0xd69a, 0xc618, 0xbdf7, 0xc618, 0xce59, 0xdedb, 
	0xef5d, 0xffdf, 0xffff, 0xffff, 0xffff, 0xffff, 0xffff, 0xffff, 0xffff, 0xffff, 0xffff, 0xffff, 0xffff, 0xffff, 0xffff, 0xffff, 
	0xce79, 0xd679, 0x6b4d, 0x9472, 0xffff, 0xffff, 0xffff, 0xf79e, 0x528a, 0xb596, 0xffff, 0xffff, 0xffff, 0xffff, 0xffff, 0xffff, 
	0xffff, 0xffff, 0xffff, 0xffff, 0xffff, 0xef5d, 0x4a69, 0xbdf7, 0xffff, 0xffff, 0xffff, 0xffff, 0xffff, 0xffff, 0xffff, 0xffff, 
	0xffff, 0xffff, 0xffff, 0xffff, 0xffff, 0xffff, 0xffff, 0xffff, 0xffff, 0xc618, 0x4a69, 0xe73c, 0xffff, 0xffff, 0xffff, 0xffff, 
	0xffff, 0xffff, 0xffff, 0xffff, 0xffff, 0xffff, 0xffff, 0xbdf7, 0x4a69, 0xef7d, 0xffff, 0xffff, 0xffff, 0x9cf3, 0x630c, 0xd69a, 
	0xc638, 0xffff, 0xffff, 0xffff, 0xffff, 0xffff, 0xffff, 0xffff, 0xffff, 0xffff, 0xf7be, 0xe73c, 0xd6ba, 0xc638, 0xbdf7, 0xbdf7, 
	0xc638, 0xd6ba, 0xef5d, 0xf7be, 0xffff, 0xffff, 0xffff, 0xffff, 0xffdf, 0x5aeb, 0xce79, 0xffff, 0xef1b, 0x4a6a, 0xb574, 0xccef, 
	0xd571, 0xff9b, 0xfffe, 0xffff, 0xffff, 0xffff, 0xffff, 0xffff, 0xffff, 0xffff, 0xffff, 0xffff, 0xffff, 0xffbd, 0xc4ef, 0xeef9, 
	0xffff, 0xffff, 0xffff, 0xffff, 0xffff, 0xffff, 0xffff, 0xffff, 0xffff, 0xffff, 0xffff, 0xffff, 0xfffe, 0xe697, 0xd52f, 0xcc8c, 
	0xee77, 0xffff, 0xffff, 0xff9d, 0xf73b, 0xef3b, 0xf75c, 0xffbe, 0xffff, 0xffff, 0xd5f4, 0xde35, 0xffff, 0xfffe, 0xfffe, 0xffff, 
	0xffff, 0xee97, 0xd510, 0xff9c, 0xffff, 0xffff, 0xffdd, 0xd592, 0xccee, 0xd5d3, 0xfffe, 0xffff, 0xffff, 0xff7b, 0xccef, 0xf6f9, 
	0xffff, 0xffff, 0xffff, 0xfffe, 0xffff, 0xd592, 0xee96, 0xffff, 0xffff, 0xf75c, 0xeed9, 0xe6b8, 0xe6b9, 0xf73b, 0xffff, 0xffff, 
	0xe635, 0xcc8c, 0xd52f, 0xde14, 0xffbe, 0xffff, 0xffff, 0xffff, 0xf7ff, 0xffff, 0xffff, 0xffff, 0xffff, 0xffff, 0xffff, 0xffff, 
	0xffff, 0xf75b, 0xc4ef, 0xf75b, 0xffff, 0xffff, 0xffff, 0xffff, 0xffff, 0xffff, 0xffff, 0xffff, 0xffff, 0xf7ff, 0xffdd, 0xff59, 
	0xd510, 0xd511, 0xa513, 0x52cb, 0xf79d, 0xffff, 0xbdf7, 0x632c, 0xffff, 0xffff, 0xffff, 0xffff, 0xffdf, 0xf79e, 0xe71c, 0xce79, 
	0xc618, 0xbdf7, 0xc618, 0xce79, 0xdefb, 0xef7d, 0xffdf, 0xffff, 0xffff, 0xffff, 0xffff, 0xffff, 0xffff, 0xffff, 0xffff, 0xffff, 
	0xbdf7, 0xd69a, 0x5aab, 0xad75, 0xffff, 0xffff, 0xffff, 0xdefb, 0x4a49, 0xce59, 0xffff, 0xffff, 0xffff, 0xffff, 0xffff, 0xffff, 
	0xffff, 0xffff, 0xffff, 0xffff, 0xffff, 0xdedb, 0x4a49, 0xd6ba, 0xffff, 0xffff, 0xffff, 0xffff, 0xffff, 0xffff, 0xffff, 0xffff, 
	0xffff, 0xffff, 0xffff, 0xffff, 0xffff, 0xffff, 0xffff, 0xffff, 0xffff, 0xdefb, 0x4a69, 0xd69a, 0xffff, 0xffff, 0xffff, 0xffff, 
	0xffff, 0xffff, 0xffff, 0xffff, 0xffff, 0xffff, 0xffff, 0xd6ba, 0x4a49, 0xd69a, 0xffff, 0xffff, 0xffff, 0xbdd7, 0x528a, 0xd69a, 
	0xbdb7, 0xffff, 0xffff, 0xffff, 0xffff, 0xffdf, 0xef5d, 0xdedb, 0xce59, 0xc618, 0xbdf7, 0xc618, 0xd69a, 0xe71c, 0xf79e, 0xffff, 
	0xffff, 0xffff, 0xffff, 0xffff, 0xffff, 0xffff, 0xffff, 0xffff, 0xffff, 0x8430, 0x840f, 0x94b3, 0x73cf, 0x5a89, 0x940f, 0xeefa, 
	0xd5d3, 0xcd31, 0xcd51, 0xde14, 0xe6d8, 0xff9d, 0xffff, 0xffff, 0xffff, 0xffff, 0xffff, 0xffff, 0xfffe, 0xcd72, 0xde56, 0xffff, 
	0xffff, 0xffff, 0xffff, 0xffff, 0xffff, 0xffff, 0xffff, 0xffff, 0xffff, 0xffff, 0xffff, 0xf719, 0xcd72, 0xcd92, 0xe614, 0xd5b3, 
	0xfffe, 0xffdf, 0xffff, 0xffff, 0xffff, 0xffff, 0xffff, 0xffff, 0xffff, 0xffff, 0xcd51, 0xf75b, 0xffff, 0xffdf, 0xf7ff, 0xffff, 
	0xffdf, 0xfffd, 0xde34, 0xcd30, 0xde35, 0xe635, 0xcd30, 0xd5f4, 0xffdd, 0xd5b3, 0xcd52, 0xde35, 0xde55, 0xcd10, 0xe657, 0xffff, 
	0xffdf, 0xfffe, 0xffff, 0xffff, 0xffff, 0xeeb7, 0xcd93, 0xffff, 0xffff, 0xffff, 0xffff, 0xffff, 0xffff, 0xffff, 0xffff, 0xffff, 
	0xfffe, 0xd5b3, 0xe655, 0xddf4, 0xc510, 0xe677, 0xffde, 0xffff, 0xffff, 0xffff, 0xffff, 0xffff, 0xffff, 0xffff, 0xffff, 0xffff, 
	0xffff, 0xffff, 0xeeb8, 0xcd0f, 0xffde, 0xffff, 0xffff, 0xffff, 0xffff, 0xffff, 0xffff, 0xf77c, 0xe697, 0xddd3, 0xcd51, 0xcd51, 
	0xd5f4, 0xef19, 0x8bae, 0x5aaa, 0x7bf0, 0x9d14, 0x7bef, 0x9492, 0xffff, 0xffff, 0xffff, 0xffff, 0xffff, 0xffff, 0xffff, 0xffff, 
	0xffff, 0xffdf, 0xef5d, 0xdedb, 0xce59, 0xc618, 0xbdd7, 0xc618, 0xd69a, 0xe71c, 0xf79e, 0xffff, 0xffff, 0xffff, 0xffff, 0xffff, 
	0xbdd7, 0xd67a, 0x4a69, 0xce79, 0xffff, 0xffff, 0xffff, 0xc618, 0x4a49, 0xe73c, 0xffff, 0xffff, 0xffff, 0xffff, 0xffff, 0xffff, 
	0xffff, 0xffff, 0xffff, 0xffff, 0xffff, 0xbdf7, 0x4a69, 0xef5d, 0xffff, 0xffff, 0xffff, 0xffff, 0xffff, 0xffff, 0xffff, 0xffff, 
	0xffff, 0xffff, 0xffff, 0xffff, 0xffff, 0xffff, 0xffff, 0xffff, 0xffff, 0xef7d, 0x528a, 0xb5b6, 0xffff, 0xffff, 0xffff, 0xffff, 
	0xffff, 0xffff, 0xffff, 0xffff, 0xffff, 0xffff, 0xffff, 0xef7d, 0x4a49, 0xbdb6, 0xffff, 0xffff, 0xffff, 0xdedb, 0x4a49, 0xce79, 
	0xb5b6, 0xf79e, 0xe71c, 0xce79, 0xc618, 0xbdf7, 0xc618, 0xce79, 0xdefb, 0xef7d, 0xffdf, 0xffff, 0xffff, 0xffff, 0xffff, 0xffff, 
	0xffff, 0xffff, 0xffff, 0xffff, 0xffff, 0xffff, 0xffff, 0xffff, 0xffff, 0xb5b6, 0x528a, 0xbdd7, 0xef7d, 0x9cd3, 0x5acb, 0xffdf, 
	0xffff, 0xffbe, 0xf73b, 0xde77, 0xcd92, 0xc531, 0xcd72, 0xde35, 0xeef9, 0xff9d, 0xffff, 0xffff, 0xde14, 0xd592, 0xffff, 0xffff, 
	0xffff, 0xffff, 0xffff, 0xffff, 0xffff, 0xffff, 0xffff, 0xffff, 0xffff, 0xf75b, 0xd592, 0xc531, 0xef1a, 0xfffe, 0xcd51, 0xef1b, 
	0xffff, 0xffff, 0xffff, 0xffff, 0xffff, 0xffff, 0xffff, 0xffff, 0xffff, 0xf75b, 0xcd71, 0xfffe, 0xffff, 0xffff, 0xffff, 0xffde, 
	0xffdf, 0xfffe, 0xfffe, 0xccad, 0xd550, 0xde56, 0xeef9, 0xffff, 0xf7ff, 0xffff, 0xeef9, 0xde36, 0xc4ce, 0xdd91, 0xffff, 0xffff, 
	0xfffe, 0xffff, 0xffff, 0xffff, 0xffff, 0xff9d, 0xcd51, 0xffbe, 0xffff, 0xffff, 0xffff, 0xffff, 0xffff, 0xffff, 0xffff, 0xffff, 
	0xffff, 0xef1b, 0xcd51, 0xfffe, 0xf75b, 0xcd93, 0xc531, 0xf6f9, 0xffff, 0xffff, 0xffff, 0xffff, 0xffff, 0xffff, 0xffff, 0xffff, 
	0xffff, 0xffff, 0xffff, 0xde34, 0xd5b3, 0xffff, 0xffde, 0xf75b, 0xeeb8, 0xddd4, 0xcd51, 0xcd31, 0xd5d3, 0xe697, 0xf77c, 0xffde, 
	0xffff, 0xf7be, 0x528a, 0xad55, 0xdf1c, 0xad75, 0x4a69, 0xc618, 0xffff, 0xffff, 0xffff, 0xffff, 0xffff, 0xffff, 0xffff, 0xffff, 
	0xffff, 0xffff, 0xffff, 0xffff, 0xffff, 0xffff, 0xf7be, 0xe73c, 0xd6ba, 0xc638, 0xbdf7, 0xbdf7, 0xce59, 0xd6ba, 0xef5d, 0xef7d, 
	0xb5b6, 0xc618, 0x4a69, 0xe73c, 0xffff, 0xffff, 0xffff, 0xa534, 0x52aa, 0xf7be, 0xffff, 0xffff, 0xffff, 0xffff, 0xffff, 0xffff, 
	0xffff, 0xffff, 0xffff, 0xffff, 0xffff, 0xa514, 0x5acb, 0xf7be, 0xffff, 0xffff, 0xffff, 0xffff, 0xffff, 0xffff, 0xffff, 0xffff, 
	0xffff, 0xffff, 0xffff, 0xffff, 0xffff, 0xffff, 0xffff, 0xffff, 0xffff, 0xffff, 0x630c, 0x94b2, 0xffff, 0xffff, 0xffff, 0xffff, 
	0xffff, 0xffff, 0xffff, 0xffff, 0xffff, 0xffff, 0xffff, 0xffdf, 0x630c, 0x94b2, 0xffff, 0xffff, 0xffff, 0xf79e, 0x528a, 0xb5b6, 
	0xb596, 0xb5b6, 0xce59, 0xd6ba, 0xef5d, 0xf7be, 0xffff, 0xffff, 0xffff, 0xffff, 0xffff, 0xffff, 0xffff, 0xffff, 0xffff, 0xffff, 
	0xffff, 0xffff, 0xffff, 0xffff, 0xffff, 0xffff, 0xffff, 0xffff, 0xffff, 0xe6fc, 0x5acb, 0xf77e, 0xffff, 0xd69a, 0x4228, 0xd69a, 
	0xffff, 0xffff, 0xffff, 0xffff, 0xfffe, 0xffbd, 0xeefa, 0xde35, 0xcd93, 0xc531, 0xd593, 0xe5f2, 0xc4ae, 0xeed9, 0xff9d, 0xffde, 
	0xffff, 0xffff, 0xffff, 0xffff, 0xffff, 0xffff, 0xffff, 0xffde, 0xde15, 0xccee, 0xe656, 0xffff, 0xffff, 0xf73a, 0xcd51, 0xffff, 
	0xffff, 0xffff, 0xffff, 0xffff, 0xffff, 0xffff, 0xffff, 0xffff, 0xffff, 0xeed9, 0xd5b2, 0xffff, 0xffff, 0xffff, 0xffff, 0xf7ff, 
	0xffff, 0xffff, 0xddf4, 0xc48d, 0xee76, 0xffff, 0xffff, 0xffff, 0xffff, 0xffff, 0xffff, 0xffff, 0xddb2, 0xc48e, 0xeed9, 0xfffe, 
	0xffff, 0xffff, 0xffff, 0xffff, 0xffff, 0xffde, 0xd551, 0xf75c, 0xffff, 0xffff, 0xffff, 0xffff, 0xffff, 0xffff, 0xffff, 0xffff, 
	0xffff, 0xfffe, 0xcd31, 0xf75b, 0xffff, 0xffff, 0xeed9, 0xcd30, 0xd593, 0xf79d, 0xffff, 0xffff, 0xffff, 0xffff, 0xfffe, 0xffdd, 
	0xffbd, 0xf75c, 0xeefa, 0xee77, 0xcc6d, 0xe591, 0xd552, 0xc551, 0xd5d4, 0xee76, 0xf73a, 0xffdd, 0xfffe, 0xffff, 0xffff, 0xffff, 
	0xffff, 0xc618, 0x4a29, 0xdefb, 0xffff, 0xe73c, 0x5acb, 0xef5d, 0xffff, 0xffff, 0xffff, 0xffff, 0xffff, 0xffff, 0xffff, 0xffff, 
	0xffff, 0xffff, 0xffff, 0xffff, 0xffff, 0xffff, 0xffff, 0xffff, 0xffff, 0xffff, 0xffdf, 0xf79e, 0xe71c, 0xd69a, 0xc638, 0xad75, 
	0xbdd7, 0xa534, 0x5aeb, 0xffdf, 0xffff, 0xffff, 0xffff, 0x8430, 0x738e, 0xffff, 0xffff, 0xffff, 0xffff, 0xffff, 0xffff, 0xffff, 
	0xffff, 0xffff, 0xffff, 0xffff, 0xffff, 0x8430, 0x738e, 0xffff, 0xffff, 0xffff, 0xffff, 0xffff, 0xffff, 0xffff, 0xffff, 0xffff, 
	0xffff, 0xffff, 0xffff, 0xffff, 0xffff, 0xffff, 0xffff, 0xffff, 0xffff, 0xffff, 0x7bef, 0x7bcf, 0xffff, 0xffff, 0xffff, 0xffff, 
	0xffff, 0xffff, 0xffff, 0xffff, 0xffff, 0xffff, 0xffff, 0xffff, 0x8c51, 0x738e, 0xffff, 0xffff, 0xffff, 0xffff, 0x6b6d, 0x8c71, 
	0xc638, 0xdefb, 0xffff, 0xffff, 0xffff, 0xffff, 0xffff, 0xffff, 0xffff, 0xffff, 0xffff, 0xffff, 0xffff, 0xffff, 0xffff, 0xffff, 
	0xffff, 0xffff, 0xffff, 0xffff, 0xffff, 0xffff, 0xffff, 0xffff, 0xffff, 0xef7d, 0x62eb, 0xbdd7, 0xffff, 0xf7be, 0x5acb, 0x94b2, 
	0xffff, 0xffff, 0xffff, 0xffff, 0xffff, 0xffff, 0xffff, 0xffff, 0xffff, 0xff9d, 0xee76, 0xcc8c, 0xe5d3, 0xd572, 0xcd51, 0xcd30, 
	0xd551, 0xd5b3, 0xddf5, 0xe677, 0xeed9, 0xf73a, 0xeeb8, 0xcd10, 0xd5b2, 0xf79c, 0xffff, 0xffff, 0xffff, 0xde56, 0xddf4, 0xffff, 
	0xffff, 0xffff, 0xffff, 0xffff, 0xffff, 0xffff, 0xffff, 0xffff, 0xffff, 0xe6b8, 0xddd3, 0xffff, 0xffff, 0xfffe, 0xf7ff, 0xf7ff, 
	0xffff, 0xee55, 0xd551, 0xe656, 0xd5f4, 0xffff, 0xffff, 0xffff, 0xffff, 0xffff, 0xffff, 0xffde, 0xd592, 0xeeb6, 0xc4ef, 0xf75b, 
	0xffff, 0xffff, 0xffff, 0xf7ff, 0xffff, 0xffff, 0xd572, 0xef3b, 0xffff, 0xffff, 0xffff, 0xffff, 0xffff, 0xffff, 0xffff, 0xffff, 
	0xffff, 0xffff, 0xd5b3, 0xe6b8, 0xffff, 0xffff, 0xffff, 0xffbd, 0xddf4, 0xc510, 0xe676, 0xeeb7, 0xde35, 0xd5b4, 0xd551, 0xd510, 
	0xd510, 0xd551, 0xd592, 0xddf4, 0xe656, 0xccae, 0xeeb8, 0xfffe, 0xffff, 0xffff, 0xffff, 0xffff, 0xffff, 0xffff, 0xffff, 0xffff, 
	0xffff, 0x8c30, 0x6b2c, 0xffdf, 0xffff, 0xad75, 0x632c, 0xf7be, 0xffff, 0xffff, 0xffff, 0xffff, 0xffff, 0xffff, 0xffff, 0xffff, 
	0xffff, 0xffff, 0xffff, 0xffff, 0xffff, 0xffff, 0xffff, 0xffff, 0xffff, 0xffff, 0xffff, 0xffff, 0xffff, 0xffff, 0xffff, 0xd69a, 
	0xce59, 0x7bef, 0x7bef, 0xffff, 0xffff, 0xffff, 0xf79e, 0x630c, 0x9cd3, 0xffff, 0xffff, 0xffff, 0xffff, 0xffff, 0xffff, 0xffff, 
	0xffff, 0xffff, 0xffff, 0xffff, 0xffff, 0x6b4d, 0x8c71, 0xffff, 0xffff, 0xffff, 0xffff, 0xffff, 0xffff, 0xffff, 0xffff, 0xffff, 
	0xffff, 0xffff, 0xffff, 0xffff, 0xffff, 0xffff, 0xffff, 0xffff, 0xffff, 0xffff, 0x9cf3, 0x5aeb, 0xffdf, 0xffff, 0xffff, 0xffff, 
	0xffff, 0xffff, 0xffff, 0xffff, 0xffff, 0xf7be, 0xdefb, 0xb5b6, 0x738e, 0x4a69, 0x7bae, 0xf7be, 0xffff, 0xffff, 0x94b2, 0x632c, 
	0xd69a, 0xc638, 0xffff, 0xffff, 0xffff, 0xffff, 0xffff, 0xffff, 0xffff, 0xffff, 0xffff, 0xffff, 0xffff, 0xffff, 0xffff, 0xffff, 
	0xffff, 0xffff, 0xffff, 0xffff, 0xffff, 0xffff, 0xef5d, 0xd67a, 0xbdf7, 0xce59, 0x8c51, 0x83f0, 0xffff, 0xffff, 0x9492, 0x5aeb, 
	0xffdf, 0xffff, 0xffff, 0xffff, 0xffff, 0xffff, 0xffff, 0xffff, 0xffde, 0xffff, 0xd5d4, 0xe656, 0xffff, 0xffff, 0xffde, 0xff7b, 
	0xef3b, 0xeefa, 0xe655, 0xde15, 0xd5d3, 0xcd0f, 0xccef, 0xf6f9, 0xffff, 0xffff, 0xfffe, 0xffff, 0xffff, 0xd5d4, 0xe697, 0xffff, 
	0xffff, 0xffff, 0xffff, 0xffff, 0xffff, 0xffff, 0xffff, 0xffff, 0xffff, 0xe6b9, 0xd5b3, 0xffff, 0xffff, 0xffff, 0xffff, 0xffff, 
	0xee76, 0xccef, 0xff9d, 0xef1b, 0xcd72, 0xffff, 0xffff, 0xffff, 0xffff, 0xffff, 0xffff, 0xffbd, 0xc551, 0xffbc, 0xeef8, 0xc4f0, 
	0xf73b, 0xffff, 0xffde, 0xffff, 0xffff, 0xfffe, 0xd572, 0xf73b, 0xffff, 0xffff, 0xffff, 0xffff, 0xffff, 0xffff, 0xffff, 0xffff, 
	0xffff, 0xffff, 0xe635, 0xe636, 0xffff, 0xfffe, 0xfffe, 0xffff, 0xffff, 0xf73a, 0xc52f, 0xcd2f, 0xde76, 0xe6b9, 0xeefa, 0xf75c, 
	0xffbd, 0xffdd, 0xfffe, 0xffff, 0xffff, 0xe656, 0xd5b4, 0xffff, 0xffde, 0xffff, 0xffff, 0xffff, 0xffff, 0xffff, 0xffff, 0xffff, 
	0xf79e, 0x528a, 0xa514, 0xffff, 0xffff, 0x73ae, 0x9492, 0xc638, 0xc618, 0xdedb, 0xf79e, 0xffff, 0xffff, 0xffff, 0xffff, 0xffff, 
	0xffff, 0xffff, 0xffff, 0xffff, 0xffff, 0xffff, 0xffff, 0xffff, 0xffff, 0xffff, 0xffff, 0xffff, 0xffff, 0xffff, 0xffff, 0xbdf7, 
	0xd6ba, 0x5acb, 0xa534, 0xffff, 0xffff, 0xf79e, 0x6b4d, 0x4a69, 0x738e, 0xad75, 0xd69a, 0xf77d, 0xffff, 0xffff, 0xffff, 0xffff, 
	0xffff, 0xffff, 0xffff, 0xffff, 0xf79e, 0x528a, 0xad55, 0xffff, 0xffff, 0xffff, 0xffff, 0xffff, 0xffff, 0xffff, 0xffff, 0xffff, 
	0xffff, 0xffff, 0xffff, 0xffff, 0xffff, 0xffff, 0xffff, 0xffff, 0xffff, 0xffff, 0xbdf7, 0x4a49, 0xef5d, 0xffff, 0xffff, 0xffff, 
	0xffdf, 0xe73c, 0xc618, 0x9cf3, 0x738e, 0x5acb, 0x4a49, 0x528a, 0x6b2d, 0x526a, 0xa534, 0xffff, 0xffff, 0xffff, 0xc618, 0x4a69, 
	0xd6ba, 0xb5b6, 0xffff, 0xffff, 0xffff, 0xffff, 0xffff, 0xffff, 0xffff, 0xffff, 0xffff, 0xffff, 0xffff, 0xffff, 0xffff, 0xffff, 
	0xffff, 0xffff, 0xffdf, 0xef5d, 0xce79, 0xbdf7, 0xc5f7, 0xd69a, 0xef7d, 0xffff, 0xdebb, 0x5aaa, 0xef7d, 0xffff, 0xd69a, 0x4228, 
	0xce79, 0xffff, 0xffff, 0xffff, 0xffff, 0xffff, 0xffff, 0xffff, 0xffff, 0xeef8, 0xcd30, 0xffdd, 0xffff, 0xffff, 0xffff, 0xffff, 
	0xffff, 0xffff, 0xffff, 0xffff, 0xfffe, 0xcd93, 0xe6d9, 0xffff, 0xffff, 0xffff, 0xffff, 0xffff, 0xffff, 0xd572, 0xeef9, 0xffff, 
	0xffff, 0xffff, 0xffff, 0xffff, 0xffff, 0xffff, 0xffff, 0xffff, 0xffff, 0xf73b, 0xcd51, 0xffff, 0xffff, 0xffff, 0xffdd, 0xde14, 
	0xcd0f, 0xf77c, 0xffff, 0xffbd, 0xcd31, 0xff9d, 0xfffe, 0xffff, 0xffff, 0xffff, 0xffff, 0xef19, 0xcd71, 0xffff, 0xffff, 0xeed8, 
	0xc4ef, 0xe698, 0xffff, 0xffff, 0xffff, 0xffbd, 0xcd31, 0xff9d, 0xffff, 0xffff, 0xffff, 0xffff, 0xffff, 0xffff, 0xffff, 0xffff, 
	0xffff, 0xffff, 0xee97, 0xddb3, 0xffff, 0xffff, 0xffff, 0xffff, 0xffff, 0xffff, 0xf73a, 0xc571, 0xfffd, 0xffff, 0xffff, 0xffff, 
	0xf7ff, 0xf7ff, 0xffff, 0xffff, 0xffff, 0xfffe, 0xcd31, 0xeef9, 0xffff, 0xffff, 0xffff, 0xffff, 0xffff, 0xffff, 0xffff, 0xffff, 
	0xbdf7, 0x4a28, 0xe6fb, 0xffff, 0xe71c, 0x52aa, 0xe73c, 0xffff, 0xe73c, 0xce59, 0xbdf7, 0xc618, 0xdedb, 0xf79e, 0xffff, 0xffff, 
	0xffff, 0xffff, 0xffff, 0xffff, 0xffff, 0xffff, 0xffff, 0xffff, 0xffff, 0xffff, 0xffff, 0xffff, 0xffff, 0xffff, 0xffff, 0xb5b6, 
	0xce79, 0x4a49, 0xce79, 0xffff, 0xffff, 0xffff, 0xa514, 0x4a69, 0x736e, 0x528a, 0x4a29, 0x528a, 0x6b4d, 0x9492, 0xbdd7, 0xdefb, 
	0xf79e, 0xffff, 0xffff, 0xffff, 0xdefb, 0x4a49, 0xd69a, 0xffff, 0xffff, 0xffff, 0xffff, 0xffff, 0xffff, 0xffff, 0xffff, 0xffff, 
	0xffff, 0xffff, 0xffff, 0xffff, 0xffff, 0xffff, 0xffff, 0xffff, 0xffff, 0xffff, 0xe73c, 0x4a69, 0xc5f7, 0xd69a, 0xa534, 0x8410, 
	0x630c, 0x4a69, 0x4a49, 0x5aeb, 0x7bef, 0xa514, 0xd679, 0xef5d, 0xef7d, 0x5269, 0xbdd7, 0xffff, 0xffff, 0xffff, 0xe71c, 0x4a49, 
	0xc618, 0xb5b6, 0xf7be, 0xffff, 0xffff, 0xffff, 0xffff, 0xffff, 0xffff, 0xffff, 0xffff, 0xffff, 0xffff, 0xffff, 0xffff, 0xffdf, 
	0xe73c, 0xce59, 0xbdd7, 0xc618, 0xd6ba, 0xf79e, 0xffff, 0xffff, 0xffff, 0xffff, 0xffdf, 0x630c, 0xb5b6, 0xffff, 0xffdf, 0x630c, 
	0x8410, 0xffff, 0xffff, 0xffff, 0xffff, 0xffff, 0xffff, 0xffff, 0xf7ff, 0xcd10, 0xeef9, 0xffff, 0xffff, 0xffff, 0xffff, 0xffff, 
	0xffff, 0xffff, 0xffff, 0xffff, 0xf73a, 0xc530, 0xffde, 0xffff, 0xffff, 0xffff, 0xffff, 0xffff, 0xfffe, 0xd572, 0xf75b, 0xffff, 
	0xffff, 0xffff, 0xffff, 0xffff, 0xffff, 0xffff, 0xffff, 0xffff, 0xffff, 0xfffe, 0xd592, 0xe656, 0xf73a, 0xe677, 0xcd31, 0xd5b2, 
	0xffbe, 0xffff, 0xffff, 0xffff, 0xd592, 0xeeb8, 0xffff, 0xffff, 0xf7ff, 0xffff, 0xffff, 0xddf5, 0xe614, 0xffff, 0xffff, 0xffff, 
	0xf73b, 0xcd51, 0xcd92, 0xe6b8, 0xf75a, 0xe614, 0xddd3, 0xffff, 0xffff, 0xffff, 0xffff, 0xffff, 0xffff, 0xffff, 0xffff, 0xffff, 
	0xffff, 0xffff, 0xeef9, 0xd593, 0xffff, 0xffff, 0xffff, 0xfffe, 0xffff, 0xffff, 0xffff, 0xcd71, 0xeef9, 0xffff, 0xffff, 0xffdf, 
	0xffff, 0xffff, 0xffff, 0xffff, 0xffff, 0xffff, 0xeed8, 0xd530, 0xffde, 0xffff, 0xffff, 0xffff, 0xffff, 0xffff, 0xffff, 0xffff, 
	0x7baf, 0x738e, 0xffff, 0xffff, 0xa534, 0x736d, 0xffff, 0xffff, 0xffff, 0xffff, 0xffff, 0xe73c, 0xce59, 0xbdf7, 0xc618, 0xd6ba, 
	0xf79e, 0xffff, 0xffff, 0xffff, 0xffff, 0xffff, 0xffff, 0xffff, 0xffff, 0xffff, 0xffff, 0xffff, 0xffff, 0xffff, 0xef7d, 0xbdb7, 
	0xb5b6, 0x4a69, 0xef7d, 0xffff, 0xffff, 0xffff, 0xa534, 0x5acb, 0xffdf, 0xf79e, 0xd6ba, 0xad75, 0x8430, 0x632c, 0x4a69, 0x4a49, 
	0x5acb, 0x73ae, 0x9cf3, 0xc638, 0xad75, 0x52aa, 0xf79e, 0xffff, 0xffff, 0xffff, 0xffff, 0xffff, 0xffff, 0xffff, 0xffff, 0xffff, 
	0xffff, 0xffff, 0xffff, 0xffff, 0xffff, 0xffff, 0xffff, 0xffff, 0xffff, 0xffdf, 0x9492, 0x528a, 0x52aa, 0x4a49, 0x52aa, 0x73ae, 
	0x94b2, 0xc618, 0xe71c, 0xffdf, 0xffff, 0xffff, 0xffff, 0xffff, 0xffff, 0x6b6d, 0x8430, 0xffff, 0xffff, 0xffff, 0xffdf, 0x630c, 
	0x9cd3, 0xc618, 0xdefb, 0xffff, 0xffff, 0xffff, 0xffff, 0xffff, 0xffff, 0xffff, 0xffff, 0xffff, 0xffdf, 0xe73c, 0xce59, 0xbdf7, 
	0xc618, 0xd6ba, 0xf79e, 0xffff, 0xffff, 0xffff, 0xffff, 0xffff, 0xffff, 0xffff, 0xffff, 0xa514, 0x738e, 0xffff, 0xffff, 0xad55, 
	0x4a49, 0xef5d, 0xffff, 0xffff, 0xffff, 0xffff, 0xffff, 0xffff, 0xe656, 0xd592, 0xffff, 0xffff, 0xffff, 0xffff, 0xffff, 0xffff, 
	0xffff, 0xffff, 0xfffe, 0xffff, 0xddd4, 0xe656, 0xffff, 0xffff, 0xffff, 0xffff, 0xffff, 0xffff, 0xffde, 0xcd51, 0xf77c, 0xffff, 
	0xfffe, 0xffff, 0xffff, 0xffff, 0xffff, 0xffff, 0xffff, 0xffff, 0xffff, 0xffff, 0xe614, 0xc4ae, 0xcd92, 0xd5d4, 0xeef9, 0xfffe, 
	0xffff, 0xffff, 0xffff, 0xffff, 0xeed8, 0xcd71, 0xffff, 0xffff, 0xf7ff, 0xffff, 0xffbd, 0xc531, 0xf73a, 0xffff, 0xffff, 0xffff, 
	0xffff, 0xfffe, 0xe697, 0xd572, 0xcd92, 0xc4ad, 0xee75, 0xffff, 0xffff, 0xffff, 0xffff, 0xffff, 0xffff, 0xffff, 0xffff, 0xffff, 
	0xffff, 0xffff, 0xf73b, 0xcd72, 0xffff, 0xffff, 0xffff, 0xffff, 0xffff, 0xffff, 0xffff, 0xee97, 0xcd92, 0xffff, 0xffff, 0xffff, 
	0xffff, 0xffff, 0xffff, 0xffff, 0xffff, 0xffff, 0xffff, 0xd572, 0xe656, 0xffff, 0xffff, 0xffff, 0xffff, 0xffff, 0xffff, 0xe71c, 
	0x4a29, 0xbdb7, 0xffff, 0xffdf, 0x6b2d, 0xb596, 0xffff, 0xffff, 0xffff, 0xffff, 0xffff, 0xffff, 0xffff, 0xffff, 0xef5d, 0xce79, 
	0xbdf7, 0xbdf7, 0xd69a, 0xef7d, 0xffff, 0xffff, 0xffff, 0xffff, 0xffff, 0xffff, 0xffff, 0xffff, 0xffff, 0xffff, 0xd69a, 0xce39, 
	0x8c51, 0x738e, 0xffff, 0xffff, 0xffff, 0xffff, 0x73ae, 0x7bcf, 0xffff, 0xffff, 0xffff, 0xffff, 0xffff, 0xffff, 0xef5d, 0xce79, 
	0xa514, 0x7bef, 0x5aeb, 0x4a69, 0x528a, 0x526a, 0x9472, 0xffdf, 0xffff, 0xffff, 0xffff, 0xffff, 0xffff, 0xffff, 0xffff, 0xffff, 
	0xffff, 0xffff, 0xffff, 0xffff, 0xffff, 0xffff, 0xffff, 0xffff, 0xffff, 0xf7be, 0x8c71, 0x5acb, 0x736d, 0xdedb, 0xf79e, 0xffff, 
	0xffff, 0xffff, 0xffff, 0xffff, 0xffff, 0xffff, 0xffff, 0xffff, 0xffff, 0x9cd3, 0x5aeb, 0xffdf, 0xffff, 0xffff, 0xffff, 0x9492, 
	0x6b4d, 0xd69a, 0xc618, 0xffff, 0xffff, 0xffff, 0xffff, 0xffff, 0xffff, 0xffdf, 0xe71c, 0xce59, 0xbdd7, 0xc618, 0xdedb, 0xf79e, 
	0xffff, 0xffff, 0xffff, 0xffff, 0xffff, 0xffff, 0xffff, 0xffff, 0xffff, 0xffff, 0xffff, 0xe73c, 0x528a, 0xdedb, 0xffff, 0xef5d, 
	0x4a69, 0xa534, 0xffff, 0xffff, 0xffff, 0xffff, 0xffff, 0xff7b, 0xccef, 0xf79c, 0xffff, 0xffdf, 0xffff, 0xffff, 0xffff, 0xffff, 
	0xffff, 0xffff, 0xffff, 0xff9c, 0xcd10, 0xff9d, 0xfffe, 0xffff, 0xffff, 0xffff, 0xffff, 0xffff, 0xffbd, 0xcd10, 0xff7c, 0xffff, 
	0xffff, 0xffff, 0xffff, 0xffff, 0xffff, 0xffff, 0xffff, 0xffff, 0xfffe, 0xe656, 0xc44c, 0xeed8, 0xffff, 0xffff, 0xffff, 0xffff, 
	0xffff, 0xffff, 0xffff, 0xffde, 0xfffe, 0xcd51, 0xe698, 0xffff, 0xffff, 0xffff, 0xddf4, 0xd5d4, 0xffff, 0xffff, 0xffff, 0xffff, 
	0xffff, 0xffff, 0xffff, 0xffff, 0xffff, 0xe677, 0xc44c, 0xee96, 0xfffe, 0xffff, 0xffff, 0xffff, 0xffff, 0xffff, 0xffff, 0xffff, 
	0xffff, 0xffff, 0xff5b, 0xd531, 0xfffe, 0xffff, 0xffff, 0xffff, 0xffff, 0xffff, 0xffff, 0xffde, 0xcd30, 0xf75b, 0xffff, 0xffff, 
	0xffff, 0xffff, 0xffff, 0xffff, 0xfffe, 0xf7ff, 0xffff, 0xf75c, 0xccef, 0xff9c, 0xffff, 0xffff, 0xffff, 0xffff, 0xffff, 0x94b2, 
	0x52aa, 0xf79e, 0xffff, 0xd679, 0x528a, 0xf77d, 0xffff, 0xffff, 0xffff, 0xffff, 0xffff, 0xffff, 0xffff, 0xffff, 0xffff, 0xffff, 
	0xffff, 0xef5d, 0xce79, 0xbdf7, 0xbdf7, 0xd69a, 0xef7d, 0xffff, 0xffff, 0xffff, 0xffff, 0xffff, 0xffff, 0xffff, 0xbdd7, 0xd69a, 
	0x5acb, 0xa534, 0xffff, 0xffff, 0xffff, 0xf79e, 0x52aa, 0xad55, 0xffff, 0xffff, 0xffff, 0xffff, 0xffff, 0xffff, 0xffff, 0xffff, 
	0xffff, 0xffff, 0xffdf, 0xe71c, 0x632c, 0x632c, 0x9cd3, 0xffdf, 0xffff, 0xffff, 0xffff, 0xffff, 0xffff, 0xffff, 0xffff, 0xffff, 
	0xffff, 0xffff, 0xffff, 0xffff, 0xffff, 0xffff, 0xffff, 0xffff, 0xffff, 0xffff, 0xffff, 0xa514, 0x5acb, 0xffff, 0xffff, 0xffff, 
	0xffff, 0xffff, 0xffff, 0xffff, 0xffff, 0xffff, 0xffff, 0xffff, 0xffff, 0xce59, 0x4a49, 0xdedb, 0xffff, 0xffff, 0xffff, 0xc638, 
	0x4a49, 0xd69a, 0xb596, 0xffff, 0xffff, 0xffff, 0xffdf, 0xe71c, 0xce59, 0xbdd7, 0xc618, 0xdefb, 0xf7be, 0xffff, 0xffff, 0xffff, 
	0xffff, 0xffff, 0xffff, 0xffff, 0xffff, 0xffff, 0xffff, 0xffff, 0xffff, 0xffff, 0xffff, 0xffff, 0x7bcf, 0x9492, 0xffff, 0xffff, 
	0x8c71, 0x52ca, 0xf7be, 0xffff, 0xffdf, 0xffff, 0xffff, 0xd5b3, 0xde35, 0xffff, 0xfffe, 0xffff, 0xffff, 0xffff, 0xffff, 0xffff, 
	0xffff, 0xffff, 0xffff, 0xe655, 0xddd3, 0xffff, 0xffff, 0xffff, 0xffff, 0xffff, 0xffff, 0xffff, 0xff9c, 0xc530, 0xffbd, 0xf7ff, 
	0xffff, 0xffff, 0xffff, 0xffff, 0xffff, 0xffff, 0xffde, 0xe6fb, 0xcd93, 0xcc6c, 0xcc8b, 0xff7c, 0xffff, 0xffff, 0xffff, 0xffff, 
	0xffff, 0xffff, 0xffff, 0xffff, 0xffff, 0xf75b, 0xc510, 0xeeb8, 0xfffe, 0xe676, 0xc530, 0xff9d, 0xffff, 0xffff, 0xffff, 0xffff, 
	0xffff, 0xffff, 0xffff, 0xffff, 0xffff, 0xf73b, 0xcc6a, 0xc46c, 0xd5b3, 0xef1b, 0xffde, 0xffff, 0xffff, 0xffff, 0xffff, 0xffff, 
	0xffff, 0xffff, 0xffbc, 0xc530, 0xffbd, 0xffff, 0xffff, 0xffff, 0xffff, 0xffff, 0xffff, 0xffff, 0xe635, 0xddf4, 0xffff, 0xffff, 
	0xffff, 0xffff, 0xffff, 0xffff, 0xffff, 0xffff, 0xffff, 0xffff, 0xddf5, 0xddd3, 0xffff, 0xffff, 0xffff, 0xffff, 0xf79d, 0x5269, 
	0x9cf3, 0xffff, 0xffff, 0x8410, 0x8c51, 0xffff, 0xffff, 0xffff, 0xffff, 0xffff, 0xffff, 0xffff, 0xffff, 0xffff, 0xffff, 0xffff, 
	0xffff, 0xffff, 0xffff, 0xffff, 0xef7d, 0xd69a, 0xbdf7, 0xbdf7, 0xd69a, 0xef5d, 0xffff, 0xffff, 0xffff, 0xffdf, 0xb596, 0xce59, 
	0x4228, 0xd69a, 0xffff, 0xffff, 0xffff, 0xce59, 0x4228, 0xdedb, 0xffff, 0xffff, 0xffff, 0xffff, 0xffff, 0xffff, 0xffff, 0xffff, 
	0xffff, 0xffff, 0xffff, 0xf7be, 0x528a, 0xb5b6, 0xffff, 0xffff, 0xffff, 0xffff, 0xffff, 0xffff, 0xffdf, 0xffff, 0xffff, 0xffff, 
	0xffff, 0xffff, 0xffff, 0xffff, 0xffff, 0xffff, 0xffff, 0xffff, 0xffff, 0xffff, 0xffff, 0xce59, 0x4a29, 0xdedb, 0xffff, 0xffff, 
	0xffff, 0xffff, 0xffff, 0xffff, 0xffff, 0xffff, 0xffff, 0xffff, 0xffff, 0xef7d, 0x528a, 0xad75, 0xffff, 0xffff, 0xffff, 0xef7d, 
	0x4a69, 0xb5b6, 0xbdd7, 0xe73c, 0xe71c, 0xc638, 0xbdd7, 0xc638, 0xdefb, 0xf7be, 0xffff, 0xffff, 0xffff, 0xffff, 0xffff, 0xffff, 
	0xffff, 0xffff, 0xffff, 0xffff, 0xffff, 0xffff, 0xffff, 0xffff, 0xffff, 0xffff, 0xf7be, 0xd6ba, 0xa4f4, 0x5acb, 0xf77e, 0xffff, 
	0xdefb, 0x4228, 0xb596, 0xffff, 0xffff, 0xffff, 0xeefa, 0xc531, 0xffde, 0xffdf, 0xffff, 0xffff, 0xffff, 0xffff, 0xffff, 0xffff, 
	0xffff, 0xffff, 0xffde, 0xcd51, 0xf73b, 0xffff, 0xffff, 0xffff, 0xffff, 0xffff, 0xffff, 0xffff, 0xf73b, 0xd571, 0xffdc, 0xffbd, 
	0xf79b, 0xf75b, 0xef1a, 0xeed8, 0xe676, 0xd5d4, 0xcd31, 0xcd51, 0xe635, 0xd50f, 0xd4ee, 0xf79c, 0xffff, 0xfffe, 0xfffe, 0xfffe, 
	0xffff, 0xffff, 0xffff, 0xf7ff, 0xffff, 0xffff, 0xf71a, 0xcd51, 0xc531, 0xcd71, 0xff7c, 0xffff, 0xffff, 0xffff, 0xffff, 0xffff, 
	0xffff, 0xffff, 0xfffe, 0xffff, 0xffff, 0xf77c, 0xdd2e, 0xd52f, 0xe614, 0xcd51, 0xcd31, 0xd5d4, 0xe677, 0xeed9, 0xf73a, 0xf77c, 
	0xf79c, 0xf79c, 0xffdc, 0xd591, 0xf73a, 0xffff, 0xffff, 0xffff, 0xffff, 0xffff, 0xffff, 0xffff, 0xff9c, 0xc510, 0xffbd, 0xffff, 
	0xffff, 0xffff, 0xffff, 0xffff, 0xffff, 0xffff, 0xffff, 0xffff, 0xffbe, 0xcd10, 0xf73b, 0xffff, 0xffff, 0xffff, 0xad54, 0x4a49, 
	0xe73c, 0xffff, 0xe73c, 0x528a, 0xad55, 0xdefb, 0xf7be, 0xffff, 0xffff, 0xffff, 0xffff, 0xffff, 0xffff, 0xffff, 0xffff, 0xffff, 
	0xffff, 0xffff, 0xffff, 0xffff, 0xffff, 0xffff, 0xffff, 0xef7d, 0xd6ba, 0xc618, 0xbdf7, 0xce79, 0xef5d, 0xe71c, 0xbdf7, 0xa514, 
	0x5acb, 0xf7be, 0xffff, 0xffff, 0xffff, 0x9cf3, 0x5acb, 0xffdf, 0xffff, 0xffff, 0xffff, 0xffff, 0xffff, 0xffff, 0xffff, 0xffff, 
	0xffff, 0xffff, 0xffff, 0xce79, 0x4a28, 0xdedb, 0xffff, 0xffff, 0xffff, 0xffff, 0xffff, 0xffff, 0xf7be, 0xffff, 0xffff, 0xffff, 
	0xffff, 0xffff, 0xffff, 0xffff, 0xffff, 0xffff, 0xffff, 0xffff, 0xffff, 0xffff, 0xffff, 0xef7d, 0x526a, 0xb596, 0xffff, 0xffff, 
	0xffff, 0xffff, 0xffff, 0xffff, 0xffff, 0xffff, 0xffff, 0xffff, 0xffff, 0xffff, 0x73ae, 0x7bcf, 0xffff, 0xffff, 0xffff, 0xffff, 
	0x7bcf, 0x7bef, 0xce79, 0xa514, 0xce59, 0xdefb, 0xf7be, 0xffff, 0xffff, 0xffff, 0xffff, 0xffff, 0xffff, 0xffff, 0xffff, 0xffff, 
	0xffff, 0xffff, 0xffff, 0xffff, 0xffff, 0xffff, 0xffff, 0xffff, 0xef5d, 0xb596, 0xa514, 0xc618, 0xf79e, 0x6b2d, 0xa534, 0xffff, 
	0xffff, 0x8c10, 0x5aeb, 0xf7df, 0xffff, 0xffdd, 0xc552, 0xe6d9, 0xffff, 0xfffe, 0xf7ff, 0xffff, 0xffff, 0xffff, 0xffff, 0xffff, 
	0xffff, 0xffff, 0xeed8, 0xcd72, 0xffff, 0xffff, 0xffff, 0xffff, 0xffff, 0xffff, 0xffff, 0xffff, 0xe677, 0xcccf, 0xd592, 0xc531, 
	0xcd30, 0xcd52, 0xcd72, 0xd5b2, 0xde15, 0xe697, 0xf75b, 0xfffe, 0xd5b3, 0xde35, 0xd592, 0xf79d, 0xffff, 0xffff, 0xffff, 0xffff, 
	0xffff, 0xffff, 0xffff, 0xfffe, 0xfffe, 0xffff, 0xffff, 0xff5a, 0xccac, 0xff9b, 0xffff, 0xffff, 0xffff, 0xffff, 0xffff, 0xffff, 
	0xffff, 0xffff, 0xffff, 0xffff, 0xffff, 0xf75c, 0xd592, 0xe676, 0xd592, 0xfffe, 0xf75b, 0xe677, 0xddf5, 0xd592, 0xcd72, 0xcd53, 
	0xcd51, 0xcd31, 0xd571, 0xc4ce, 0xe635, 0xffdd, 0xfffe, 0xffff, 0xffff, 0xffff, 0xffff, 0xffff, 0xffff, 0xd5b4, 0xe676, 0xffff, 
	0xffff, 0xffff, 0xffff, 0xffff, 0xffff, 0xffff, 0xf7ff, 0xffde, 0xffff, 0xe698, 0xc573, 0xffde, 0xffff, 0xf79e, 0x52aa, 0x9492, 
	0xffff, 0xffff, 0x94b2, 0x738e, 0xf79e, 0xce79, 0xc638, 0xdefb, 0xf79e, 0xffff, 0xffff, 0xffff, 0xffff, 0xffff, 0xffff, 0xffff, 
	0xffff, 0xffff, 0xffff, 0xffff, 0xffff, 0xffff, 0xffff, 0xffff, 0xffff, 0xffff, 0xef7d, 0xd6ba, 0xce38, 0x9cd3, 0xd6ba, 0x6b6d, 
	0x8c51, 0xffff, 0xffff, 0xffff, 0xffff, 0x6b4d, 0x8430, 0xffff, 0xffff, 0xffff, 0xffff, 0xffff, 0xffff, 0xffff, 0xffff, 0xffff, 
	0xffff, 0xffff, 0xffff, 0xa514, 0x5acb, 0xf7be, 0xffff, 0xffff, 0xffff, 0xffff, 0xffff, 0xffff, 0xf7be, 0xffff, 0xffff, 0xffff, 
	0xffff, 0xffff, 0xffff, 0xffff, 0xffff, 0xffff, 0xffff, 0xffff, 0xffff, 0xffff, 0xffff, 0xffff, 0x6b6d, 0x8410, 0xffff, 0xffff, 
	0xffff, 0xffff, 0xffff, 0xffff, 0xffff, 0xffff, 0xffff, 0xffff, 0xffff, 0xffff, 0xad55, 0x528a, 0xf79e, 0xffff, 0xffff, 0xffff, 
	0xb596, 0x528a, 0xd6ba, 0xb5b6, 0xffff, 0xffff, 0xffff, 0xffff, 0xffff, 0xffff, 0xffff, 0xffff, 0xffff, 0xffff, 0xffff, 0xffff, 
	0xffff, 0xffff, 0xffff, 0xffff, 0xffff, 0xffff, 0xef5d, 0xd6ba, 0x738e, 0x0000, 0x0841, 0x6b4d, 0xffff, 0xbdf7, 0x5acb, 0xf7be, 
	0xffff, 0xdedb, 0x4228, 0xadb6, 0xffff, 0xe677, 0xd5b3, 0xffff, 0xffff, 0xffff, 0xffff, 0xffff, 0xffff, 0xffff, 0xffff, 0xffff, 
	0xffff, 0xffff, 0xcdb2, 0xeef9, 0xffff, 0xffdd, 0xf77c, 0xf71a, 0xeeb7, 0xde36, 0xddb3, 0xcd72, 0xccce, 0xde15, 0xef1a, 0xff9d, 
	0xffde, 0xfffe, 0xffff, 0xffff, 0xffff, 0xffff, 0xffff, 0xeef9, 0xcd31, 0xfffd, 0xd552, 0xf71b, 0xffff, 0xffff, 0xffff, 0xffff, 
	0xffff, 0xffff, 0xffff, 0xffff, 0xffff, 0xf7ff, 0xffff, 0xeeb7, 0xc42a, 0xf6f8, 0xffff, 0xf7ff, 0xfffe, 0xfffe, 0xffff, 0xffff, 
	0xffff, 0xffff, 0xffff, 0xffff, 0xffff, 0xeed9, 0xcd92, 0xfffe, 0xc551, 0xeef9, 0xffff, 0xffff, 0xffff, 0xffff, 0xffff, 0xffff, 
	0xffde, 0xff9d, 0xf75b, 0xe678, 0xccce, 0xc54f, 0xd551, 0xd5b3, 0xde14, 0xe697, 0xeefa, 0xff5b, 0xffbd, 0xf719, 0xcd71, 0xffff, 
	0xffff, 0xffff, 0xffff, 0xffff, 0xffff, 0xffff, 0xffff, 0xffff, 0xffff, 0xffff, 0xcd93, 0xe698, 0xffff, 0xa555, 0x4a48, 0xe73c, 
	0xffff, 0xef7d, 0x52aa, 0xce59, 0xffff, 0xf7be, 0x8c71, 0x52aa, 0xce59, 0xce59, 0xef5d, 0xffff, 0xffff, 0xffff, 0xffff, 0xffff, 
	0xffff, 0xffff, 0xffff, 0xffff, 0xffff, 0xffff, 0xffff, 0xffff, 0xffff, 0xffff, 0xffff, 0xffff, 0xffff, 0xb576, 0xd69a, 0x4a49, 
	0xc638, 0xffff, 0xffdf, 0xffff, 0xef3c, 0x4a49, 0xbdf7, 0xffff, 0xffff, 0xffff, 0xffff, 0xffff, 0xffff, 0xffff, 0xffff, 0xffff, 
	0xffff, 0xffff, 0xffff, 0x738e, 0x8410, 0xffff, 0xffff, 0xffff, 0xffff, 0xffff, 0xffff, 0xffff, 0xffdf, 0xffff, 0xffff, 0xffff, 
	0xffff, 0xffff, 0xffff, 0xffff, 0xffff, 0xffff, 0xffff, 0xffff, 0xffff, 0xffff, 0xffff, 0xffff, 0xa514, 0x52aa, 0xf7be, 0xffff, 
	0xffff, 0xffff, 0xffff, 0xffff, 0xffff, 0xffff, 0xffff, 0xffff, 0xffff, 0xffff, 0xef5d, 0x528a, 0xad55, 0xf79e, 0xffff, 0xffff, 
	0xe73c, 0x4a29, 0xbdd7, 0xb5b6, 0xef7d, 0xffff, 0xffff, 0xffff, 0xffff, 0xffff, 0xffff, 0xffff, 0xffff, 0xffff, 0xffff, 0xffff, 
	0xffff, 0xffff, 0xffff, 0xf7be, 0xdefb, 0xd69a, 0xa534, 0x4a69, 0x0841, 0x0000, 0x0000, 0x9cf3, 0xffff, 0xffff, 0x630c, 0xad75, 
	0xffff, 0xffff, 0x94b2, 0x5aeb, 0xef3b, 0xbcd0, 0xe5f3, 0xe697, 0xe697, 0xe677, 0xe677, 0xe677, 0xe676, 0xe677, 0xe677, 0xe677, 
	0xe676, 0xe655, 0xccad, 0xddb2, 0xcd72, 0xcd31, 0xcd51, 0xd553, 0xddb3, 0xe636, 0xee96, 0xeed6, 0xcd2e, 0xffdd, 0xffff, 0xffff, 
	0xffff, 0xffff, 0xffff, 0xffff, 0xffff, 0xffff, 0xffde, 0xc510, 0xeef9, 0xffff, 0xd5b4, 0xe657, 0xffff, 0xffff, 0xffff, 0xffff, 
	0xffff, 0xffff, 0xffff, 0xffff, 0xffff, 0xffff, 0xffff, 0xd551, 0xcc2a, 0xd592, 0xffff, 0xfffd, 0xf7ff, 0xffff, 0xffff, 0xffff, 
	0xffff, 0xffff, 0xffff, 0xffff, 0xffff, 0xde15, 0xde15, 0xffff, 0xeef9, 0xc531, 0xffde, 0xffff, 0xffff, 0xffff, 0xffff, 0xffff, 
	0xffff, 0xffff, 0xffff, 0xffff, 0xd551, 0xeef8, 0xf73a, 0xeed9, 0xde76, 0xddf4, 0xd592, 0xcd52, 0xc552, 0xcd71, 0xccac, 0xddf3, 
	0xde14, 0xde15, 0xde15, 0xde35, 0xde35, 0xde57, 0xe657, 0xe657, 0xe677, 0xe677, 0xddb2, 0xbcf0, 0xef1b, 0x52aa, 0xa534, 0xffff, 
	0xffff, 0x9cf3, 0x6b6d, 0xffff, 0xd69a, 0x2124, 0x0000, 0x0841, 0xa534, 0xe71c, 0xc638, 0xc618, 0xe71c, 0xffff, 0xffff, 0xffff, 
	0xffff, 0xffff, 0xffff, 0xffff, 0xffff, 0xffff, 0xffff, 0xffff, 0xffff, 0xffff, 0xffff, 0xffff, 0xef3d, 0xbdd7, 0xad55, 0x526a, 
	0xf77e, 0xffff, 0xffff, 0xe71c, 0x94b2, 0x52aa, 0xf7be, 0xffff, 0xffff, 0xffff, 0xffff, 0xffff, 0xffff, 0xffff, 0xffff, 0xffff, 
	0xffff, 0xffff, 0xef7d, 0x4a69, 0xb596, 0xffff, 0xffff, 0xffff, 0xffff, 0xffff, 0xffff, 0xffdf, 0xffff, 0xffff, 0xffff, 0xffff, 
	0xffff, 0xffff, 0xffff, 0xffff, 0xffff, 0xffff, 0xffff, 0xffff, 0xffff, 0xffff, 0xffff, 0xffff, 0xd69a, 0x4228, 0xd6ba, 0xffff, 
	0xffff, 0xffff, 0xffff, 0xffff, 0xffff, 0xffff, 0xffff, 0xffff, 0xffdf, 0xdedb, 0x9cf3, 0x52aa, 0x4228, 0xad75, 0xffff, 0xffff, 
	0xffff, 0x738e, 0x8410, 0xce59, 0xce59, 0xffff, 0xffff, 0xffff, 0xffff, 0xffff, 0xffff, 0xffff, 0xffff, 0xffff, 0xffff, 0xffff, 
	0xffff, 0xf79e, 0xd69a, 0xce79, 0xbdf7, 0x6b6d, 0x1082, 0x0000, 0x0000, 0x4a69, 0x52aa, 0x94b2, 0xc618, 0xe71c, 0xbdf7, 0x630c, 
	0xc618, 0x7bef, 0x9cd3, 0x4a49, 0x9c91, 0xde77, 0xddf4, 0xd5f4, 0xd5f4, 0xd5f4, 0xd5f4, 0xd5f4, 0xd5f4, 0xd5f4, 0xd5f4, 0xd5f5, 
	0xddf3, 0xccee, 0xddb2, 0xeed8, 0xf73b, 0xff7c, 0xffde, 0xffff, 0xffff, 0xffff, 0xffff, 0xf73b, 0xcd52, 0xffff, 0xffff, 0xffff, 
	0xffff, 0xffff, 0xffff, 0xffff, 0xffff, 0xffff, 0xe655, 0xd5b3, 0xffff, 0xffff, 0xeed9, 0xd552, 0xffff, 0xffff, 0xffff, 0xffff, 
	0xffff, 0xffff, 0xffff, 0xf7ff, 0xfffe, 0xffff, 0xe697, 0xd550, 0xdd71, 0xccee, 0xeed9, 0xfffe, 0xffff, 0xffff, 0xffff, 0xffff, 
	0xffff, 0xffff, 0xffff, 0xffff, 0xffff, 0xcd50, 0xf73a, 0xffff, 0xffff, 0xd592, 0xe656, 0xffff, 0xffff, 0xffff, 0xffff, 0xffff, 
	0xffff, 0xffff, 0xffff, 0xffff, 0xd5b3, 0xeed8, 0xffff, 0xffff, 0xffff, 0xffff, 0xfffe, 0xfffe, 0xff9d, 0xf75b, 0xde15, 0xcd0f, 
	0xe655, 0xde36, 0xde36, 0xde35, 0xde15, 0xde15, 0xddf4, 0xd5f4, 0xd5f4, 0xd5f4, 0xd5f5, 0xde77, 0x9430, 0x4a69, 0x8c71, 0x8410, 
	0xdefb, 0x52aa, 0xce59, 0xffff, 0xe71c, 0x1082, 0x0000, 0x0000, 0x0000, 0x52aa, 0xce79, 0xef7d, 0xce59, 0xbdf7, 0xdedb, 0xffdf, 
	0xffff, 0xffff, 0xffff, 0xffff, 0xffff, 0xffff, 0xffff, 0xffff, 0xffff, 0xffff, 0xffff, 0xffff, 0xc618, 0xd69a, 0x736e, 0x8410, 
	0xffff, 0xffdf, 0xffff, 0x9cd3, 0x4228, 0x52aa, 0x94b2, 0xce79, 0xffdf, 0xffff, 0xffff, 0xffff, 0xffff, 0xffff, 0xffff, 0xffff, 
	0xffff, 0xffff, 0xc638, 0x4228, 0xe71c, 0xffff, 0xffff, 0xffff, 0xffff, 0xffff, 0xffff, 0xf7be, 0xffff, 0xffff, 0xffff, 0xffff, 
	0xffff, 0xffff, 0xffff, 0xffff, 0xffff, 0xffff, 0xffff, 0xffff, 0xffff, 0xffff, 0xffff, 0xffff, 0xf7be, 0x52aa, 0xa514, 0xffff, 
	0xffff, 0xffff, 0xffff, 0xffff, 0xffff, 0xffdf, 0xd69a, 0x9cd3, 0x630c, 0x4228, 0x5aeb, 0x738e, 0x5acb, 0xef5d, 0xffff, 0xffff, 
	0xffff, 0xb596, 0x4a69, 0xd69a, 0xb596, 0xffff, 0xffff, 0xffff, 0xffff, 0xffff, 0xffff, 0xffff, 0xffff, 0xffff, 0xffdf, 0xef5d, 
	0xce59, 0xce59, 0xce59, 0x8430, 0x2124, 0x0000, 0x0000, 0x31a6, 0xb5b6, 0xffdf, 0x73ae, 0x0000, 0x0000, 0x7bef, 0xffff, 0x7bcf, 
	0x5acb, 0x4a69, 0x5289, 0x5acb, 0x52ab, 0xe75d, 0xffff, 0xffff, 0xffff, 0xffff, 0xffff, 0xffff, 0xffff, 0xffff, 0xffff, 0xffff, 
	0xfffe, 0xcd92, 0xf77c, 0xffff, 0xffff, 0xffff, 0xffff, 0xffff, 0xffff, 0xf7ff, 0xffff, 0xee98, 0xddb3, 0xffff, 0xffff, 0xffff, 
	0xffff, 0xffff, 0xffff, 0xffff, 0xffff, 0xf77c, 0xccce, 0xf77c, 0xffff, 0xffff, 0xffde, 0xcd31, 0xf73b, 0xffff, 0xffff, 0xffff, 
	0xffff, 0xffff, 0xffff, 0xfffd, 0xffff, 0xf73a, 0xc4ef, 0xf73a, 0xd592, 0xee97, 0xc4ef, 0xf75b, 0xffff, 0xffde, 0xffff, 0xffff, 
	0xffff, 0xffff, 0xffff, 0xffff, 0xef1a, 0xcd51, 0xfffe, 0xffff, 0xffff, 0xf75b, 0xccee, 0xff9d, 0xffff, 0xffff, 0xffff, 0xffff, 
	0xffff, 0xffff, 0xffff, 0xffff, 0xde15, 0xe657, 0xffff, 0xffff, 0xffff, 0xfffe, 0xffdf, 0xffff, 0xffff, 0xffff, 0xf75a, 0xcd92, 
	0xfffe, 0xffff, 0xffff, 0xffff, 0xffff, 0xffff, 0xffff, 0xffff, 0xffff, 0xffff, 0xffff, 0xdefb, 0x4a8a, 0x52aa, 0x5269, 0x528a, 
	0x6b6d, 0x8410, 0xffff, 0xffff, 0xffff, 0x738e, 0x0000, 0x0000, 0x0000, 0x0000, 0x0841, 0x73ae, 0xef5d, 0xf7be, 0xce59, 0xbdd7, 
	0xd69a, 0xf79e, 0xffff, 0xffff, 0xffff, 0xffff, 0xffff, 0xffff, 0xffff, 0xffff, 0xffff, 0xffff, 0xb596, 0xd679, 0x4a28, 0xc638, 
	0xffff, 0xffdf, 0xffff, 0xe71c, 0x528a, 0x7bef, 0x630c, 0x4228, 0x5aeb, 0x8c71, 0xce79, 0xf7be, 0xffff, 0xffff, 0xffff, 0xffff, 
	0xffff, 0xffff, 0x9492, 0x630c, 0xffdf, 0xffff, 0xffff, 0xffff, 0xffff, 0xffff, 0xffff, 0xffdf, 0xffff, 0xffff, 0xffff, 0xffff, 
	0xffff, 0xffff, 0xffff, 0xffff, 0xffff, 0xffff, 0xffff, 0xffff, 0xffff, 0xffff, 0xffff, 0xffff, 0xffff, 0x8430, 0x6b4d, 0xffff, 
	0xffff, 0xffff, 0xf7be, 0xd69a, 0x94b2, 0x630c, 0x4228, 0x5acb, 0x8c71, 0xc638, 0xf7be, 0xe71c, 0x4a49, 0xc638, 0xffff, 0xffff, 
	0xffff, 0xef5d, 0x4a69, 0xb576, 0xbdd7, 0xef5d, 0xffff, 0xffff, 0xffff, 0xffff, 0xffff, 0xffff, 0xffff, 0xe71c, 0xc618, 0xce59, 
	0xdedb, 0xa514, 0x3186, 0x0000, 0x0000, 0x2124, 0xa514, 0xffdf, 0xbdd7, 0x39c7, 0x0000, 0x0000, 0x0000, 0xce59, 0xffdf, 0xad55, 
	0x4a49, 0x52aa, 0x4a28, 0xb596, 0x632c, 0x7bef, 0xffff, 0xffff, 0xffff, 0xffff, 0xffff, 0xffff, 0xffff, 0xffff, 0xffff, 0xffff, 
	0xf75b, 0xcd50, 0xffdc, 0xffff, 0xffff, 0xffff, 0xffff, 0xf7ff, 0xffdf, 0xfffe, 0xffff, 0xe636, 0xde14, 0xffff, 0xffff, 0xffff, 
	0xffff, 0xffff, 0xffff, 0xffff, 0xffff, 0xd5b3, 0xe636, 0xffff, 0xffff, 0xffff, 0xffff, 0xe616, 0xddb4, 0xffff, 0xffff, 0xffff, 
	0xffff, 0xffff, 0xffff, 0xffff, 0xef19, 0xc4f0, 0xeef9, 0xfffe, 0xc571, 0xff9c, 0xe6b8, 0xc4f0, 0xf73b, 0xffff, 0xffff, 0xffff, 
	0xffff, 0xffff, 0xffff, 0xffff, 0xd572, 0xe676, 0xffff, 0xf7ff, 0xffff, 0xffff, 0xddf4, 0xddf3, 0xffff, 0xffff, 0xffff, 0xffff, 
	0xffff, 0xffff, 0xffff, 0xffff, 0xee76, 0xe5b4, 0xffff, 0xfffe, 0xf7ff, 0xffff, 0xffff, 0xffff, 0xffff, 0xffff, 0xffde, 0xcd50, 
	0xf75b, 0xffff, 0xffff, 0xfffe, 0xffff, 0xffff, 0xffff, 0xffff, 0xffff, 0xffff, 0xffdf, 0x6b6d, 0x738e, 0x8430, 0x4a28, 0x52aa, 
	0x4a49, 0xbdf7, 0xffff, 0xf7be, 0xc638, 0xdedb, 0xce59, 0x9cf3, 0x2104, 0x0000, 0x0000, 0x0000, 0x18e3, 0x94b2, 0xffff, 0xffff, 
	0xce79, 0xbdd7, 0xc638, 0xef5d, 0xffff, 0xffff, 0xffff, 0xffff, 0xffff, 0xffff, 0xffff, 0xdefb, 0xc618, 0xa4f4, 0x5aab, 0xf7be, 
	0xffff, 0xffff, 0xffff, 0xb596, 0x4a69, 0xef7d, 0xffdf, 0xce79, 0x94b2, 0x5aeb, 0x4228, 0x5acb, 0x8c71, 0xc638, 0xf7be, 0xffff, 
	0xffff, 0xffdf, 0x5acb, 0x9cd3, 0xffff, 0xffff, 0xffff, 0xffff, 0xffff, 0xffff, 0xffff, 0xffff, 0xffff, 0xffff, 0xffff, 0xffff, 
	0xffff, 0xffff, 0xffff, 0xffff, 0xffff, 0xffff, 0xffff, 0xffff, 0xffff, 0xffff, 0xffff, 0xffff, 0xffff, 0xc618, 0x4a49, 0xdefb, 
	0xce79, 0x9492, 0x5aeb, 0x4228, 0x5aeb, 0x9492, 0xce79, 0xf7be, 0xffff, 0xffff, 0xffff, 0xffff, 0x6b6d, 0x8410, 0xffff, 0xffff, 
	0xffff, 0xffff, 0x8410, 0x6b6d, 0xd69a, 0xc618, 0xffff, 0xffff, 0xffff, 0xffff, 0xffdf, 0xdedb, 0xbdd7, 0xce59, 0xef5d, 0xbdd7, 
	0x4208, 0x0000, 0x0000, 0x10a2, 0x8430, 0xf79e, 0xce79, 0x4a69, 0x0000, 0x0000, 0x1082, 0x738e, 0x6b4d, 0x8c71, 0x8c71, 0xce59, 
	0x8c71, 0x5acb, 0x8410, 0xef5c, 0xce58, 0x41e7, 0xbdd7, 0xffff, 0xffff, 0xffff, 0xffff, 0xffff, 0xffff, 0xfffe, 0xffff, 0xffff, 
	0xe656, 0xd5d3, 0xffff, 0xf7ff, 0xffff, 0xffff, 0xffff, 0xffff, 0xffff, 0xfffe, 0xffff, 0xddd4, 0xee98, 0xffff, 0xffff, 0xffff, 
	0xffff, 0xffff, 0xffff, 0xffff, 0xeef8, 0xcd30, 0xffdf, 0xffff, 0xffff, 0xffff, 0xffff, 0xff9d, 0xcd10, 0xf79d, 0xffff, 0xffff, 
	0xfffe, 0xffff, 0xffff, 0xe677, 0xc4ef, 0xf6f9, 0xffff, 0xffdc, 0xcd51, 0xff5c, 0xffff, 0xeeb7, 0xc4ef, 0xe6d9, 0xffff, 0xffff, 
	0xffff, 0xffff, 0xffff, 0xf75b, 0xcd10, 0xffdd, 0xffff, 0xffff, 0xffff, 0xffff, 0xffde, 0xcd10, 0xff3a, 0xffff, 0xffff, 0xffff, 
	0xffff, 0xffff, 0xffff, 0xffff, 0xeef9, 0xd593, 0xffff, 0xfffe, 0xf7ff, 0xffff, 0xffff, 0xffff, 0xffff, 0xffff, 0xffff, 0xd5d3, 
	0xe677, 0xffff, 0xffff, 0xffff, 0xffff, 0xffff, 0xffff, 0xffff, 0xffff, 0xffff, 0xad75, 0x4207, 0xdeda, 0xce38, 0x8c51, 0x5acb, 
	0x94b2, 0xd69a, 0x8410, 0x39c7, 0x0020, 0xd69a, 0xffff, 0xffff, 0xef5d, 0x73ae, 0x0861, 0x0000, 0x0000, 0x0000, 0x31a6, 0xb5b6, 
	0xffff, 0xffff, 0xdedb, 0xbdf7, 0xc618, 0xe73c, 0xffff, 0xffff, 0xffff, 0xffff, 0xffff, 0xbdb7, 0xd6ba, 0x5aeb, 0x94b2, 0xffff, 
	0xffff, 0xffff, 0xffff, 0x736d, 0x7bcf, 0xffff, 0xffff, 0xffff, 0xffff, 0xffdf, 0xd6ba, 0x9cd3, 0x630c, 0x4228, 0x52aa, 0x8c51, 
	0xce59, 0xce79, 0x4a49, 0xd69a, 0xffff, 0xffff, 0xffff, 0xffff, 0xffff, 0xffff, 0xffff, 0xffff, 0xffff, 0xffff, 0xffff, 0xffff, 
	0xffff, 0xffff, 0xffff, 0xffff, 0xffff, 0xffff, 0xffff, 0xffff, 0xffff, 0xffff, 0xffff, 0xffff, 0xffff, 0xbdf7, 0x528a, 0x5acb, 
	0x4a49, 0x5aeb, 0x94b2, 0xd69a, 0xffdf, 0xffff, 0xffff, 0xffff, 0xffff, 0xffff, 0xffff, 0xffff, 0xad55, 0x4a69, 0xef7d, 0xffff, 
	0xffff, 0xffff, 0xce59, 0x4228, 0xce79, 0xad75, 0xffdf, 0xffff, 0xf79e, 0xce79, 0xbdf7, 0xd6ba, 0xf7be, 0xce79, 0x52aa, 0x0000, 
	0x0000, 0x0841, 0x6b6d, 0xef5d, 0xe71c, 0x630c, 0x0020, 0x0000, 0x0020, 0x630c, 0xdefb, 0xe73c, 0x52aa, 0x0000, 0x0000, 0x9492, 
	0xef7d, 0x52aa, 0xce79, 0xffff, 0xffff, 0x8c51, 0x526a, 0xef5d, 0xffff, 0xffff, 0xffff, 0xffff, 0xf7ff, 0xfffe, 0xffff, 0xffff, 
	0xdd91, 0xeed8, 0xffff, 0xffff, 0xffff, 0xffff, 0xffff, 0xffff, 0xffff, 0xffff, 0xffff, 0xd572, 0xf71a, 0xffff, 0xffff, 0xffff, 
	0xffff, 0xffff, 0xffff, 0xf75a, 0xccef, 0xeed7, 0xffff, 0xffff, 0xffff, 0xfffe, 0xffff, 0xffff, 0xde14, 0xd5f5, 0xffff, 0xfffe, 
	0xffff, 0xf79d, 0xd592, 0xcd50, 0xf77b, 0xffff, 0xffff, 0xfffe, 0xd530, 0xff7c, 0xffff, 0xffff, 0xf73a, 0xcd30, 0xddb3, 0xffbe, 
	0xffff, 0xffde, 0xfffe, 0xd5d4, 0xe655, 0xffff, 0xffff, 0xffff, 0xffff, 0xffff, 0xffff, 0xe697, 0xc510, 0xe6d9, 0xffde, 0xffff, 
	0xffff, 0xffff, 0xffff, 0xffff, 0xf75b, 0xcd71, 0xfffe, 0xffff, 0xffff, 0xffff, 0xffff, 0xffff, 0xffff, 0xffff, 0xffff, 0xeeb8, 
	0xd5b3, 0xffff, 0xffff, 0xffff, 0xffff, 0xffff, 0xffff, 0xffff, 0xffff, 0xdefb, 0x4a49, 0x9cb3, 0xffff, 0xffff, 0xc638, 0x5acb, 
	0xf79e, 0xe71c, 0x0000, 0x0000, 0x0000, 0x2104, 0x9cf3, 0xffff, 0xffff, 0xffff, 0xd69a, 0x52aa, 0x0000, 0x0000, 0x0000, 0x0000, 
	0x52aa, 0xd69a, 0xffff, 0xffff, 0xe71c, 0xbdf7, 0xbdd7, 0xdedb, 0xf7be, 0xffff, 0xf79e, 0xb596, 0xc638, 0x4228, 0xdedb, 0xffff, 
	0xffff, 0xffff, 0xdefb, 0x4228, 0xbdd7, 0xffff, 0xffff, 0xffff, 0xffff, 0xffff, 0xffff, 0xffff, 0xffff, 0xdedb, 0x9cf3, 0x630c, 
	0x4a49, 0x52aa, 0x52aa, 0xc618, 0xffff, 0xffff, 0xffff, 0xffff, 0xffff, 0xffff, 0xffff, 0xffff, 0xffff, 0xffff, 0xffff, 0xffff, 
	0xffff, 0xffff, 0xffff, 0xffff, 0xffff, 0xffff, 0xffff, 0xffff, 0xffff, 0xffff, 0xffff, 0xffff, 0xf7be, 0x632c, 0x528a, 0x632c, 
	0xd6ba, 0xffdf, 0xffff, 0xffff, 0xffff, 0xffff, 0xffff, 0xffff, 0xffff, 0xffff, 0xffff, 0xffff, 0xe73c, 0x4a69, 0xad75, 0xffff, 
	0xffff, 0xffff, 0xffdf, 0x630c, 0x8c71, 0xce59, 0xc638, 0xce79, 0xbdd7, 0xd69a, 0xce79, 0xa534, 0x632c, 0x0020, 0x0000, 0x0000, 
	0x5acb, 0xdedb, 0xef7d, 0x7bcf, 0x0861, 0x0000, 0x0000, 0x4a49, 0xce79, 0xf79e, 0x8c51, 0x10a2, 0x0000, 0x0000, 0x0000, 0xc638, 
	0xffff, 0xad35, 0x5acb, 0xf79e, 0xffff, 0xf77e, 0x5aaa, 0x7bcf, 0xffff, 0xffff, 0xffff, 0xffff, 0xffff, 0xffff, 0xffff, 0xffbe, 
	0xcd31, 0xff9c, 0xffff, 0xffff, 0xffff, 0xffff, 0xffff, 0xffff, 0xffff, 0xffff, 0xffde, 0xcd51, 0xff7b, 0xffff, 0xffff, 0xffff, 
	0xfffe, 0xeed8, 0xcd72, 0xc551, 0xcd0f, 0xeed7, 0xffff, 0xffff, 0xffff, 0xffff, 0xffff, 0xffff, 0xff7c, 0xc510, 0xff7b, 0xffff, 
	0xe6d9, 0xccee, 0xde35, 0xfffe, 0xffff, 0xffff, 0xffff, 0xf7fe, 0xcd51, 0xf77c, 0xffff, 0xffff, 0xffff, 0xffdd, 0xddf4, 0xd4ef, 
	0xeef9, 0xffff, 0xff5b, 0xcd10, 0xff9c, 0xffff, 0xffff, 0xffff, 0xffff, 0xffff, 0xffff, 0xf71a, 0xcd10, 0xcd93, 0xc510, 0xde36, 
	0xf79d, 0xffff, 0xffff, 0xffff, 0xffbd, 0xc551, 0xffbd, 0xffff, 0xffff, 0xffff, 0xffff, 0xffff, 0xffff, 0xffff, 0xffff, 0xff7b, 
	0xcd51, 0xffde, 0xffff, 0xffff, 0xffff, 0xffff, 0xffff, 0xffff, 0xffdf, 0x6b6d, 0x630c, 0xf7be, 0xffff, 0xef7d, 0x528a, 0xbdb7, 
	0xffff, 0xef5d, 0x18c3, 0x0000, 0x0000, 0x0000, 0x0000, 0x39e7, 0xbdf7, 0xffff, 0xffff, 0xffff, 0xb5b6, 0x31a6, 0x0000, 0x0000, 
	0x0000, 0x0861, 0x73ae, 0xe73c, 0xffff, 0xffff, 0xef5d, 0xc638, 0xb5b6, 0xdedb, 0xbdf7, 0xd69a, 0x7bef, 0x6b6d, 0xffff, 0xffff, 
	0xffff, 0xffff, 0x9cf3, 0x52aa, 0xf79e, 0xffff, 0xffff, 0xffff, 0xffff, 0xffff, 0xffff, 0xffff, 0xffff, 0xffff, 0xffff, 0xffff, 
	0xdedb, 0x5aeb, 0x528a, 0x7bcf, 0xffff, 0xffff, 0xffff, 0xffff, 0xffff, 0xffff, 0xffff, 0xffff, 0xffff, 0xffff, 0xffff, 0xffff, 
	0xffff, 0xffff, 0xffff, 0xffff, 0xffff, 0xffff, 0xffff, 0xffff, 0xffff, 0xffff, 0xffff, 0xffff, 0xffff, 0xf7be, 0xb596, 0x4a69, 
	0xef5d, 0xffff, 0xffff, 0xffff, 0xffff, 0xffff, 0xffff, 0xffff, 0xffff, 0xffff, 0xffff, 0xffff, 0xffff, 0x8410, 0x632c, 0xffff, 
	0xffff, 0xffff, 0xffff, 0xad55, 0x4a69, 0xdefb, 0xa514, 0xdefb, 0xffdf, 0xffff, 0x738e, 0x0000, 0x0000, 0x0000, 0x4208, 0xc638, 
	0xf7be, 0x9492, 0x18c3, 0x0000, 0x0000, 0x39c7, 0xbdd7, 0xffdf, 0xa534, 0x2945, 0x0000, 0x0000, 0x10a2, 0x73ae, 0x9492, 0xf79e, 
	0xffff, 0xffff, 0x6b4d, 0x9492, 0xffff, 0xffff, 0xce79, 0x4208, 0xa534, 0xffff, 0xffff, 0xffff, 0xffff, 0xffff, 0xffff, 0xeefa, 
	0xcd93, 0xffff, 0xffff, 0xffff, 0xffff, 0xffff, 0xffff, 0xffff, 0xffff, 0xffff, 0xf79d, 0xc552, 0xffdd, 0xffff, 0xff9c, 0xe635, 
	0xcd30, 0xcd72, 0xeed8, 0xfffd, 0xde36, 0xde56, 0xffff, 0xffdf, 0xffff, 0xffff, 0xffff, 0xffff, 0xffff, 0xddd3, 0xe677, 0xe656, 
	0xd4ee, 0xf719, 0xffff, 0xffff, 0xffff, 0xffff, 0xfffe, 0xf7fe, 0xcd50, 0xff9c, 0xffff, 0xffff, 0xffff, 0xffff, 0xffff, 0xf6f8, 
	0xccee, 0xde56, 0xe676, 0xddf3, 0xffff, 0xffff, 0xffff, 0xffff, 0xffff, 0xfffe, 0xffff, 0xe698, 0xddf5, 0xfffe, 0xf73a, 0xddf4, 
	0xcd10, 0xddb3, 0xf71a, 0xffff, 0xfffe, 0xc572, 0xf75b, 0xffff, 0xffff, 0xffff, 0xffff, 0xffff, 0xffff, 0xffff, 0xffff, 0xfffe, 
	0xcd72, 0xef1a, 0xffff, 0xffff, 0xffff, 0xffff, 0xffff, 0xffff, 0x94b2, 0x4228, 0xdeba, 0xffff, 0xffff, 0x8410, 0x7baf, 0xffff, 
	0xffff, 0xffdf, 0x2124, 0x2965, 0x4a69, 0x0000, 0x0000, 0x0000, 0x0000, 0x5aeb, 0xdedb, 0xffff, 0xffff, 0xf7be, 0x94b2, 0x18c3, 
	0x0000, 0x0000, 0x0000, 0x2104, 0x7bcf, 0x8410, 0xffff, 0xffff, 0xf79e, 0xce79, 0x9cd3, 0xd6ba, 0x4228, 0xbdf7, 0xffff, 0xffff, 
	0xffff, 0xf7be, 0x5acb, 0x9492, 0xffff, 0xffff, 0xffff, 0xffff, 0xffff, 0xffff, 0xffff, 0xffff, 0xffff, 0xffff, 0xffff, 0xffff, 
	0xdefb, 0x4a49, 0xc638, 0xffdf, 0xffff, 0xffff, 0xffff, 0xffff, 0xffff, 0xffff, 0xffff, 0xffff, 0xffff, 0xffff, 0xffff, 0xffff, 
	0xffff, 0xffff, 0xffff, 0xffff, 0xffff, 0xffff, 0xffff, 0xffff, 0xffff, 0xffff, 0xffff, 0xffff, 0xffff, 0xffff, 0xef7d, 0x4a49, 
	0xad75, 0xffff, 0xffff, 0xffff, 0xffff, 0xffff, 0xffff, 0xffff, 0xffff, 0xffff, 0xffff, 0xffff, 0xffff, 0xce59, 0x4208, 0xd69a, 
	0xffff, 0xffff, 0xffff, 0xef7d, 0x4a69, 0xad55, 0xc618, 0xe71c, 0xffff, 0xffdf, 0x3186, 0x0000, 0x0000, 0xad55, 0xffff, 0xad55, 
	0x2945, 0x0000, 0x0000, 0x2124, 0xa534, 0xffff, 0xbdf7, 0x39e7, 0x0000, 0x0000, 0x0841, 0x6b6d, 0xef5d, 0xffff, 0xffff, 0xffff, 
	0xffff, 0xffff, 0xe6fc, 0x4a49, 0xce39, 0xffff, 0xffff, 0xa514, 0x4208, 0xce59, 0xffff, 0xffff, 0xffff, 0xffff, 0xffff, 0xddf4, 
	0xde36, 0xffff, 0xffff, 0xffff, 0xffff, 0xffff, 0xffff, 0xffff, 0xffff, 0xffff, 0xf73b, 0xcd71, 0xf73a, 0xd5b4, 0xcd10, 0xddd3, 
	0xf71a, 0xffff, 0xffff, 0xffff, 0xe698, 0xd5f4, 0xffff, 0xffff, 0xffff, 0xffff, 0xffff, 0xffff, 0xffff, 0xf71a, 0xc48d, 0xd571, 
	0xffbd, 0xffff, 0xffff, 0xffff, 0xffff, 0xffff, 0xfffe, 0xfffe, 0xcd50, 0xff7c, 0xffff, 0xffff, 0xffff, 0xffff, 0xffff, 0xffff, 
	0xffbd, 0xd591, 0xc48c, 0xf719, 0xffff, 0xffff, 0xffff, 0xffff, 0xffff, 0xffff, 0xffff, 0xde36, 0xde36, 0xffff, 0xffff, 0xffff, 
	0xff9c, 0xe655, 0xcd51, 0xcd72, 0xeed8, 0xd592, 0xf6f9, 0xffff, 0xffff, 0xf7ff, 0xffff, 0xffff, 0xffff, 0xffff, 0xffff, 0xffff, 
	0xde14, 0xde36, 0xffff, 0xffff, 0xffff, 0xffff, 0xffff, 0xbdf7, 0x39e7, 0xad75, 0xffff, 0xffff, 0xbdd7, 0x52aa, 0xef5d, 0xffff, 
	0xffff, 0xffff, 0x4208, 0xce79, 0xffff, 0xad75, 0x3186, 0x0000, 0x0000, 0x0000, 0x1082, 0x8410, 0xf79e, 0xffff, 0xffff, 0xe73c, 
	0x738e, 0x0841, 0x0000, 0x0000, 0x0000, 0x0020, 0xdedb, 0xffff, 0xffff, 0xd6ba, 0xce59, 0x9cd3, 0x5acb, 0xf7be, 0xffff, 0xffff, 
	0xffff, 0xc618, 0x4228, 0xdedb, 0xffff, 0xffff, 0xffff, 0xffff, 0xffff, 0xffff, 0xffff, 0xffff, 0xffff, 0xffff, 0xffff, 0xffff, 
	0x9cd3, 0x52aa, 0xf7be, 0xffff, 0xffff, 0xffff, 0xffff, 0xffff, 0xffff, 0xffff, 0xffff, 0xffff, 0xffff, 0xffff, 0xffff, 0xffff, 
	0xffff, 0xffff, 0xffff, 0xffff, 0xffff, 0xffff, 0xffff, 0xffff, 0xffff, 0xffff, 0xffff, 0xffff, 0xffff, 0xffff, 0xffff, 0x7bef, 
	0x6b6d, 0xffff, 0xffff, 0xffff, 0xffff, 0xffff, 0xffff, 0xffff, 0xffff, 0xffff, 0xffff, 0xffff, 0xffff, 0xffdf, 0x632c, 0x8430, 
	0xffff, 0xffff, 0xffff, 0xffff, 0x9492, 0x5acb, 0xdedb, 0xad75, 0xffff, 0xf7be, 0xad75, 0x9cf3, 0x5acb, 0x7bcf, 0x4208, 0x0000, 
	0x0000, 0x10a2, 0x8c71, 0xf7be, 0xd69a, 0x528a, 0x0000, 0x0000, 0x0000, 0x52aa, 0xd6ba, 0xffff, 0xa534, 0x39c7, 0x632c, 0xb596, 
	0xf7be, 0xffff, 0xdefb, 0x9492, 0x5acb, 0xef5d, 0xffff, 0xffff, 0x7bef, 0x4a69, 0xe73c, 0xffff, 0xffff, 0xffff, 0xffff, 0xcd50, 
	0xf73a, 0xffff, 0xffff, 0xffff, 0xffff, 0xffff, 0xffff, 0xffff, 0xfffe, 0xf77c, 0xe614, 0xcc8d, 0xcd51, 0xe656, 0xffbd, 0xffff, 
	0xffff, 0xffff, 0xffff, 0xffff, 0xeed9, 0xd592, 0xfffe, 0xf7ff, 0xffff, 0xffff, 0xffff, 0xffff, 0xffff, 0xeeb7, 0xc4cf, 0xffbd, 
	0xffff, 0xffff, 0xffff, 0xffff, 0xffff, 0xffff, 0xffff, 0xf7fe, 0xcd51, 0xff7d, 0xffff, 0xffff, 0xffff, 0xffff, 0xffff, 0xffff, 
	0xffff, 0xffdd, 0xc4cf, 0xe635, 0xffff, 0xffff, 0xffff, 0xffff, 0xffff, 0xffff, 0xffff, 0xd5d4, 0xee76, 0xffff, 0xffff, 0xfffe, 
	0xffff, 0xffff, 0xfffe, 0xeed8, 0xd592, 0xccad, 0xddb2, 0xef5b, 0xffbc, 0xffff, 0xffff, 0xffff, 0xffff, 0xffff, 0xffff, 0xffff, 
	0xf6d8, 0xcd92, 0xffff, 0xffff, 0xffff, 0xffff, 0xdedb, 0x4a49, 0x8c51, 0xffff, 0xffff, 0xe71c, 0x528a, 0x9cb3, 0xf79e, 0xffff, 
	0xffff, 0xffff, 0x528a, 0x7bcf, 0xffdf, 0xffff, 0xf79e, 0x8c51, 0x10a2, 0x0000, 0x0000, 0x0000, 0x2124, 0xa514, 0xffff, 0xffff, 
	0xffff, 0xce79, 0x4a69, 0x0020, 0x0020, 0x0000, 0x738e, 0xffff, 0xffff, 0xad75, 0xdedb, 0x4a89, 0xa534, 0xffff, 0xffff, 0xffff, 
	0xffff, 0x738e, 0x73ae, 0xffff, 0xffff, 0xffff, 0xffff, 0xffff, 0xffff, 0xffff, 0xffff, 0xffff, 0xffff, 0xffff, 0xffff, 0xffdf, 
	0x5aeb, 0x9492, 0xffff, 0xffff, 0xffff, 0xffff, 0xffff, 0xffff, 0xffff, 0xffff, 0xffff, 0xffff, 0xffff, 0xffff, 0xffff, 0xffff, 
	0xffff, 0xffff, 0xffff, 0xffff, 0xffff, 0xffff, 0xffff, 0xffff, 0xffff, 0xffff, 0xffff, 0xffff, 0xffff, 0xffff, 0xffff, 0xc638, 
	0x4228, 0xdedb, 0xffff, 0xffff, 0xffff, 0xffff, 0xffff, 0xffff, 0xffff, 0xffff, 0xffff, 0xffff, 0xffff, 0xffff, 0xad55, 0x4a69, 
	0x738e, 0xe71c, 0xffff, 0xffff, 0xe71c, 0x4a49, 0xb5b6, 0xbdb6, 0xe71c, 0xffff, 0xffff, 0xffff, 0x52aa, 0x0000, 0x0000, 0x0841, 
	0x73ae, 0xef5d, 0xe73c, 0x6b6d, 0x0841, 0x0000, 0x0000, 0x4208, 0xc618, 0xffff, 0xc618, 0x39e7, 0x0000, 0x0000, 0x0020, 0x528a, 
	0x4208, 0x5aeb, 0x9cf3, 0xf79e, 0x8410, 0x738e, 0xffff, 0xffff, 0xef7d, 0x62ec, 0x632c, 0xf79e, 0xffff, 0xffff, 0xf75b, 0xcd51, 
	0xffde, 0xfffe, 0xffff, 0xffff, 0xffff, 0xff9c, 0xeed8, 0xd5d3, 0xcd51, 0xcd72, 0xccee, 0xddf4, 0xfffe, 0xffff, 0xffff, 0xffff, 
	0xffff, 0xffff, 0xffff, 0xffff, 0xf73c, 0xcd31, 0xfffe, 0xffff, 0xf7ff, 0xffff, 0xffff, 0xffff, 0xe656, 0xcd30, 0xcd10, 0xf75b, 
	0xffff, 0xffff, 0xffff, 0xffff, 0xffff, 0xffff, 0xf7ff, 0xffde, 0xd530, 0xff7c, 0xffff, 0xffff, 0xffff, 0xffff, 0xffff, 0xffff, 
	0xffff, 0xf7bd, 0xcd30, 0xcd30, 0xd5d4, 0xfffe, 0xffff, 0xffff, 0xffff, 0xffff, 0xffff, 0xd572, 0xef1a, 0xffff, 0xffff, 0xffff, 
	0xffff, 0xffff, 0xffff, 0xffff, 0xffff, 0xe634, 0xcd0e, 0xcd92, 0xcd30, 0xd5b3, 0xeeb8, 0xff9c, 0xfffe, 0xffff, 0xffff, 0xffde, 
	0xf7bd, 0xcd31, 0xff9c, 0xffff, 0xffff, 0xef5d, 0x5acb, 0x6b4d, 0xf79e, 0xffff, 0xffdf, 0x632c, 0x9492, 0xef5d, 0xb5b6, 0xd6ba, 
	0xffff, 0xffff, 0x632c, 0x0000, 0x31a6, 0xb596, 0xffff, 0xffff, 0xdefb, 0x632c, 0x0841, 0x0000, 0x0000, 0x0000, 0x4208, 0xbdf7, 
	0xffff, 0xffff, 0xffff, 0x630c, 0x0000, 0x4a69, 0xbdb7, 0xffff, 0xdedb, 0xc5f8, 0xa534, 0x526a, 0xef7d, 0xffff, 0xffff, 0xdefb, 
	0x73ae, 0x4a69, 0xbdf7, 0xffff, 0xffff, 0xffdf, 0xffff, 0xffff, 0xffff, 0xffff, 0xffff, 0xffff, 0xffff, 0xffff, 0xffff, 0xce59, 
	0x4228, 0xd6ba, 0xffff, 0xffff, 0xffff, 0xffff, 0xffff, 0xffff, 0xffff, 0xffff, 0xffff, 0xffff, 0xffff, 0xffff, 0xffff, 0xffff, 
	0xffff, 0xffff, 0xffff, 0xffff, 0xffff, 0xffff, 0xffff, 0xffff, 0xffff, 0xffff, 0xffff, 0xffff, 0xffff, 0xffff, 0xffff, 0xf7be, 
	0x52aa, 0x9cd3, 0xffff, 0xffff, 0xffff, 0xffff, 0xffff, 0xffff, 0xffff, 0xffff, 0xffff, 0xffff, 0xdefb, 0x9492, 0x5aab, 0x4a49, 
	0x6b6d, 0xf79e, 0xffff, 0xffff, 0xffff, 0x8c51, 0x630c, 0xdedb, 0xb596, 0xffff, 0xffff, 0xef7d, 0x18e3, 0x0000, 0x18c3, 0xd69a, 
	0xffdf, 0x8430, 0x10a2, 0x0000, 0x0000, 0x3186, 0xad55, 0xffff, 0xd6ba, 0x52aa, 0x0000, 0x0000, 0x0020, 0x630c, 0xdefb, 0xf7be, 
	0x4208, 0x0000, 0x0000, 0x94b2, 0xf7be, 0x5aeb, 0x9cd3, 0xffff, 0xffff, 0xe6fb, 0x4a69, 0x7bae, 0xffde, 0xffff, 0xee76, 0xddd3, 
	0xffff, 0xf7de, 0xf71a, 0xde36, 0xcd92, 0xcd31, 0xd591, 0xe656, 0xf73b, 0xfffe, 0xde14, 0xde56, 0xffff, 0xffff, 0xffff, 0xffff, 
	0xffff, 0xffff, 0xffff, 0xffff, 0xff9d, 0xcd10, 0xff9d, 0xffff, 0xffff, 0xffff, 0xffde, 0xd592, 0xcd51, 0xff9c, 0xe635, 0xddf4, 
	0xffff, 0xffff, 0xffff, 0xffff, 0xfffe, 0xffff, 0xffff, 0xeed8, 0xc46d, 0xe656, 0xffff, 0xfffe, 0xffff, 0xffff, 0xffff, 0xffff, 
	0xffff, 0xe656, 0xd5d4, 0xffde, 0xd5d3, 0xd530, 0xff7b, 0xffff, 0xffff, 0xffff, 0xffde, 0xcd30, 0xf77b, 0xffff, 0xffff, 0xffff, 
	0xffff, 0xffff, 0xffff, 0xffff, 0xffff, 0xde35, 0xe634, 0xfffe, 0xf77b, 0xe677, 0xd593, 0xcd31, 0xd572, 0xde35, 0xef39, 0xf7dd, 
	0xffff, 0xd5b3, 0xeeb8, 0xffff, 0xf7be, 0x6b4d, 0x52aa, 0xef3c, 0xffff, 0xffff, 0x8c71, 0x632c, 0xffdf, 0xffff, 0xf7be, 0xbdf7, 
	0xc618, 0xffff, 0x7bcf, 0x0000, 0x0000, 0x0000, 0x52aa, 0xd69a, 0xffff, 0xffff, 0xc618, 0x4a49, 0x0000, 0x0000, 0x0000, 0x0020, 
	0x630c, 0xd6ba, 0xd6ba, 0xd6ba, 0xbdd7, 0xffff, 0xffff, 0xffff, 0xad55, 0xdedb, 0x52aa, 0x9cd3, 0xffff, 0xffff, 0xffff, 0xe73c, 
	0x5aeb, 0x4a49, 0x62ec, 0xa514, 0xef5d, 0xffff, 0xffff, 0xffff, 0xffff, 0xffff, 0xffff, 0xffff, 0xffff, 0xffff, 0xffff, 0x8430, 
	0x630c, 0xffff, 0xffff, 0xffff, 0xffff, 0xffff, 0xffff, 0xffff, 0xffff, 0xffff, 0xffff, 0xffff, 0xffff, 0xffff, 0xffff, 0xffff, 
	0xffff, 0xffff, 0xffff, 0xffff, 0xffff, 0xffff, 0xffff, 0xffff, 0xffff, 0xffff, 0xffff, 0xffff, 0xffff, 0xffff, 0xffff, 0xffff, 
	0x9cd3, 0x5acb, 0xf7be, 0xffff, 0xffff, 0xffff, 0xffff, 0xffff, 0xffff, 0xffff, 0xce79, 0x83f0, 0x4a29, 0x5aaa, 0xad55, 0x9492, 
	0x5acb, 0xf79e, 0xffff, 0xffff, 0xffff, 0xdefb, 0x4228, 0xbdb7, 0xbdb7, 0xe71c, 0xffff, 0xf79e, 0xc638, 0xce59, 0x7bcf, 0x7bcf, 
	0x2945, 0x0000, 0x0000, 0x2104, 0x9492, 0xffff, 0xef5d, 0x6b4d, 0x0020, 0x0000, 0x0000, 0x4a69, 0xce59, 0xffff, 0xc618, 0x4228, 
	0x0841, 0x0000, 0x0000, 0xbdd7, 0xffff, 0xdedb, 0x4a69, 0xbdb6, 0xffff, 0xffff, 0xd67a, 0x4228, 0x8430, 0xffff, 0xddb2, 0xdd71, 
	0xddb3, 0xcd51, 0xcd51, 0xde15, 0xeefa, 0xffbe, 0xffff, 0xffff, 0xffff, 0xffff, 0xde15, 0xde56, 0xffff, 0xffff, 0xffff, 0xffff, 
	0xffff, 0xffff, 0xffff, 0xffff, 0xffdd, 0xd550, 0xf77c, 0xffff, 0xffff, 0xf75b, 0xd50f, 0xddd3, 0xffff, 0xffff, 0xf77c, 0xcd0f, 
	0xffbd, 0xffff, 0xffff, 0xffff, 0xffff, 0xffff, 0xf75b, 0xccef, 0xf71a, 0xcd30, 0xeef9, 0xffff, 0xfffe, 0xffff, 0xffff, 0xffff, 
	0xfffe, 0xd52f, 0xf73b, 0xffff, 0xffff, 0xe676, 0xc4ef, 0xeed9, 0xffff, 0xffff, 0xff9d, 0xcd30, 0xffbc, 0xffff, 0xffff, 0xffff, 
	0xffff, 0xffff, 0xffff, 0xffff, 0xffff, 0xde36, 0xde15, 0xffff, 0xffff, 0xffff, 0xffff, 0xffde, 0xef1a, 0xde15, 0xd552, 0xcd31, 
	0xddd3, 0xd54f, 0xe614, 0xf7ff, 0x7bcf, 0x4a49, 0xdedb, 0xffff, 0xffff, 0xad55, 0x528a, 0xe73c, 0xffff, 0xffff, 0xffff, 0xffff, 
	0xd6ba, 0xbdf7, 0xb5b6, 0x31a6, 0x0000, 0x0000, 0x0000, 0x0861, 0x73ae, 0xef5d, 0xffff, 0xffff, 0xa534, 0x2965, 0x0000, 0x0000, 
	0x0000, 0x1082, 0x1082, 0xdedb, 0xffff, 0xffff, 0xffff, 0xdebb, 0xbdf7, 0xad55, 0x4a69, 0xef5d, 0xffff, 0xffdf, 0xffff, 0xe73c, 
	0x528a, 0x9cd3, 0x9cd3, 0x4a69, 0x4a69, 0x9492, 0xdefb, 0xffff, 0xffff, 0xffff, 0xffff, 0xffff, 0xffff, 0xffff, 0xef7d, 0x4a69, 
	0xad55, 0xffff, 0xffff, 0xffff, 0xffff, 0xffff, 0xffff, 0xffff, 0xffff, 0xffff, 0xffff, 0xffff, 0xffff, 0xffff, 0xffff, 0xffff, 
	0xffff, 0xffff, 0xffff, 0xffff, 0xffff, 0xffff, 0xffff, 0xffff, 0xffff, 0xffff, 0xffff, 0xffff, 0xffff, 0xffff, 0xffff, 0xffff, 
	0xdefb, 0x4228, 0xbdd7, 0xffff, 0xffff, 0xffff, 0xffff, 0xf7be, 0xbdf7, 0x6b6d, 0x4208, 0x632c, 0xb5b6, 0xf79e, 0xffff, 0xe73c, 
	0x4a29, 0xad55, 0xffff, 0xffff, 0xffff, 0xffff, 0x8c31, 0x5aeb, 0xdedb, 0xb575, 0xffff, 0xffff, 0xffff, 0xef5d, 0x39c7, 0x0000, 
	0x0000, 0x1082, 0x7bcf, 0xf7be, 0xffdf, 0x8430, 0x10a2, 0x0000, 0x0000, 0x31a6, 0xb5b6, 0xffff, 0xef5d, 0x632c, 0x0841, 0x0000, 
	0x0000, 0x3186, 0x4a49, 0xef5d, 0xffff, 0xffff, 0xc618, 0x526a, 0xce79, 0xffff, 0xffff, 0xc618, 0x4249, 0x8c92, 0xddd3, 0xddd3, 
	0xee97, 0xf77c, 0xffff, 0xffff, 0xffff, 0xffff, 0xffff, 0xffff, 0xffff, 0xffff, 0xd615, 0xde57, 0xffff, 0xffff, 0xffff, 0xffff, 
	0xffff, 0xffff, 0xffff, 0xffff, 0xfffe, 0xcd91, 0xef3a, 0xffff, 0xeeb8, 0xc4ef, 0xe697, 0xffff, 0xffff, 0xffff, 0xffff, 0xd592, 
	0xe697, 0xffff, 0xffff, 0xffde, 0xffff, 0xffde, 0xcd10, 0xee97, 0xffff, 0xf719, 0xccee, 0xf79d, 0xffff, 0xfffe, 0xffff, 0xffff, 
	0xeef9, 0xd550, 0xffff, 0xffff, 0xffff, 0xffff, 0xf73a, 0xc4ef, 0xde35, 0xffff, 0xf77c, 0xcd71, 0xfffe, 0xf7ff, 0xffff, 0xffff, 
	0xffff, 0xffff, 0xffff, 0xffff, 0xffff, 0xde56, 0xde15, 0xffff, 0xffff, 0xffff, 0xffff, 0xffff, 0xffff, 0xffff, 0xffff, 0xf77b, 
	0xee97, 0xddd3, 0xddd4, 0x8450, 0x4a49, 0xce79, 0xffff, 0xffff, 0xc618, 0x4a69, 0xce59, 0xffff, 0xffff, 0xffff, 0xffff, 0xffff, 
	0xffff, 0xef5d, 0xc618, 0xce79, 0x8c71, 0x18c3, 0x0000, 0x0000, 0x0000, 0x2104, 0x9cd3, 0xffdf, 0xffff, 0xf7be, 0x8430, 0x10a2, 
	0x0000, 0x0020, 0x0000, 0x738e, 0xffff, 0xffff, 0xffff, 0xad75, 0xdefb, 0x528a, 0x9cd3, 0xffff, 0xffff, 0xffff, 0xffff, 0x94b2, 
	0x528a, 0xf79e, 0xffff, 0xef5d, 0xa534, 0x5aab, 0x4a28, 0x7bef, 0xce79, 0xffdf, 0xffff, 0xffff, 0xffff, 0xffff, 0xad55, 0x4a69, 
	0xef5d, 0xffff, 0xffff, 0xffff, 0xffff, 0xffff, 0xffff, 0xffff, 0xffff, 0xffff, 0xffff, 0xffff, 0xffff, 0xffff, 0xffff, 0xffff, 
	0xffff, 0xffff, 0xffff, 0xffff, 0xffff, 0xffff, 0xffff, 0xffff, 0xffff, 0xffff, 0xffff, 0xffff, 0xffff, 0xffff, 0xffff, 0xffff, 
	0xffff, 0x73ae, 0x738e, 0xffff, 0xffff, 0xef7d, 0xad75, 0x5aeb, 0x4208, 0x73ae, 0xce59, 0xffdf, 0xffff, 0xffff, 0xffdf, 0xffff, 
	0x9492, 0x52aa, 0xf79e, 0xffff, 0xffff, 0xffff, 0xdefb, 0x4228, 0xb596, 0xbdd7, 0xdedb, 0xef5d, 0xc617, 0xb5b6, 0x1082, 0x0000, 
	0x2104, 0xe71c, 0xffff, 0xa514, 0x2124, 0x0000, 0x0000, 0x2945, 0xa514, 0xffff, 0xffff, 0x9492, 0x10a2, 0x0000, 0x0000, 0x2965, 
	0xa534, 0xffdf, 0xffff, 0xffdf, 0xffff, 0xffff, 0xffff, 0x8c51, 0x5269, 0xdedb, 0xffff, 0xffff, 0x9cd3, 0x3985, 0x8c92, 0xffff, 
	0xffff, 0xffff, 0xffff, 0xffff, 0xffff, 0xfffe, 0xffde, 0xfffe, 0xffff, 0xffff, 0xde14, 0xde56, 0xffff, 0xffff, 0xffff, 0xffff, 
	0xffff, 0xffff, 0xffff, 0xf7ff, 0xffff, 0xd5d3, 0xeeb7, 0xe635, 0xcd10, 0xef3b, 0xffff, 0xffff, 0xffff, 0xffff, 0xffff, 0xeef9, 
	0xcd51, 0xfffe, 0xffff, 0xffff, 0xfffe, 0xddb3, 0xddd3, 0xffff, 0xffff, 0xffff, 0xe655, 0xcd72, 0xfffe, 0xfffe, 0xfffe, 0xffff, 
	0xd5b3, 0xe697, 0xffff, 0xffff, 0xffff, 0xffff, 0xffff, 0xffbd, 0xcd72, 0xd5b2, 0xee97, 0xd592, 0xffff, 0xf7ff, 0xffff, 0xffff, 
	0xffff, 0xffff, 0xffff, 0xffff, 0xffff, 0xde56, 0xde14, 0xffff, 0xffff, 0xffff, 0xffff, 0xffdf, 0xffdf, 0xffff, 0xf7ff, 0xffff, 
	0xffff, 0xffff, 0x842f, 0x3986, 0xbdb6, 0xffff, 0xffff, 0xd69a, 0x4a29, 0xad34, 0xffff, 0xffff, 0xffff, 0xffff, 0xffff, 0xffff, 
	0xffff, 0xffff, 0xf7be, 0xce59, 0xce79, 0xdedb, 0x6b6d, 0x0020, 0x0000, 0x0000, 0x0000, 0x39c7, 0xbdd7, 0xffff, 0xffff, 0xdefb, 
	0x4a49, 0x0000, 0x0000, 0x4208, 0xd6ba, 0xffff, 0xd69a, 0xc618, 0xa514, 0x4a69, 0xef5d, 0xffff, 0xffff, 0xffff, 0xe73d, 0x4a49, 
	0xa534, 0xffff, 0xffff, 0xffff, 0xffff, 0xf79e, 0xbdd7, 0x632c, 0x4208, 0x6b4d, 0xbdd7, 0xf7be, 0xffff, 0xffff, 0x630c, 0x8430, 
	0xffff, 0xffff, 0xffff, 0xffff, 0xffff, 0xffff, 0xffff, 0xffff, 0xffff, 0xffff, 0xffff, 0xffff, 0xffff, 0xffff, 0xffff, 0xffff, 
	0xffff, 0xffff, 0xffff, 0xffff, 0xffff, 0xffff, 0xffff, 0xffff, 0xffff, 0xffff, 0xffff, 0xffff, 0xffff, 0xffff, 0xffff, 0xffff, 
	0xffff, 0xce59, 0x4a69, 0xc5f8, 0x9cf3, 0x526a, 0x4a49, 0x8c71, 0xdedb, 0xffff, 0xffff, 0xffff, 0xffff, 0xffdf, 0xffff, 0xffff, 
	0xe73c, 0x4a49, 0xad55, 0xffff, 0xffff, 0xffff, 0xffff, 0x94b2, 0x528a, 0xe6fb, 0x9cb2, 0xc618, 0xef5d, 0xf7be, 0xce79, 0xc638, 
	0x8430, 0x9cd3, 0x39c7, 0x0000, 0x0000, 0x10a2, 0x8c51, 0xffff, 0xffff, 0xad75, 0x2965, 0x0000, 0x0000, 0x18e3, 0x9492, 0xf7be, 
	0xffff, 0xffff, 0xffff, 0xffff, 0xffff, 0xf79e, 0xb5b6, 0xe71c, 0x9cf3, 0x528a, 0xef5d, 0xce59, 0x738e, 0xb555, 0x4228, 0x8430, 
	0xffdf, 0xffff, 0xfffe, 0xffff, 0xffff, 0xffff, 0xffff, 0xffff, 0xffff, 0xffff, 0xd5f4, 0xe656, 0xffff, 0xffff, 0xffff, 0xffff, 
	0xffff, 0xffff, 0xffff, 0xf7ff, 0xffff, 0xe635, 0xcc8d, 0xdd94, 0xffbe, 0xffff, 0xfffe, 0xffff, 0xffff, 0xffff, 0xffff, 0xffdf, 
	0xcd30, 0xf73a, 0xf7ff, 0xffff, 0xe676, 0xcd2f, 0xffde, 0xffff, 0xf7ff, 0xffff, 0xffff, 0xd592, 0xe614, 0xffff, 0xffff, 0xf77c, 
	0xcd30, 0xf7bd, 0xffff, 0xffff, 0xffff, 0xffff, 0xffff, 0xffff, 0xfffe, 0xde15, 0xc48d, 0xe5f3, 0xffff, 0xffff, 0xffff, 0xffff, 
	0xffff, 0xffff, 0xffff, 0xffff, 0xffff, 0xde36, 0xde14, 0xffff, 0xffff, 0xffff, 0xffff, 0xffff, 0xffff, 0xffff, 0xffdf, 0xffff, 
	0xf7be, 0x7baf, 0x4a69, 0xa513, 0x6b8d, 0xe73c, 0xe71c, 0x5269, 0xa514, 0xce59, 0xd6ba, 0xffff, 0xffff, 0xffff, 0xffff, 0xffff, 
	0xffff, 0xffff, 0xffff, 0xffff, 0xdefb, 0xbdf7, 0xef5d, 0xce79, 0x4a49, 0x0000, 0x0000, 0x0000, 0x0000, 0x52aa, 0xd6ba, 0xffff, 
	0xd6ba, 0x4a69, 0xb5b6, 0xf79e, 0xce79, 0xbdf7, 0xa534, 0xdedb, 0x4a49, 0xad34, 0xffff, 0xffff, 0xffff, 0xffff, 0x94b2, 0x528a, 
	0xf79e, 0xffff, 0xffff, 0xffff, 0xffff, 0xffff, 0xffff, 0xffff, 0xce79, 0x7bcf, 0x4228, 0x5acb, 0xad75, 0xbdb7, 0x4a49, 0xd6ba, 
	0xffff, 0xffff, 0xffff, 0xffff, 0xffff, 0xffff, 0xffff, 0xffff, 0xffff, 0xffff, 0xffff, 0xffff, 0xffff, 0xffff, 0xffff, 0xffff, 
	0xffff, 0xffff, 0xffff, 0xffff, 0xffff, 0xffff, 0xffff, 0xffff, 0xffff, 0xffff, 0xffff, 0xffff, 0xffff, 0xffff, 0xffff, 0xffff, 
	0xffff, 0xd67a, 0x528a, 0x4a49, 0x5acb, 0xa514, 0xe73c, 0xffff, 0xffff, 0xffff, 0xffff, 0xffff, 0xffff, 0xffff, 0xffff, 0xffff, 
	0xffff, 0x9492, 0x528a, 0xef7d, 0xffff, 0xce59, 0xd699, 0xe73c, 0x52aa, 0xa513, 0xc638, 0xce59, 0xffff, 0xffff, 0xffff, 0xffff, 
	0x2945, 0x0000, 0x0000, 0x0841, 0x738e, 0xef5d, 0xffff, 0xc618, 0x4208, 0x0000, 0x0000, 0x1082, 0x73ae, 0xe73c, 0xffff, 0xffff, 
	0xffff, 0xffff, 0xffff, 0xffff, 0xef7d, 0xb5b6, 0xdefb, 0xffff, 0xffff, 0x9492, 0x52aa, 0x73ae, 0xe73c, 0xffff, 0xc618, 0x4228, 
	0x7bae, 0xf79e, 0xffff, 0xffff, 0xffff, 0xffff, 0xffff, 0xffff, 0xffff, 0xffff, 0xd5f4, 0xe677, 0xffff, 0xffff, 0xffff, 0xffff, 
	0xf7ff, 0xffff, 0xffff, 0xfffe, 0xe676, 0xd4ad, 0xdd91, 0xffff, 0xffff, 0xffff, 0xffff, 0xffff, 0xffff, 0xffff, 0xffff, 0xffff, 
	0xde55, 0xd615, 0xffff, 0xf73b, 0xc4ef, 0xf77c, 0xffff, 0xffff, 0xffff, 0xffff, 0xffff, 0xffbd, 0xcd0f, 0xeed9, 0xffff, 0xde56, 
	0xddd3, 0xffff, 0xffff, 0xffff, 0xffff, 0xffff, 0xffff, 0xffff, 0xffff, 0xffff, 0xe5d2, 0xccac, 0xe636, 0xffde, 0xffff, 0xffff, 
	0xffff, 0xffff, 0xffff, 0xffff, 0xffff, 0xde36, 0xde15, 0xffff, 0xffff, 0xffff, 0xffff, 0xffff, 0xffff, 0xffff, 0xffff, 0xef5d, 
	0x6b6d, 0x4a49, 0xce79, 0xffff, 0xce59, 0x738e, 0x52aa, 0x9cf3, 0xffff, 0xffdf, 0xbdf7, 0xce79, 0xffff, 0xffff, 0xffff, 0xffff, 
	0xffff, 0xffff, 0xffff, 0xffff, 0xffff, 0xf79e, 0xbdf7, 0xd69a, 0xffff, 0xad75, 0x2965, 0x0000, 0x0000, 0x0000, 0x1082, 0x630c, 
	0x6b4d, 0xffff, 0xffff, 0xffff, 0xffff, 0xb5b6, 0xce59, 0x9491, 0x630b, 0xef5c, 0xce58, 0xd69a, 0xffff, 0xe71c, 0x4a49, 0xa534, 
	0xffff, 0xffff, 0xffff, 0xffff, 0xffff, 0xffff, 0xffff, 0xffff, 0xffff, 0xffff, 0xdefb, 0x8c71, 0x528a, 0x4a69, 0x62ec, 0xe6fc, 
	0xffff, 0xffff, 0xffff, 0xffff, 0xffff, 0xffff, 0xffff, 0xffff, 0xffff, 0xffff, 0xffff, 0xffff, 0xffff, 0xffff, 0xffff, 0xffff, 
	0xffff, 0xffff, 0xffff, 0xffff, 0xffff, 0xffff, 0xffff, 0xffff, 0xffff, 0xffff, 0xffff, 0xffff, 0xffff, 0xffff, 0xffff, 0xffff, 
	0xffff, 0x8c71, 0x5aaa, 0x528a, 0xdedb, 0xffff, 0xffff, 0xffdf, 0xffff, 0xffdf, 0xa534, 0xb596, 0xe73c, 0xffff, 0xffff, 0xffff, 
	0xffff, 0xef5c, 0x4a69, 0x9cf3, 0xffff, 0x6b4d, 0x4a28, 0x6b6d, 0x630b, 0x4a69, 0xdedb, 0xad55, 0xf7be, 0xffff, 0xffff, 0xc638, 
	0x0000, 0x0000, 0x2124, 0xdefb, 0xffff, 0xd6ba, 0x52aa, 0x0000, 0x0000, 0x0020, 0x632c, 0xdedb, 0xffff, 0xffff, 0xffff, 0xffff, 
	0xffff, 0xffff, 0xffff, 0xe73c, 0xb596, 0xe73c, 0xffff, 0xffff, 0xffff, 0xffff, 0x8c71, 0x5aeb, 0xef5d, 0xffff, 0xffff, 0xd67a, 
	0x4a69, 0x630c, 0xe71c, 0xffff, 0xffff, 0xffff, 0xffff, 0xffff, 0xffff, 0xffff, 0xd5f4, 0xe677, 0xffff, 0xf7ff, 0xffff, 0xffff, 
	0xffff, 0xffff, 0xeef9, 0xcd31, 0xd5b3, 0xee97, 0xd572, 0xffff, 0xffff, 0xffff, 0xffff, 0xffff, 0xffff, 0xffff, 0xffff, 0xffff, 
	0xf77c, 0xc531, 0xff5a, 0xcd0f, 0xee97, 0xffff, 0xffff, 0xffff, 0xffff, 0xfffe, 0xffff, 0xf7ff, 0xf71a, 0xccee, 0xff5a, 0xcd31, 
	0xf75b, 0xffff, 0xf7ff, 0xffff, 0xffff, 0xffff, 0xffff, 0xffff, 0xffff, 0xffff, 0xd572, 0xee96, 0xd5b4, 0xc530, 0xeed9, 0xffff, 
	0xffff, 0xffff, 0xffff, 0xf7ff, 0xffff, 0xde36, 0xddf5, 0xffff, 0xffff, 0xffff, 0xffff, 0xffff, 0xffff, 0xffff, 0xdedb, 0x5acb, 
	0x52aa, 0xdebb, 0xffff, 0xffff, 0xe71c, 0x528a, 0x9cd3, 0xffff, 0xffff, 0xffff, 0xffff, 0xc618, 0xc638, 0xffff, 0xffff, 0xffff, 
	0xffff, 0xffff, 0xffff, 0xffff, 0xffff, 0xffff, 0xffff, 0xce79, 0xbdd7, 0xf7be, 0xf7be, 0x8c71, 0x18c3, 0x0000, 0x0000, 0x0000, 
	0x0000, 0xc638, 0xffff, 0xffff, 0xef7d, 0xad75, 0xd69a, 0x4a48, 0x632c, 0x632c, 0x4228, 0x840f, 0xffff, 0x8c71, 0x52aa, 0xf79e, 
	0xffff, 0xffff, 0xffff, 0xffff, 0xe71c, 0xad75, 0xb596, 0xffff, 0xffff, 0xffff, 0xffff, 0xffff, 0xce38, 0x5269, 0x528a, 0x9492, 
	0xffff, 0xffff, 0xffff, 0xffff, 0xffff, 0xffff, 0xffff, 0xffff, 0xffff, 0xffff, 0xffff, 0xffff, 0xffff, 0xffff, 0xffff, 0xffff, 
	0xffff, 0xffff, 0xffff, 0xffff, 0xffff, 0xffff, 0xffff, 0xffff, 0xffff, 0xffff, 0xffff, 0xffff, 0xffff, 0xffff, 0xffff, 0xffff, 
	0xffff, 0xffdf, 0xef5d, 0x5aaa, 0x9cb2, 0xffff, 0xffff, 0xffff, 0xffff, 0xef5d, 0x4a69, 0x39e7, 0xb596, 0xffff, 0xffff, 0xffff, 
	0xffff, 0xffff, 0xa514, 0x528a, 0xce58, 0x5aeb, 0x52aa, 0x4a69, 0x73ae, 0x6b2c, 0x83ef, 0xd6ba, 0xb5b6, 0xffff, 0xffff, 0xe73c, 
	0xa534, 0x9cf3, 0x9cf3, 0xc638, 0x6b6d, 0x0861, 0x0000, 0x0000, 0x528a, 0xc638, 0xffff, 0xffff, 0xffff, 0xffff, 0xffff, 0xffff, 
	0xffff, 0xffff, 0xdefb, 0xb5b6, 0xef7d, 0xffff, 0xffff, 0xffff, 0xffff, 0xffff, 0xffff, 0x9492, 0x5aaa, 0xdedb, 0xffff, 0xffff, 
	0xe6fb, 0x62ec, 0x4a69, 0xce59, 0xffff, 0xffff, 0xffff, 0xffff, 0xffff, 0xffff, 0xd5f4, 0xe677, 0xffff, 0xfffe, 0xffff, 0xffff, 
	0xf77c, 0xd592, 0xd510, 0xeed9, 0xffff, 0xffde, 0xc531, 0xff9c, 0xffff, 0xffff, 0xffff, 0xffff, 0xffff, 0xfffe, 0xf7ff, 0xffff, 
	0xffff, 0xddf4, 0xc4ce, 0xde35, 0xffff, 0xffff, 0xfffe, 0xfffe, 0xf7ff, 0xffff, 0xffff, 0xf7ff, 0xffff, 0xe677, 0xc4ef, 0xdd91, 
	0xffff, 0xffff, 0xffff, 0xffff, 0xffff, 0xffff, 0xffff, 0xffff, 0xffff, 0xff7c, 0xcd31, 0xffdd, 0xffff, 0xeef9, 0xd530, 0xd572, 
	0xf77c, 0xffff, 0xffff, 0xfffe, 0xffff, 0xe657, 0xde15, 0xffff, 0xffff, 0xffff, 0xffff, 0xffff, 0xffff, 0xbdf7, 0x4a49, 0x6b2d, 
	0xe73c, 0xffff, 0xffff, 0xd69a, 0x528a, 0x9cf3, 0xffff, 0xffff, 0xffff, 0xffff, 0xffff, 0xffff, 0xce59, 0xbdf7, 0xffdf, 0xffff, 
	0xffff, 0xffff, 0xffff, 0xffff, 0xffff, 0xffff, 0xffff, 0xffff, 0xe71c, 0xb5b6, 0xdedb, 0xffff, 0xe71c, 0x6b6d, 0x0841, 0x0000, 
	0x0000, 0x630c, 0xffff, 0xffff, 0xb596, 0xdefb, 0x6b6d, 0x736d, 0x6b2c, 0x5289, 0x52aa, 0x6b4d, 0xce79, 0x4a69, 0xb5b6, 0xffff, 
	0xffdf, 0xffff, 0xffff, 0xffff, 0x9cf3, 0x39c7, 0x5aeb, 0xf7be, 0xffff, 0xffff, 0xffff, 0xffff, 0x8c31, 0x630c, 0xef7d, 0xf7be, 
	0xffff, 0xffff, 0xffff, 0xffff, 0xffff, 0xffff, 0xffff, 0xffff, 0xffff, 0xffff, 0xffff, 0xffff, 0xffff, 0xffff, 0xffff, 0xffff, 
	0xffff, 0xffff, 0xffff, 0xffff, 0xffff, 0xffff, 0xffff, 0xffff, 0xffff, 0xffff, 0xffff, 0xffff, 0xffff, 0xffff, 0xffff, 0xffff, 
	0xffff, 0xffff, 0xffff, 0xa4f4, 0x4a49, 0xef5d, 0xffff, 0xffff, 0xffff, 0xdefb, 0x738e, 0x528a, 0xa514, 0xffdf, 0xffff, 0xffff, 
	0xffff, 0xffff, 0xe71c, 0x5aca, 0x630c, 0x528a, 0x4a69, 0x4a28, 0xad75, 0xd69a, 0x41e7, 0xc618, 0xb5b6, 0xdefb, 0xffff, 0xffff, 
	0xffff, 0xffff, 0x52aa, 0x0000, 0x0000, 0x0000, 0x39e7, 0xb596, 0xffff, 0xffff, 0xffff, 0xffff, 0xffff, 0xffff, 0xffff, 0xffff, 
	0xffff, 0xd6ba, 0xb5b6, 0xf79e, 0xffff, 0xffff, 0xffff, 0xffff, 0xffff, 0xffff, 0xffff, 0xf7be, 0x7bcf, 0x528a, 0xce79, 0xffff, 
	0xffff, 0xef7d, 0x7bef, 0x4208, 0xa514, 0xffff, 0xffff, 0xffff, 0xffff, 0xffff, 0xd5f4, 0xe697, 0xffff, 0xffff, 0xffde, 0xde15, 
	0xccef, 0xe656, 0xffde, 0xffff, 0xffdd, 0xffff, 0xcd93, 0xeed8, 0xffff, 0xffff, 0xffff, 0xffff, 0xffff, 0xffff, 0xffff, 0xffff, 
	0xffff, 0xddf4, 0xccae, 0xfffe, 0xf7ff, 0xfffe, 0xfffd, 0xf7ff, 0xffff, 0xf7ff, 0xffff, 0xfffe, 0xffff, 0xffff, 0xccee, 0xddb3, 
	0xfffe, 0xffff, 0xffff, 0xffff, 0xffff, 0xffff, 0xffff, 0xffff, 0xffff, 0xeeb8, 0xd5b3, 0xffff, 0xffde, 0xffff, 0xffdf, 0xe656, 
	0xcd0f, 0xde35, 0xffde, 0xffff, 0xffff, 0xe657, 0xde15, 0xffff, 0xffff, 0xffff, 0xffff, 0xffdf, 0x9cd3, 0x39e7, 0x8430, 0xf79e, 
	0xffff, 0xffff, 0xc618, 0x4a49, 0x8c71, 0xffff, 0xffff, 0xffff, 0xffff, 0xffff, 0xffff, 0xffff, 0xffff, 0xd69a, 0xbdd7, 0xf7be, 
	0xffff, 0xffff, 0xffff, 0xffff, 0xffff, 0xffff, 0xffff, 0xffff, 0xffff, 0xf79e, 0xc618, 0xc638, 0xffff, 0xffff, 0x8410, 0x0020, 
	0x5acb, 0xc618, 0xffff, 0xd6ba, 0xbdf7, 0xb596, 0x4207, 0xdefb, 0x9491, 0x4a48, 0x4a69, 0x52aa, 0x632c, 0x5acb, 0xe71b, 0xffff, 
	0xffff, 0xffff, 0xffff, 0xef5d, 0x8430, 0x528a, 0x73ae, 0xef5d, 0xffff, 0xffff, 0xffff, 0xe71c, 0x4a28, 0xb596, 0xffff, 0xffff, 
	0xffff, 0xffff, 0xffff, 0xffff, 0xffff, 0xffff, 0xffff, 0xffff, 0xffff, 0xffff, 0xffff, 0xffff, 0xffff, 0xffff, 0xffff, 0xffff, 
	0xffff, 0xffff, 0xffff, 0xffff, 0xffff, 0xffff, 0xffff, 0xffff, 0xffff, 0xffff, 0xffff, 0xffff, 0xffff, 0xffff, 0xffff, 0xffff, 
	0xffff, 0xffff, 0xffff, 0xef5d, 0x528a, 0x9cd3, 0xffff, 0xffff, 0xffff, 0xffff, 0xffff, 0x73ae, 0x4a49, 0x6b6d, 0x9cd3, 0xad75, 
	0xa534, 0x8c51, 0x632c, 0x52aa, 0x4a49, 0x94b2, 0x8c71, 0x5aeb, 0xd699, 0xffff, 0x8430, 0x5aaa, 0xdefb, 0xa534, 0xffdf, 0xffff, 
	0xffff, 0xef7d, 0x10a2, 0x0000, 0x0000, 0x9cd3, 0xffdf, 0xffff, 0xffff, 0xffff, 0xffff, 0xffff, 0xffff, 0xffff, 0xffff, 0xffff, 
	0xd69a, 0xbdd7, 0xf7be, 0xffff, 0xffff, 0xffff, 0xffff, 0xffff, 0xffff, 0xffff, 0xf79e, 0xbdd7, 0xef7d, 0xad55, 0x4a69, 0xb5b6, 
	0xffff, 0xffff, 0xffff, 0xa534, 0x4208, 0x73ae, 0xe73c, 0xffff, 0xffff, 0xffff, 0xd5f4, 0xeeb8, 0xffff, 0xe6b9, 0xc531, 0xd5b3, 
	0xff9c, 0xffff, 0xffff, 0xf7ff, 0xfffe, 0xffff, 0xe655, 0xe615, 0xffff, 0xffff, 0xffff, 0xffff, 0xffff, 0xffff, 0xffff, 0xffff, 
	0xde57, 0xcd52, 0xd52f, 0xf6d8, 0xffff, 0xfffe, 0xf7ff, 0xf7ff, 0xfffe, 0xffff, 0xffff, 0xffde, 0xffff, 0xf6d8, 0xd52f, 0xcd52, 
	0xde35, 0xffff, 0xffff, 0xffff, 0xffff, 0xffff, 0xffff, 0xffff, 0xffff, 0xddf4, 0xe676, 0xffff, 0xffff, 0xffff, 0xffff, 0xffff, 
	0xff9b, 0xddb2, 0xc531, 0xeed9, 0xffff, 0xe657, 0xddf5, 0xffff, 0xffff, 0xffff, 0xdefb, 0x6b6d, 0x4228, 0xad75, 0xffff, 0xffff, 
	0xffff, 0xad55, 0x4a49, 0xbdb7, 0xd69a, 0xce79, 0xffff, 0xffff, 0xffff, 0xffff, 0xffff, 0xffff, 0xffff, 0xffff, 0xdedb, 0xb5b6, 
	0xf79e, 0xffff, 0xffff, 0xffff, 0xffff, 0xffff, 0xffff, 0xffff, 0xffff, 0xffff, 0xffff, 0xd6ba, 0xb5b6, 0xe73c, 0xef7d, 0xce79, 
	0xffff, 0xffff, 0xf79e, 0xad55, 0xdefb, 0x4a69, 0x9cb2, 0xffff, 0xbdd6, 0x5aeb, 0x9cd2, 0x8c71, 0x4a28, 0x528a, 0x5aeb, 0x7bef, 
	0x9cd3, 0x9cf3, 0x8430, 0x5aeb, 0x4a49, 0x7bef, 0xffff, 0xffff, 0xffdf, 0xffff, 0xffff, 0x8430, 0x5acb, 0xf79e, 0xffff, 0xffff, 
	0xffff, 0xffff, 0xffff, 0xffff, 0xffff, 0xffff, 0xffff, 0xffff, 0xffff, 0xffff, 0xffff, 0xffff, 0xffff, 0xffff, 0xffff, 0xffff, 
	0xffff, 0xffff, 0xffff, 0xffff, 0xffff, 0xffff, 0xffff, 0xffff, 0xffff, 0xffff, 0xffff, 0xffff, 0xffff, 0xffff, 0xffff, 0xffff, 
	0xffff, 0xffff, 0xffff, 0xffff, 0x9cf3, 0x4a69, 0xef5d, 0xffff, 0xffff, 0xffff, 0xffdf, 0x6b6d, 0x528a, 0x528a, 0x4a69, 0x4a69, 
	0x4a49, 0x4a69, 0x4a49, 0x632c, 0x630c, 0x7baf, 0xffff, 0xf7be, 0xffdf, 0xffff, 0xef5d, 0x4a69, 0x9492, 0xd69a, 0xbdd7, 0xffff, 
	0xffff, 0xd69a, 0x630c, 0x7bef, 0x94b2, 0xffff, 0xffff, 0xffff, 0xffff, 0xffff, 0xffff, 0xffff, 0xffff, 0xffff, 0xffff, 0xce59, 
	0xc618, 0xffdf, 0xffff, 0xffff, 0xffff, 0xffff, 0xffff, 0xffff, 0xffff, 0xffdf, 0xbdd7, 0xdedb, 0xffff, 0xffff, 0xc618, 0x4a69, 
	0x94b2, 0xffff, 0xffff, 0xffff, 0xce79, 0x5acb, 0x5269, 0xbdb6, 0xffff, 0xffff, 0xd5f4, 0xddf3, 0xcd93, 0xc573, 0xef1a, 0xffff, 
	0xffff, 0xffff, 0xffff, 0xffff, 0xffff, 0xffff, 0xf71a, 0xcd51, 0xffff, 0xffff, 0xf7ff, 0xffdf, 0xffde, 0xf7ff, 0xffff, 0xe656, 
	0xcd30, 0xffbc, 0xf6f8, 0xcd50, 0xffdf, 0xffff, 0xffff, 0xffff, 0xffff, 0xffff, 0xffff, 0xfffe, 0xffbe, 0xcd31, 0xeef9, 0xffbd, 
	0xcd11, 0xe656, 0xffff, 0xffff, 0xffdf, 0xffff, 0xf7ff, 0xfffe, 0xfffe, 0xcd51, 0xf73a, 0xffff, 0xffff, 0xffff, 0xffff, 0xffff, 
	0xffff, 0xffff, 0xeefa, 0xc552, 0xcdb3, 0xddb2, 0xddf4, 0xffff, 0xffff, 0xb575, 0x4a49, 0x630c, 0xd6ba, 0xffff, 0xffff, 0xffdf, 
	0x8c71, 0x528a, 0xce59, 0xffff, 0xffff, 0xbdf7, 0xd69a, 0xffff, 0xffff, 0xffff, 0xffff, 0xffff, 0xffff, 0xffff, 0xffff, 0xdefb, 
	0xb5b6, 0xef5d, 0xffff, 0xffff, 0xffff, 0xffff, 0xffff, 0xffff, 0xffff, 0xffff, 0xffff, 0xffff, 0xef5d, 0xbdd7, 0xd69a, 0xffff, 
	0xffff, 0xffff, 0xb596, 0xd6ba, 0x83f0, 0x5acb, 0xf79e, 0xffff, 0xffde, 0xf7be, 0xffff, 0x6b4d, 0x6b6d, 0x6b2c, 0x4a69, 0x5269, 
	0x4a49, 0x4a69, 0x4a69, 0x52aa, 0x5289, 0x73ae, 0xffff, 0xffff, 0xffff, 0xffff, 0xe71c, 0x4228, 0xad75, 0xffff, 0xffff, 0xffff, 
	0xffff, 0xffff, 0xffff, 0xffff, 0xffff, 0xffff, 0xffff, 0xffff, 0xffff, 0xffff, 0xffff, 0xffff, 0xffff, 0xffff, 0xffff, 0xffff, 
	0xffff, 0xffff, 0xffff, 0xffff, 0xffff, 0xffff, 0xffff, 0xffff, 0xffff, 0xffff, 0xffff, 0xffff, 0xffff, 0xffff, 0xffff, 0xffff, 
	0xffff, 0xffff, 0xffff, 0xffff, 0xef5d, 0x5269, 0x9cb3, 0xffff, 0xffff, 0xffff, 0xdefb, 0x52aa, 0x5aaa, 0x5aca, 0x5aca, 0x5aca, 
	0x5acb, 0x528a, 0x62ec, 0xe6fb, 0xdebb, 0x4208, 0xad75, 0xffff, 0xffff, 0xffff, 0xffff, 0xbdd7, 0x41e8, 0xce39, 0xb5b6, 0xdebb, 
	0xd69a, 0xbdd7, 0xffdf, 0xffff, 0xffff, 0xffdf, 0xffff, 0xffff, 0xffff, 0xffff, 0xffff, 0xffff, 0xffff, 0xffdf, 0xc618, 0xc638, 
	0xffff, 0xffff, 0xffff, 0xffff, 0xffff, 0xffff, 0xffff, 0xffff, 0xffdf, 0xbdf7, 0xd69a, 0xffff, 0xffff, 0xffff, 0xffff, 0xdedb, 
	0x5aeb, 0x73ae, 0xdefb, 0xffff, 0xffff, 0xf79e, 0x8c51, 0x41e7, 0x73cf, 0xe71c, 0xde56, 0xbcf0, 0xe698, 0xffdd, 0xffff, 0xffff, 
	0xffff, 0xffff, 0xffff, 0xffff, 0xffff, 0xffff, 0xffbd, 0xc531, 0xff9c, 0xffff, 0xffff, 0xffff, 0xffff, 0xffff, 0xe656, 0xcd10, 
	0xf79d, 0xffff, 0xffff, 0xcd92, 0xe677, 0xffff, 0xffff, 0xffff, 0xfffe, 0xffff, 0xffff, 0xffff, 0xe657, 0xcd93, 0xffff, 0xffff, 
	0xff9d, 0xcd10, 0xe676, 0xffff, 0xffff, 0xfffe, 0xfffe, 0xffff, 0xf77c, 0xcd31, 0xffdd, 0xffff, 0xffff, 0xffff, 0xffff, 0xffff, 
	0xffff, 0xffff, 0xffff, 0xffdd, 0xe677, 0xbcd0, 0xe677, 0xdedb, 0x738e, 0x4207, 0x9492, 0xf7be, 0xffff, 0xffff, 0xe71c, 0x6b4d, 
	0x632c, 0xe71c, 0xffff, 0xffff, 0xffff, 0xf7be, 0xbdd7, 0xdedb, 0xffff, 0xffff, 0xffff, 0xffff, 0xffff, 0xffff, 0xffff, 0xffff, 
	0xe73c, 0xb5b6, 0xe73c, 0xffff, 0xffff, 0xffff, 0xffff, 0xffff, 0xffff, 0xffff, 0xffff, 0xffff, 0xffff, 0xffdf, 0xc638, 0xbdf7, 
	0xf7be, 0xd6ba, 0xbdf7, 0xbdd7, 0x41e7, 0xce59, 0xffff, 0xffff, 0xffff, 0xffff, 0x9cf3, 0x4a29, 0xef3c, 0xe71c, 0x630c, 0x528a, 
	0x5acb, 0x5aca, 0x5aca, 0x5aca, 0x5aaa, 0x5aca, 0xe73c, 0xffff, 0xffff, 0xffff, 0x8c31, 0x5acb, 0xf79e, 0xffff, 0xffff, 0xffff, 
	0xffff, 0xffff, 0xffff, 0xffff, 0xffff, 0xffff, 0xffff, 0xffff, 0xffff, 0xffff, 0xffff, 0xffff, 0xffff, 0xffff, 0xffff, 0xffff, 
	0xffff, 0xffff, 0xffff, 0xffff, 0xffff, 0xffff, 0xffff, 0xffff, 0xffff, 0xffff, 0xffff, 0xffff, 0xffff, 0xffff, 0xffff, 0xffff, 
	0xffff, 0xffff, 0xffff, 0xffff, 0xffff, 0xa534, 0x4a49, 0xe73c, 0xffff, 0xffff, 0x9492, 0x4a69, 0x5aca, 0x5aaa, 0x5aca, 0x5aca, 
	0x5aaa, 0x528a, 0xd69a, 0xffff, 0xffff, 0x94b2, 0x4a69, 0xe73c, 0xffff, 0xffff, 0xffff, 0xffff, 0x83ef, 0x5aaa, 0xe71c, 0x9492, 
	0xce39, 0xffdf, 0xffff, 0xffff, 0xffff, 0xffff, 0xffff, 0xffff, 0xffff, 0xffff, 0xffff, 0xffff, 0xffdf, 0xbdd7, 0xce79, 0xffff, 
	0xffff, 0xffff, 0xffff, 0xffff, 0xffff, 0xffff, 0xffff, 0xffff, 0xc618, 0xce79, 0xffff, 0xffff, 0xffff, 0xffff, 0xffff, 0xffff, 
	0xf79e, 0x73ae, 0x4a49, 0xc638, 0xffff, 0xffff, 0xffff, 0xd679, 0x6b4d, 0x52aa, 0x9c70, 0xef3b, 0xffff, 0xffff, 0xffff, 0xffff, 
	0xffff, 0xffff, 0xffff, 0xffff, 0xffff, 0xffff, 0xfffe, 0xcdb3, 0xe6d8, 0xffff, 0xffdf, 0xf7fe, 0xffff, 0xee57, 0xcd10, 0xff9d, 
	0xffff, 0xffff, 0xffff, 0xf75a, 0xcd10, 0xffbd, 0xffff, 0xffff, 0xffff, 0xffff, 0xffff, 0xffbd, 0xcd10, 0xf75c, 0xffff, 0xffff, 
	0xffff, 0xff9c, 0xcd0f, 0xe696, 0xffff, 0xffff, 0xfffe, 0xffff, 0xe698, 0xd5d3, 0xffff, 0xffff, 0xffff, 0xffff, 0xffff, 0xffff, 
	0xffff, 0xffff, 0xffff, 0xffff, 0xffff, 0xef1b, 0x9430, 0x528a, 0x738e, 0xdeba, 0xffff, 0xffff, 0xffff, 0xbdd7, 0x5269, 0x8430, 
	0xf7be, 0xffff, 0xffff, 0xffff, 0xffff, 0xffff, 0xf7be, 0xb5b6, 0xe71c, 0xffff, 0xffff, 0xffff, 0xffff, 0xffff, 0xffff, 0xffff, 
	0xffff, 0xef7d, 0xb5b6, 0xdedb, 0xffff, 0xffff, 0xffff, 0xffff, 0xffff, 0xffff, 0xffff, 0xffff, 0xffff, 0xffff, 0xffff, 0xdefb, 
	0xbdb6, 0xa534, 0xdefb, 0x4a49, 0x9492, 0xffff, 0xffff, 0xffff, 0xffff, 0xdedb, 0x4208, 0xa534, 0xffff, 0xffff, 0xd69a, 0x528a, 
	0x5aaa, 0x5aca, 0x5aca, 0x5aca, 0x5acb, 0x4a69, 0x9cb2, 0xffff, 0xffff, 0xdedb, 0x4208, 0xb596, 0xffff, 0xffff, 0xffff, 0xffff, 
	0xffff, 0xffff, 0xffff, 0xffff, 0xffff, 0xffff, 0xffff, 0xffff, 0xffff, 0xffff, 0xffff, 0xffff, 0xffff, 0xffff, 0xffff, 0xffff, 
	0xffff, 0xffff, 0xffff, 0xffff, 0xffff, 0xffff, 0xffff, 0xffff, 0xffff, 0xffff, 0xffff, 0xffff, 0xffff, 0xffff, 0xffff, 0xffff, 
	0xffff, 0xffff, 0xffff, 0xffff, 0xffff, 0xf79e, 0x528a, 0x8c71, 0xffff, 0xc638, 0x528a, 0x5aaa, 0x5aca, 0x5aca, 0x5aca, 0x5aca, 
	0x4a49, 0x9cb3, 0xffff, 0xffff, 0xffff, 0xf79e, 0x5acb, 0x7bcf, 0xffff, 0xffff, 0xffff, 0xffff, 0xef5d, 0x528a, 0x8410, 0xdedb, 
	0xb596, 0xffff, 0xffdf, 0xffff, 0xffff, 0xffff, 0xffff, 0xffff, 0xffff, 0xffff, 0xffff, 0xf79e, 0xb5b6, 0xd6ba, 0xffff, 0xffff, 
	0xffff, 0xffff, 0xffff, 0xffff, 0xffff, 0xffff, 0xffff, 0xce59, 0xc638, 0xffff, 0xffff, 0xffff, 0xffff, 0xffff, 0xffff, 0xffff, 
	0xef5d, 0xc638, 0xb596, 0x4a69, 0x8c71, 0xf79e, 0xffff, 0xdedb, 0xa514, 0x52aa, 0x4a69, 0x5acb, 0xad96, 0xf7df, 0xffff, 0xffff, 
	0xffff, 0xffff, 0xffff, 0xffff, 0xffff, 0xffff, 0xffff, 0xde77, 0xde14, 0xffff, 0xf7ff, 0xfffe, 0xe676, 0xccf0, 0xff9c, 0xffff, 
	0xffff, 0xffff, 0xfffe, 0xffff, 0xddd3, 0xde15, 0xffff, 0xffde, 0xffff, 0xfffe, 0xffff, 0xd5f5, 0xddf4, 0xffff, 0xffde, 0xffff, 
	0xffff, 0xffff, 0xf79b, 0xc4f0, 0xe698, 0xffff, 0xf7ff, 0xf7ff, 0xddd2, 0xe697, 0xffff, 0xffff, 0xffff, 0xffff, 0xffff, 0xffff, 
	0xffff, 0xffff, 0xffff, 0xf7be, 0xa555, 0x52aa, 0x4a49, 0x52aa, 0xa4f3, 0xdefb, 0xffff, 0xef7d, 0x8410, 0x526a, 0xad34, 0xce59, 
	0xffff, 0xffff, 0xffff, 0xffff, 0xffff, 0xffff, 0xffff, 0xef7d, 0xb596, 0xef5d, 0xffff, 0xffff, 0xffff, 0xffff, 0xffff, 0xffff, 
	0xffff, 0xffff, 0xf79e, 0xbdd7, 0xd6ba, 0xffff, 0xffff, 0xffff, 0xffff, 0xffff, 0xffff, 0xffff, 0xffff, 0xffff, 0xffdf, 0xffff, 
	0xad34, 0xdefb, 0x738e, 0x62ec, 0xf79e, 0xffff, 0xffdf, 0xffff, 0xffdf, 0x6b4d, 0x6b4d, 0xffbf, 0xffff, 0xffff, 0xffff, 0x9492, 
	0x4a69, 0x5aca, 0x5aca, 0x5aca, 0x5aca, 0x52aa, 0x528a, 0xce38, 0xffff, 0x7bcf, 0x630c, 0xffbe, 0xffff, 0xffff, 0xffff, 0xffff, 
	0xffff, 0xffff, 0xffff, 0xffff, 0xffff, 0xffff, 0xffff, 0xffff, 0xffff, 0xffff, 0xffff, 0xffff, 0xffff, 0xffff, 0xffff, 0xffff, 
	0xffff, 0xffff, 0xffff, 0xffff, 0xffff, 0xffff, 0xffff, 0xffff, 0xffff, 0xffff, 0xffff, 0xffff, 0xffff, 0xffff, 0xffff, 0xffff, 
	0xffff, 0xffff, 0xffff, 0xffdf, 0xffff, 0xffff, 0xbdb7, 0x4a49, 0xad55, 0x5acb, 0x528a, 0x5aca, 0x5aca, 0x5aca, 0x5aca, 0x5aaa, 
	0x528a, 0xd6ba, 0xffff, 0xffff, 0xffff, 0xffff, 0xc638, 0x39e7, 0xbdd7, 0xffff, 0xffff, 0xffff, 0xffff, 0xce38, 0x41e8, 0xb596, 
	0xc618, 0xce59, 0xffff, 0xffdf, 0xffff, 0xffff, 0xffff, 0xffff, 0xffff, 0xffff, 0xef7d, 0xb5b6, 0xdefb, 0xffff, 0xffff, 0xffff, 
	0xffff, 0xffff, 0xffff, 0xffff, 0xffff, 0xffff, 0xd69a, 0xc618, 0xffff, 0xffff, 0xffff, 0xffff, 0xffff, 0xffff, 0xffff, 0xffff, 
	0xc638, 0xef5d, 0xffff, 0xdefb, 0x6b6d, 0x5acb, 0xc638, 0x6b4d, 0x4a49, 0x5289, 0xad75, 0x94b2, 0x4228, 0x5aeb, 0xb595, 0xf79e, 
	0xffff, 0xffff, 0xffff, 0xffff, 0xffff, 0xffff, 0xffff, 0xf75b, 0xcd51, 0xfffe, 0xffff, 0xe676, 0xc510, 0xf79c, 0xffff, 0xffff, 
	0xffff, 0xffff, 0xfffe, 0xffff, 0xff9b, 0xccf0, 0xf77c, 0xffff, 0xffdf, 0xffff, 0xf75b, 0xcd10, 0xffbd, 0xffff, 0xffff, 0xffff, 
	0xffff, 0xffff, 0xffff, 0xf77c, 0xc510, 0xe697, 0xffff, 0xffdd, 0xc550, 0xf77c, 0xffff, 0xffff, 0xffff, 0xffff, 0xffff, 0xffff, 
	0xffff, 0xf79d, 0xad55, 0x52aa, 0x4a28, 0x9cf3, 0x8410, 0x5289, 0x4208, 0x9cf3, 0xc638, 0x528a, 0x738e, 0xe71c, 0xffff, 0xce59, 
	0xce59, 0xffff, 0xffff, 0xffff, 0xffff, 0xffff, 0xffff, 0xffff, 0xe73c, 0xb5b6, 0xef7d, 0xffff, 0xffff, 0xffff, 0xffff, 0xffff, 
	0xffff, 0xffff, 0xffff, 0xf7be, 0xbdd7, 0xce79, 0xffff, 0xffff, 0xffff, 0xffff, 0xffff, 0xffff, 0xffff, 0xffff, 0xffff, 0xbdf7, 
	0xce59, 0xa534, 0x4208, 0xd69a, 0xffff, 0xffdf, 0xffff, 0xffff, 0xa534, 0x4208, 0xd6ba, 0xffff, 0xffff, 0xffff, 0xffff, 0xce79, 
	0x4a69, 0x5aca, 0x5aca, 0x5aaa, 0x52aa, 0x5aca, 0x528a, 0x5acb, 0xa4f4, 0x4a49, 0xce59, 0xffff, 0xffdf, 0xf7be, 0xffff, 0xffff, 
	0xffff, 0xffff, 0xffdf, 0xffff, 0xffff, 0xffff, 0xffff, 0xffff, 0xffff, 0xffff, 0xffff, 0xffff, 0xffff, 0xffff, 0xffff, 0xffff, 
	0xffff, 0xffff, 0xffff, 0xffff, 0xffff, 0xffff, 0xffff, 0xffff, 0xffff, 0xffff, 0xffff, 0xffff, 0xffff, 0xffff, 0xffff, 0xffff, 
	0xffff, 0xffff, 0xffff, 0x8c71, 0x7bef, 0xb5b6, 0xdefb, 0x738e, 0x4a49, 0x528a, 0x4a49, 0x4a69, 0x4a69, 0x4a49, 0x4a69, 0x528a, 
	0x62eb, 0xf7be, 0xffff, 0xffff, 0xffff, 0xffff, 0xffff, 0x9471, 0x4a49, 0xe73c, 0xffff, 0xffff, 0xffff, 0xffff, 0x9cd3, 0x4208, 
	0xd6ba, 0xad75, 0xdefb, 0xffff, 0xffff, 0xffff, 0xffff, 0xffff, 0xffff, 0xe73c, 0xb596, 0xe73c, 0xffff, 0xffff, 0xffff, 0xffff, 
	0xffff, 0xffff, 0xffff, 0xffff, 0xffff, 0xdedb, 0xbdd7, 0xffdf, 0xffff, 0xffff, 0xffff, 0xffff, 0xffff, 0xffff, 0xffff, 0xad55, 
	0x4228, 0xd6ba, 0xffff, 0xffff, 0xffff, 0xad55, 0x5aab, 0x52ab, 0x52aa, 0x4a48, 0x94b2, 0xffff, 0xdefb, 0x8c30, 0x4a28, 0x52aa, 
	0xa514, 0xe73c, 0xffff, 0xffff, 0xffff, 0xffff, 0xffff, 0xffde, 0xcd31, 0xffbb, 0xe696, 0xccd0, 0xff5c, 0xffff, 0xffff, 0xffff, 
	0xfffe, 0xfffe, 0xf7ff, 0xffff, 0xffff, 0xe636, 0xd5b3, 0xffff, 0xffde, 0xffff, 0xd571, 0xe677, 0xffff, 0xffff, 0xf7ff, 0xfffe, 
	0xffff, 0xffff, 0xffff, 0xffff, 0xf77b, 0xc4f0, 0xeeb8, 0xff5a, 0xcd31, 0xfffe, 0xffff, 0xffff, 0xffff, 0xffff, 0xffff, 0xe71c, 
	0x9cd3, 0x5269, 0x4a28, 0x9471, 0xe71b, 0xffff, 0x6b4d, 0x5289, 0x5aaa, 0x630c, 0x5acb, 0xb596, 0xffff, 0xffff, 0xffff, 0xffdf, 
	0xbdd7, 0xe71c, 0xffff, 0xffff, 0xffff, 0xffff, 0xffff, 0xffff, 0xffff, 0xe71c, 0xb5b6, 0xf7be, 0xffff, 0xffff, 0xffff, 0xffff, 
	0xffff, 0xffff, 0xffff, 0xffff, 0xffdf, 0xc618, 0xc638, 0xffff, 0xffff, 0xffff, 0xffff, 0xffff, 0xffff, 0xffff, 0xd6ba, 0xb596, 
	0xce59, 0x41e8, 0xad55, 0xffff, 0xffdf, 0xffff, 0xffff, 0xdedb, 0x4208, 0x9cf3, 0xffff, 0xffff, 0xffff, 0xffff, 0xffff, 0xef5d, 
	0x5acb, 0x5289, 0x4a49, 0x528a, 0x52aa, 0x5269, 0x4a49, 0x528a, 0x4a49, 0x7bae, 0xd679, 0x9cd3, 0x6b4d, 0x8c71, 0xffff, 0xffff, 
	0xffff, 0xffff, 0xffff, 0xffff, 0xffff, 0xffff, 0xffff, 0xffff, 0xffff, 0xffff, 0xffff, 0xffff, 0xffff, 0xffff, 0xffff, 0xffff, 
	0xffff, 0xffff, 0xffff, 0xffff, 0xffff, 0xffff, 0xffff, 0xffff, 0xffff, 0xffff, 0xffff, 0xffff, 0xffff, 0xffff, 0xffff, 0xffdf, 
	0xffff, 0xffff, 0xf79e, 0x5aeb, 0x4a49, 0x4a49, 0x5acb, 0x5aeb, 0x4a69, 0x6b4c, 0xad34, 0xc618, 0xce79, 0xc618, 0x9cd3, 0x5aeb, 
	0x5acb, 0xce59, 0xf7be, 0xffff, 0xffff, 0xffff, 0xffff, 0xf79e, 0x62ec, 0x73ae, 0xc618, 0xf7be, 0xffff, 0xffff, 0xffdf, 0x738e, 
	0x5aeb, 0xe71c, 0xa534, 0xf79e, 0xffff, 0xffdf, 0xffff, 0xffff, 0xdefb, 0xb5b6, 0xef5d, 0xffff, 0xffff, 0xffff, 0xffff, 0xffff, 
	0xffff, 0xffff, 0xffff, 0xffff, 0xe71c, 0xb5b6, 0xf7be, 0xffff, 0xffff, 0xffff, 0xffff, 0xffff, 0xffff, 0xffff, 0x8410, 0x0000, 
	0x0000, 0x7bcf, 0xffff, 0xffff, 0xef5d, 0xffff, 0xe71c, 0x73ae, 0x4a69, 0x5aeb, 0xce79, 0xffff, 0xffff, 0xffff, 0xdefb, 0x9492, 
	0x5269, 0x4a49, 0x8410, 0xc638, 0xf7be, 0xffff, 0xffff, 0xffff, 0xd5d4, 0xd571, 0xcd31, 0xf75c, 0xffff, 0xffff, 0xffff, 0xffff, 
	0xffff, 0xffff, 0xffff, 0xffff, 0xffff, 0xffdd, 0xc530, 0xef3a, 0xffff, 0xeed9, 0xcd31, 0xfffe, 0xffff, 0xffff, 0xffff, 0xffff, 
	0xffff, 0xffff, 0xffff, 0xffff, 0xffff, 0xf75b, 0xcd31, 0xd551, 0xde15, 0xffff, 0xffff, 0xffff, 0xf79e, 0xc618, 0x7bcf, 0x4a29, 
	0x528a, 0x9cb2, 0xe71c, 0xffff, 0xffff, 0xffff, 0xce59, 0x5aeb, 0x4a49, 0x8430, 0xef5d, 0xffff, 0xffff, 0xffff, 0xffff, 0xffff, 
	0xef7d, 0xb5b6, 0xf79e, 0xffff, 0xffff, 0xffff, 0xffff, 0xffff, 0xffff, 0xffff, 0xdedb, 0xbdd7, 0xffdf, 0xffff, 0xffff, 0xffff, 
	0xffff, 0xffff, 0xffff, 0xffff, 0xffff, 0xffff, 0xce59, 0xbdf7, 0xffdf, 0xffff, 0xffff, 0xffdf, 0xffff, 0xef5d, 0xad35, 0xe6fb, 
	0x528a, 0x8410, 0xffff, 0xffff, 0xffff, 0xe71c, 0xad55, 0x6b4d, 0x736d, 0xf7be, 0xffff, 0xffff, 0xffff, 0xffff, 0xef7d, 0xbdf7, 
	0x528a, 0x6b6d, 0xb596, 0xd6ba, 0xdefb, 0xce79, 0xb596, 0x6b6d, 0x4a69, 0x5aeb, 0x528a, 0x4a49, 0x4a49, 0x632c, 0xf7be, 0xffff, 
	0xffff, 0xffff, 0xffff, 0xffff, 0xffff, 0xffff, 0xffff, 0xffff, 0xffff, 0xffff, 0xffff, 0xffff, 0xffff, 0xffff, 0xffff, 0xffff, 
	0xffff, 0xffff, 0xffff, 0xffff, 0xffff, 0xffff, 0xffff, 0xffff, 0xffff, 0xffff, 0xffff, 0xffff, 0xffff, 0xffff, 0xffff, 0xffff, 
	0xffff, 0xffff, 0xce79, 0x4a69, 0x5acb, 0x5aca, 0x5289, 0x73ae, 0x8410, 0x632c, 0xffff, 0xffff, 0xffff, 0xffff, 0xffff, 0xc638, 
	0x4a69, 0x4228, 0xce59, 0xffff, 0xffff, 0xffff, 0xffff, 0xffff, 0xbdb7, 0x4208, 0x528a, 0xef5d, 0xffff, 0xffff, 0xffff, 0xe73c, 
	0x528a, 0x7bef, 0xe6fb, 0xa534, 0xffdf, 0xffff, 0xffff, 0xdedb, 0xbdd7, 0xf79e, 0xffff, 0xffff, 0xffff, 0xffff, 0xffff, 0xffff, 
	0xffff, 0xffff, 0xffff, 0xe73c, 0xb5b6, 0xef7d, 0xffff, 0xffff, 0xffff, 0xffff, 0xffff, 0xffff, 0xffff, 0xffdf, 0x528a, 0x0000, 
	0x0000, 0x3186, 0xc618, 0x528a, 0x39c7, 0xffff, 0xdedb, 0xd69a, 0xd69a, 0x73ae, 0x5aeb, 0xa534, 0xf79e, 0xffff, 0xffff, 0xffff, 
	0xef5d, 0xad75, 0x6b2d, 0x4228, 0x5acb, 0x9492, 0xce79, 0xf7be, 0xeef9, 0xd511, 0xffbd, 0xffff, 0xffff, 0xffff, 0xffff, 0xffff, 
	0xffff, 0xffff, 0xffff, 0xffff, 0xffff, 0xffff, 0xeeb8, 0xd551, 0xffdd, 0xcd11, 0xeefa, 0xffff, 0xfffe, 0xffff, 0xffff, 0xffff, 
	0xffff, 0xffff, 0xffff, 0xffff, 0xffdf, 0xffff, 0xff9b, 0xcd10, 0xf73b, 0xf79e, 0xc638, 0x8c71, 0x5acb, 0x4228, 0x6b6d, 0xb596, 
	0xf77e, 0xffff, 0xffff, 0xffff, 0xef7d, 0xa514, 0x5aeb, 0x7bef, 0xce59, 0xc638, 0xffff, 0xe73c, 0x630c, 0x632c, 0x7bcf, 0xdefb, 
	0xffff, 0xdedb, 0xbdf7, 0xffff, 0xffff, 0xffff, 0xffff, 0xffff, 0xffff, 0xffff, 0xffff, 0xd69a, 0xbdf7, 0xffff, 0xffff, 0xffff, 
	0xffff, 0xffff, 0xffff, 0xffff, 0xffff, 0xffff, 0xffff, 0xd69a, 0xbdd7, 0xf7be, 0xffff, 0xffff, 0xf7be, 0xa514, 0xe6fc, 0x6b6d, 
	0x5aeb, 0xf79e, 0xffff, 0xffff, 0xffff, 0xd6ba, 0x4228, 0x4208, 0xc618, 0xffff, 0xffff, 0xffff, 0xffff, 0xffff, 0xad55, 0x39e7, 
	0x52aa, 0xe73c, 0xffff, 0xffff, 0xffff, 0xffff, 0xf7be, 0x5acb, 0x8c71, 0x736d, 0x528a, 0x5acb, 0x5aab, 0x528a, 0xd6ba, 0xffff, 
	0xffdf, 0xffff, 0xffff, 0xffff, 0xffff, 0xffff, 0xffff, 0xffff, 0xffff, 0xffff, 0xffff, 0xffff, 0xffff, 0xffff, 0xffff, 0xffff, 
	0xffff, 0xffff, 0xffff, 0xffff, 0xffff, 0xffff, 0xffff, 0xffff, 0xffff, 0xffff, 0xffff, 0xffff, 0xffff, 0xffff, 0xffff, 0xffff, 
	0xffff, 0xffff, 0xb5b6, 0x4a69, 0x5aab, 0x5aca, 0x4a69, 0xa513, 0xef7d, 0x4a48, 0x9cf3, 0xffff, 0xffff, 0xffff, 0xffff, 0xc638, 
	0x52aa, 0x52aa, 0xef5d, 0xffff, 0xffff, 0xffff, 0xffff, 0xb596, 0x528a, 0x62ec, 0x528a, 0xd67a, 0xffff, 0xffff, 0xffff, 0xffff, 
	0xd69a, 0x4208, 0x9cf3, 0xd69a, 0xb596, 0xffff, 0xd69a, 0xbdd7, 0xf7be, 0xffff, 0xffff, 0xffff, 0xffff, 0xffff, 0xffff, 0xffff, 
	0xffff, 0xffff, 0xef7d, 0xb5b6, 0xef5d, 0xffff, 0xffff, 0xffff, 0xffff, 0xffff, 0xffff, 0xffff, 0xffff, 0xb596, 0x1082, 0x0000, 
	0x39c7, 0xc638, 0x18e3, 0x0000, 0x0000, 0xb596, 0xc618, 0xf7be, 0xffff, 0xffff, 0xbdf7, 0x632c, 0x5acb, 0xa514, 0xef5d, 0xffff, 
	0xffff, 0xffff, 0xffff, 0xd6ba, 0x94b2, 0x5aeb, 0x4228, 0x5acb, 0x8bee, 0xad74, 0xdefb, 0xf7bf, 0xffff, 0xffff, 0xffff, 0xffff, 
	0xffff, 0xffff, 0xffff, 0xffff, 0xf7ff, 0xffff, 0xffde, 0xd572, 0xd551, 0xd5d4, 0xffff, 0xffff, 0xffff, 0xffff, 0xffff, 0xffff, 
	0xffff, 0xffff, 0xffff, 0xffff, 0xffff, 0xf7be, 0xdefa, 0xad53, 0x8bcf, 0x5aaa, 0x4a49, 0x632c, 0x9cf3, 0xdedb, 0xffff, 0xffff, 
	0xffff, 0xffff, 0xef5d, 0x9cf3, 0x5acb, 0x6b4d, 0xc638, 0xffff, 0xffff, 0xd69a, 0xdedb, 0x9492, 0x0000, 0x0000, 0x0000, 0xd69a, 
	0xffff, 0xffff, 0xc638, 0xd69a, 0xffff, 0xffff, 0xffff, 0xffff, 0xffff, 0xffff, 0xffff, 0xffff, 0xce59, 0xc638, 0xffff, 0xffff, 
	0xffff, 0xffff, 0xffff, 0xffff, 0xffff, 0xffff, 0xffff, 0xffff, 0xdedb, 0xbdd7, 0xf79e, 0xffff, 0xad55, 0xdedb, 0x8c71, 0x4a29, 
	0xdefb, 0xffff, 0xffff, 0xffff, 0xffff, 0xc618, 0x526a, 0x630c, 0x528a, 0xbdb6, 0xffff, 0xffff, 0xffdf, 0xffff, 0xce79, 0x4a49, 
	0x630c, 0xdefb, 0xffff, 0xffff, 0xffff, 0xffff, 0x8c71, 0x5289, 0xf79e, 0x94b2, 0x4a69, 0x5aaa, 0x5aab, 0x4a29, 0xad75, 0xffff, 
	0xffff, 0xffff, 0xffff, 0xffff, 0xffff, 0xffff, 0xffff, 0xffff, 0xffff, 0xffff, 0xffff, 0xffff, 0xffff, 0xffff, 0xffff, 0xffff, 
	0xffff, 0xffff, 0xffff, 0xffff, 0xffff, 0xffff, 0xffff, 0xffff, 0xffff, 0xffff, 0xffff, 0xffff, 0xffff, 0xffff, 0xffff, 0xffff, 
	0xffff, 0xffff, 0xdefb, 0x6b6d, 0x526a, 0x528a, 0x4a69, 0xce58, 0xffff, 0xa534, 0x4228, 0xdedb, 0xffff, 0xffff, 0xffff, 0xffff, 
	0xef7d, 0xd6ba, 0xffdf, 0xffff, 0xffff, 0xef7d, 0x8430, 0x39e7, 0x9492, 0xef7d, 0x7bcf, 0x52aa, 0xef5d, 0xffff, 0xffff, 0xffff, 
	0xffff, 0xb596, 0x39e7, 0xbdd7, 0xce38, 0xa4f4, 0xce59, 0xffdf, 0xffff, 0xffff, 0xffff, 0xffff, 0xffff, 0xffff, 0xffff, 0xffff, 
	0xffff, 0xf7be, 0xb5b6, 0xe71c, 0xffff, 0xffff, 0xffff, 0xffff, 0xffff, 0xffff, 0xffff, 0xffff, 0xdefb, 0x4228, 0x0000, 0x0000, 
	0xce59, 0xf79e, 0x18c3, 0x0000, 0x0861, 0x6b6d, 0xe71c, 0xffff, 0xffff, 0xffff, 0xffff, 0xffff, 0xc638, 0x6b2c, 0x5acb, 0x9cd3, 
	0xd6ba, 0xffff, 0xffff, 0xffff, 0xffff, 0xf79e, 0xce79, 0x94b2, 0x5269, 0x52aa, 0x4a48, 0x5aec, 0x73f0, 0xa4f3, 0xc618, 0xd6ba, 
	0xe73c, 0xf7be, 0xffff, 0xffff, 0xffff, 0xffff, 0xffff, 0xff9c, 0xccef, 0xffbd, 0xffff, 0xffff, 0xffff, 0xffff, 0xffff, 0xf7be, 
	0xe73c, 0xd6ba, 0xbdf7, 0x9cd3, 0x73cf, 0x52ea, 0x4a48, 0x4a8b, 0x5aaa, 0xad34, 0xd69a, 0xf79e, 0xffff, 0xffff, 0xffff, 0xffff, 
	0xd69a, 0x8c51, 0x528a, 0x6b6d, 0xc638, 0xffff, 0xffff, 0xffff, 0xffff, 0xffdf, 0xc618, 0x2104, 0x0000, 0x0020, 0x0020, 0xa514, 
	0xffff, 0xffff, 0xffdf, 0xb5b6, 0xef5d, 0xffff, 0xffff, 0xffff, 0xffff, 0xffff, 0xffff, 0xffff, 0xffff, 0xc618, 0xce79, 0xffff, 
	0xffff, 0xffff, 0xffff, 0xffff, 0xffff, 0xffff, 0xffff, 0xffff, 0xffff, 0xdefb, 0xc618, 0xad55, 0xd679, 0xad35, 0x39e7, 0xc618, 
	0xffff, 0xffff, 0xffff, 0xffff, 0xdefb, 0x4a49, 0x8c51, 0xf79e, 0x8c71, 0x41e7, 0x8c51, 0xf79e, 0xffff, 0xffff, 0xf79e, 0xd6ba, 
	0xf79e, 0xffff, 0xffff, 0xf7be, 0xffff, 0xc638, 0x4207, 0xb5b6, 0xffff, 0xbdd6, 0x4a48, 0x5aaa, 0x5acb, 0x5aeb, 0xbdf7, 0xf7be, 
	0xffff, 0xffff, 0xffff, 0xffff, 0xffff, 0xffff, 0xffff, 0xffff, 0xffff, 0xffff, 0xffff, 0xffff, 0xffff, 0xffff, 0xffff, 0xffff, 
	0xffff, 0xffff, 0xffff, 0xffff, 0xffff, 0xffff, 0xffff, 0xffff, 0xffff, 0xffff, 0xffff, 0xffff, 0xffff, 0xffff, 0xffff, 0xffff, 
	0xffff, 0xffff, 0xffff, 0xef7d, 0xbdf7, 0xa514, 0x8c71, 0xef5c, 0xffff, 0xffde, 0x632c, 0x738e, 0xffdf, 0xffff, 0xffff, 0xffff, 
	0xffff, 0xffff, 0xffff, 0xffff, 0xce79, 0x5acb, 0x4a69, 0xc618, 0xffff, 0xffff, 0xef5d, 0x52aa, 0x73ae, 0xffdf, 0xffff, 0xffff, 
	0xffff, 0xffff, 0x9cd3, 0x4208, 0xce59, 0xbdb7, 0xc638, 0xffff, 0xffff, 0xffff, 0xffff, 0xffff, 0xffff, 0xffff, 0xffff, 0xffff, 
	0xf7be, 0xbdd7, 0xdedb, 0xffff, 0xffff, 0xffff, 0xffff, 0xffff, 0xffff, 0xffff, 0xffff, 0xef5d, 0x94b2, 0x0020, 0x0000, 0x5aeb, 
	0xffff, 0x6b4d, 0x0000, 0x0841, 0xa534, 0xce59, 0xffff, 0xffff, 0xffff, 0xffff, 0xef7d, 0xce79, 0xe73c, 0xd6ba, 0xce59, 0xa514, 
	0x630c, 0x6b6d, 0xb596, 0xe73c, 0xffff, 0xffff, 0xffff, 0xdf1c, 0xa535, 0xef3c, 0xc618, 0xa534, 0x73ae, 0x5aeb, 0x4a69, 0x4a49, 
	0x528a, 0x5aeb, 0x6b4d, 0x7bcf, 0x8c30, 0x9492, 0x9cd3, 0xa513, 0x9cb1, 0xa512, 0x9cd3, 0x9472, 0x7c50, 0x7bae, 0x6b4d, 0x5aeb, 
	0x4a69, 0x4a49, 0x4a69, 0x5aeb, 0x7bce, 0xa555, 0xce79, 0xef1b, 0x73cf, 0xef9e, 0xffff, 0xffff, 0xffdf, 0xe71c, 0xad75, 0x6b4d, 
	0x528a, 0x8430, 0xc618, 0xce59, 0xffff, 0xffff, 0xffff, 0xffff, 0xffff, 0xffff, 0x9cf3, 0x10a2, 0x52aa, 0x0020, 0x0000, 0x2104, 
	0xef5d, 0xffff, 0xffff, 0xef5d, 0xb5b6, 0xf7be, 0xffff, 0xffff, 0xffff, 0xffff, 0xffff, 0xffff, 0xffff, 0xffdf, 0xbdf7, 0xd6ba, 
	0xffff, 0xffff, 0xffff, 0xffff, 0xffff, 0xffff, 0xffff, 0xffff, 0xffff, 0xffff, 0xb596, 0xbdd7, 0xc5f7, 0x39e7, 0xad55, 0xffff, 
	0xffff, 0xffff, 0xffff, 0xf7be, 0x632c, 0x630c, 0xf7be, 0xffff, 0xffff, 0xbdd7, 0x4a49, 0x5aeb, 0xd6ba, 0xffff, 0xffff, 0xffff, 
	0xffff, 0xffff, 0xffdf, 0xf7be, 0xf7be, 0x8410, 0x7bae, 0xffff, 0xffbe, 0xe71b, 0x94b2, 0xbdd7, 0xdedb, 0xf79e, 0xffff, 0xffff, 
	0xffff, 0xffff, 0xffff, 0xffff, 0xffff, 0xffff, 0xffff, 0xffff, 0xffff, 0xffff, 0xffff, 0xffff, 0xffff, 0xffff, 0xffff, 0xffff, 
	0xffff, 0xffff, 0xffff, 0xffff, 0xffff, 0xffff, 0xffff, 0xffff, 0xffff, 0xffff, 0xffff, 0xffff, 0xffff, 0xffff, 0xffff, 0xffff, 
	0xffff, 0xffff, 0xffff, 0xffff, 0xffff, 0xffff, 0xf7be, 0xf7be, 0xffff, 0xffff, 0xd6ba, 0x4208, 0xad55, 0xffff, 0xffff, 0xffff, 
	0xffff, 0xffff, 0xffff, 0xa514, 0x4208, 0x73ae, 0xe73c, 0xffff, 0xffff, 0xffff, 0xffff, 0xd6ba, 0x4208, 0x9492, 0xffff, 0xffff, 
	0xffdf, 0xffff, 0xffff, 0x8430, 0x4a29, 0xd6ba, 0xb5b6, 0xd67a, 0xffff, 0xffff, 0xffff, 0xffff, 0xffff, 0xffff, 0xffff, 0xffdf, 
	0xbdf7, 0xd6ba, 0xffff, 0xffff, 0xffff, 0xffff, 0xffff, 0xffff, 0xffff, 0xffff, 0xf79e, 0xc638, 0x4208, 0x0000, 0x0861, 0xdefb, 
	0xd69a, 0x0841, 0x0000, 0x5aeb, 0xd69a, 0xdedb, 0xc618, 0x94b2, 0x630c, 0x39e7, 0x2104, 0x0000, 0x4208, 0xd69a, 0xffff, 0xffff, 
	0xef5d, 0xa514, 0x73ae, 0x8c51, 0xa534, 0xce79, 0xf79e, 0xbdf7, 0xce9a, 0xffff, 0xffff, 0xffff, 0xffff, 0xf7be, 0xdefb, 0xce79, 
	0xb5b6, 0xa534, 0x9492, 0x8410, 0x738d, 0x6b2d, 0x6b2c, 0x62eb, 0x4a49, 0x62eb, 0x632c, 0x6b2d, 0x738e, 0x8410, 0x9492, 0xad34, 
	0xbdf7, 0xd6ba, 0xef5d, 0xffff, 0xffff, 0xffff, 0xffff, 0xffff, 0x9492, 0xbdf7, 0xef7d, 0xce79, 0x8c71, 0x52aa, 0x6b4d, 0xad75, 
	0xef5d, 0xffff, 0xffff, 0xbdd7, 0xef5d, 0xffff, 0xffff, 0xffff, 0xffff, 0xffdf, 0x4208, 0x94b2, 0xffdf, 0x4a69, 0x0000, 0x0000, 
	0x738e, 0xffff, 0xffff, 0xffff, 0xd69a, 0xc638, 0xffff, 0xffff, 0xffff, 0xffff, 0xffff, 0xffff, 0xffff, 0xffff, 0xffdf, 0xbdd7, 
	0xdedb, 0xffff, 0xffff, 0xffff, 0xffff, 0xffff, 0xffff, 0xffff, 0xffff, 0xc638, 0xbdf7, 0xce79, 0x4208, 0x9492, 0xffff, 0xffff, 
	0xffff, 0xffff, 0xffff, 0x8410, 0x4a49, 0xe6fc, 0xffff, 0xffff, 0xffff, 0xffff, 0xe71c, 0x738e, 0x4208, 0xa534, 0xffff, 0xffff, 
	0xffdf, 0xffdf, 0xf7be, 0xffff, 0xbdb7, 0x83f0, 0xe71c, 0xffdf, 0xf7be, 0xffff, 0xffff, 0xffff, 0xffff, 0xffff, 0xef7d, 0xffff, 
	0xffff, 0xffff, 0xffff, 0xffff, 0xffff, 0xffff, 0xffff, 0xffff, 0xffff, 0xffff, 0xffff, 0xffff, 0xffff, 0xffff, 0xffff, 0xffff, 
	0xffff, 0xffff, 0xffff, 0xffff, 0xffff, 0xffff, 0xffff, 0xffff, 0xffff, 0xffff, 0xffff, 0xffff, 0xffff, 0xffff, 0xffff, 0xffff, 
	0xffff, 0xffff, 0xffff, 0xffff, 0xffdf, 0xffff, 0xffff, 0xf7be, 0xffff, 0xffff, 0xffff, 0x9cd3, 0x4a29, 0xdefb, 0xffff, 0xffff, 
	0xffff, 0xef5d, 0x73ae, 0x4208, 0xa534, 0xffff, 0xffff, 0xffff, 0xffff, 0xffff, 0xffff, 0xffff, 0xb596, 0x41e7, 0xb576, 0xffff, 
	0xffdf, 0xffff, 0xffff, 0xf7be, 0x738e, 0x4a69, 0xdefb, 0xb575, 0xd69a, 0xffff, 0xffdf, 0xffff, 0xffff, 0xffff, 0xffff, 0xc618, 
	0xce79, 0xffff, 0xffff, 0xffff, 0xffff, 0xffff, 0xffff, 0xffff, 0xffff, 0xffff, 0xd69a, 0x9cf3, 0x0020, 0x0000, 0x7bcf, 0xffff, 
	0x4a69, 0x0000, 0x1082, 0xbdf7, 0xdedb, 0x5aeb, 0x0000, 0x0000, 0x9cf3, 0x9492, 0x0000, 0x0000, 0x0000, 0xb5b6, 0xffff, 0xffdf, 
	0xf7be, 0xffff, 0xffff, 0xdefb, 0xa534, 0x8410, 0x630c, 0x5acb, 0x9cd3, 0xce59, 0xe71c, 0xffff, 0xffff, 0xffff, 0xffff, 0xffff, 
	0xffff, 0xffff, 0xffff, 0xffff, 0xffff, 0xffff, 0xe71c, 0x738e, 0x4a69, 0x7baf, 0xef5d, 0xffff, 0xffff, 0xffff, 0xffff, 0xffff, 
	0xffff, 0xffff, 0xffff, 0xffff, 0xffff, 0xffff, 0xe73c, 0xc618, 0x73ae, 0x528a, 0x8430, 0x9cf3, 0x94b2, 0xce79, 0xffff, 0xffff, 
	0xffff, 0xffff, 0xffff, 0xdedb, 0xce59, 0xffff, 0xffff, 0xffff, 0xffff, 0xbdf7, 0x0020, 0x8c71, 0xd69a, 0xce79, 0x0841, 0x0000, 
	0x0861, 0xce79, 0xffff, 0xffff, 0xffff, 0xbdf7, 0xdedb, 0xffff, 0xffff, 0xffff, 0xffff, 0xffff, 0xffff, 0xffff, 0xffff, 0xf7be, 
	0xb5b6, 0xe71c, 0xffff, 0xffff, 0xffff, 0xffff, 0xffff, 0xffff, 0xce59, 0xbdd7, 0xd69a, 0x4228, 0x8410, 0xffff, 0xffff, 0xffff, 
	0xffff, 0xffff, 0xa514, 0x41e7, 0xc618, 0xffff, 0xffff, 0xffff, 0xffff, 0xffff, 0xffff, 0xffdf, 0x9cf3, 0x39e7, 0x7bcf, 0xef5d, 
	0xffff, 0xffdf, 0xffdf, 0xd69a, 0x7bcf, 0xbdd7, 0xffff, 0xf7be, 0xffff, 0xffff, 0xffdf, 0xf79e, 0xf7de, 0xef9e, 0xef7d, 0xffff, 
	0xffff, 0xffff, 0xffff, 0xffff, 0xffff, 0xffff, 0xffff, 0xffff, 0xffff, 0xffff, 0xffff, 0xffff, 0xffff, 0xffff, 0xffff, 0xffff, 
	0xffff, 0xffff, 0xffff, 0xffff, 0xffff, 0xffff, 0xffff, 0xffff, 0xffff, 0xffff, 0xffff, 0xffff, 0xffff, 0xffff, 0xffff, 0xffff, 
	0xffff, 0xffff, 0xffff, 0xffff, 0xffff, 0xffff, 0xffdf, 0xf7be, 0xffff, 0xffff, 0xffff, 0xf79e, 0x630c, 0x6b4d, 0xffff, 0xffff, 
	0xc618, 0x528a, 0x5acb, 0xce79, 0xffff, 0xffff, 0xffff, 0xffff, 0xffff, 0xffff, 0xffff, 0xffff, 0xffff, 0x9cd3, 0x41e8, 0xc638, 
	0xffff, 0xffff, 0xffff, 0xffff, 0xf79e, 0x6b4d, 0x5aaa, 0xdefb, 0xad55, 0xd69a, 0xffff, 0xffdf, 0xffff, 0xffff, 0xce59, 0xc638, 
	0xffff, 0xffff, 0xffff, 0xffff, 0xffff, 0xffff, 0xffff, 0xffff, 0xffff, 0xd6ba, 0xce59, 0x31a6, 0x0000, 0x18e3, 0xf79e, 0xb5b6, 
	0x0000, 0x0000, 0x73ae, 0xdedb, 0xb596, 0x0020, 0x0000, 0x630c, 0xffff, 0xbdd7, 0x0020, 0x0000, 0x18c3, 0xc618, 0xffdf, 0xf79e, 
	0xffdf, 0xf7be, 0xffff, 0xe73c, 0xdedb, 0xffff, 0xdefb, 0xb5b6, 0x8c51, 0x632c, 0x5acb, 0x632c, 0x7bef, 0xad75, 0xd6ba, 0xe73c, 
	0xe73c, 0xf7be, 0xffff, 0xffff, 0xffff, 0xffff, 0xb5b6, 0x4a29, 0x52aa, 0x4a49, 0xc5f8, 0xffff, 0xffff, 0xffff, 0xffff, 0xffdf, 
	0xef7d, 0xdedb, 0xbdf7, 0xa514, 0x8410, 0x632c, 0x5acb, 0x632c, 0x8c71, 0xb5b6, 0xef5d, 0xffff, 0xd6ba, 0xd6ba, 0xffff, 0xffff, 
	0xffdf, 0xffdf, 0xffff, 0xffdf, 0xbdd7, 0xf79e, 0xffff, 0xffff, 0xffff, 0x4a69, 0x0000, 0x18e3, 0xbdf7, 0xef5d, 0x7bcf, 0x0000, 
	0x0000, 0x4a49, 0xffff, 0xffff, 0xffff, 0xf79e, 0xb5b6, 0xef7d, 0xffff, 0xffff, 0xffff, 0xffff, 0xffff, 0xffff, 0xffff, 0xffff, 
	0xef7d, 0xb5b6, 0xef5d, 0xffff, 0xffff, 0xffff, 0xffff, 0xce59, 0xb5b6, 0xdedb, 0x4a69, 0x7bcf, 0xf7be, 0xffff, 0xffff, 0xffff, 
	0xffff, 0xbdb6, 0x39c7, 0xad35, 0xffff, 0xffff, 0xffff, 0xffff, 0xffff, 0xffff, 0xffff, 0xffff, 0xffff, 0xce59, 0x52aa, 0x528a, 
	0xc638, 0xffff, 0xf79e, 0x5acb, 0x7bcf, 0xf7be, 0xffdf, 0xffdf, 0xffff, 0xffdf, 0xf79e, 0xffff, 0xffff, 0xdefb, 0xffff, 0xffff, 
	0xffff, 0xffff, 0xffff, 0xffff, 0xffff, 0xffff, 0xffff, 0xffff, 0xffff, 0xffff, 0xffff, 0xffff, 0xffff, 0xffff, 0xffff, 0xffff, 
	0xffff, 0xffff, 0xffff, 0xffff, 0xffff, 0xffff, 0xffff, 0xffff, 0xffff, 0xffff, 0xffff, 0xffff, 0xffff, 0xffff, 0xffff, 0xffff, 
	0xffff, 0xffff, 0xffff, 0xffff, 0xffff, 0xffff, 0xffdf, 0xf79e, 0xffff, 0xffdf, 0xf7be, 0xffdf, 0xd6ba, 0x62ec, 0xa4f4, 0x9cd3, 
	0x39e7, 0x8430, 0xef7d, 0xffff, 0xffff, 0xffff, 0xffff, 0xffff, 0xffff, 0xffff, 0xffff, 0xffff, 0xffff, 0xffdf, 0x8410, 0x528a, 
	0xad55, 0xd69a, 0xffff, 0xffff, 0xffff, 0xef7d, 0x632c, 0x5acb, 0xdefb, 0xad55, 0xd69a, 0xffff, 0xffff, 0xd69a, 0xc618, 0xffff, 
	0xffff, 0xffff, 0xffff, 0xffff, 0xffff, 0xffff, 0xffff, 0xffff, 0xe73c, 0xce59, 0x9cd3, 0x0000, 0x0000, 0x9cd3, 0xffff, 0x31a6, 
	0x0000, 0x2945, 0xce59, 0xd6ba, 0x4208, 0x0000, 0x1082, 0xdefb, 0xffdf, 0x39c7, 0x0000, 0x1082, 0xce59, 0xffff, 0xf7be, 0xf7be, 
	0xffdf, 0xf7be, 0xffff, 0xd6ba, 0xef5d, 0xffdf, 0xffff, 0xffff, 0xffff, 0xffff, 0xbdd7, 0xad75, 0xa514, 0x94b2, 0x94b2, 0x8c71, 
	0x7bef, 0x8430, 0x9492, 0x8410, 0x7bcf, 0x8c51, 0x9cf3, 0x7bcf, 0x738e, 0x8c30, 0xb575, 0x9cd3, 0x83ef, 0x738e, 0x6b4d, 0x632c, 
	0x5acb, 0x5aeb, 0x73ae, 0x9492, 0xad75, 0xb5b6, 0xbdf7, 0xf7be, 0xffff, 0xffff, 0xffff, 0xffff, 0xe73c, 0xbdd7, 0xffff, 0xf7be, 
	0xf7be, 0xffdf, 0xf7be, 0xffdf, 0xd69a, 0xce79, 0xffff, 0xffff, 0xffdf, 0x4a49, 0x0000, 0x0000, 0x632c, 0xd69a, 0xe73c, 0x2124, 
	0x0000, 0x0000, 0xad55, 0xffff, 0xffff, 0xffff, 0xe71c, 0xbdd7, 0xffdf, 0xffff, 0xffff, 0xffff, 0xffff, 0xffff, 0xffff, 0xffff, 
	0xffff, 0xe73c, 0xb5b6, 0xef7d, 0xffff, 0xffff, 0xce59, 0xb596, 0xd6ba, 0x4a69, 0x738e, 0xf7be, 0xffff, 0xffff, 0xffff, 0xbdf7, 
	0x9492, 0x4a69, 0x9492, 0xffff, 0xffff, 0xffff, 0xffff, 0xffff, 0xffff, 0xffff, 0xffff, 0xffff, 0xffff, 0xffff, 0xef5d, 0x8410, 
	0x39e7, 0xa4f4, 0x9472, 0x630c, 0xdefb, 0xffdf, 0xf7be, 0xf7be, 0xffff, 0xffdf, 0xf7be, 0xffff, 0xf7be, 0xffff, 0xffff, 0xffff, 
	0xffff, 0xffff, 0xffff, 0xffff, 0xffff, 0xffff, 0xffff, 0xffff, 0xffff, 0xffff, 0xffff, 0xffff, 0xffff, 0xffff, 0xffff, 0xffff, 
	0xffff, 0xffff, 0xffff, 0xffff, 0xffff, 0xffff, 0xffff, 0xffff, 0xffff, 0xffff, 0xffff, 0xffff, 0xffff, 0xffff, 0xffff, 0xffff, 
	0xffff, 0xffff, 0xffff, 0xffff, 0xffff, 0xffff, 0xffff, 0xf7be, 0xffdf, 0xf7be, 0xffff, 0xffdf, 0xffff, 0x9cd3, 0x4208, 0x52aa, 
	0xb5b6, 0xffff, 0xffff, 0xffff, 0xffff, 0xffff, 0xffff, 0xffff, 0xffff, 0xffff, 0xffff, 0xffff, 0xffff, 0xffff, 0xffbf, 0x630c, 
	0x39a7, 0xa514, 0xffff, 0xffff, 0xffff, 0xffff, 0xef7d, 0x630c, 0x5acb, 0xe6fb, 0xb575, 0xd69a, 0xe71c, 0xbdd7, 0xffdf, 0xffff, 
	0xffff, 0xffff, 0xffff, 0xffff, 0xffff, 0xffff, 0xffff, 0xf7be, 0xbdf7, 0xdedb, 0x2104, 0x0000, 0x3186, 0xffff, 0x9cd3, 0x0000, 
	0x0000, 0x8c71, 0xdedb, 0xa514, 0x0000, 0x0000, 0x8410, 0xffff, 0x9cd3, 0x0000, 0x0000, 0x6b4d, 0xffff, 0xffdf, 0xffff, 0xffff, 
	0xf7be, 0xffdf, 0xef7d, 0xd69a, 0xffff, 0xffdf, 0xf7be, 0xf7be, 0xffdf, 0xffff, 0xc638, 0xffdf, 0xffff, 0xffff, 0xffff, 0xf7be, 
	0xef5d, 0xc618, 0xce79, 0xb596, 0x9cb3, 0x9492, 0xad55, 0xb5b6, 0xad55, 0xb5b6, 0xb596, 0xb596, 0xa534, 0xad34, 0xbdd7, 0xa514, 
	0xd6ba, 0xef7d, 0xffff, 0xffff, 0xffff, 0xffdf, 0xdedb, 0xffff, 0xf7be, 0xf7be, 0xffdf, 0xffff, 0xf7be, 0xbdd7, 0xe71c, 0xffff, 
	0xffff, 0xffff, 0xf7be, 0xffdf, 0xf7be, 0xbdd7, 0xffdf, 0xffff, 0xffff, 0xd69a, 0x0861, 0x0000, 0x0841, 0xad55, 0xe73c, 0xa534, 
	0x0000, 0x0000, 0x2945, 0xf79e, 0xffff, 0xffff, 0xffff, 0xce59, 0xce59, 0xffff, 0xffff, 0xffff, 0xffff, 0xffff, 0xffff, 0xffff, 
	0xffff, 0xffff, 0xe71c, 0xb5b6, 0xffdf, 0xc638, 0xb5b6, 0xdedb, 0x4a69, 0x6b6d, 0xf79e, 0xffff, 0xffff, 0xffff, 0xffff, 0x9cf3, 
	0x39a6, 0x6b2c, 0xffdf, 0xffff, 0xffff, 0xffff, 0xffff, 0xffff, 0xffff, 0xffff, 0xffff, 0xffff, 0xffff, 0xffff, 0xffff, 0xffff, 
	0xb596, 0x528a, 0x4208, 0xb5b6, 0xffff, 0xf7be, 0xffbf, 0xf7be, 0xffff, 0xffff, 0xffff, 0xffff, 0xffff, 0xffff, 0xffff, 0xffff, 
	0xffff, 0xffff, 0xffff, 0xffff, 0xffff, 0xffff, 0xffff, 0xffff, 0xffff, 0xffff, 0xffff, 0xffff, 0xffff, 0xffff, 0xffff, 0xffff, 
	0xffff, 0xffff, 0xffff, 0xffff, 0xffff, 0xffff, 0xffff, 0xffff, 0xffff, 0xffff, 0xffff, 0xffff, 0xffff, 0xffff, 0xffff, 0xffff, 
	0xffff, 0xffff, 0xffff, 0xffff, 0xffff, 0xffff, 0xffff, 0xf7be, 0xffdf, 0xffff, 0xffff, 0xffdf, 0xe6fb, 0x5acb, 0x528a, 0x630c, 
	0xf7be, 0xffff, 0xffdf, 0xffff, 0xffff, 0xffff, 0xffff, 0xffff, 0xffff, 0xffff, 0xffff, 0xffff, 0xffff, 0xffff, 0x9cd3, 0x528a, 
	0x5aeb, 0x632c, 0xef5d, 0xffff, 0xffff, 0xffff, 0xffff, 0xef5d, 0x6b2c, 0x5aaa, 0xdedb, 0xb5b6, 0xad55, 0xffdf, 0xffff, 0xffff, 
	0xffff, 0xffff, 0xffff, 0xffff, 0xffff, 0xffff, 0xffff, 0xc618, 0xe71c, 0x7bef, 0x0000, 0x0000, 0xbdd7, 0xf7be, 0x18e3, 0x0000, 
	0x39c7, 0xce79, 0xd6ba, 0x2965, 0x0000, 0x2104, 0xef7d, 0xef7d, 0x2104, 0x0000, 0x2104, 0xce79, 0xffff, 0xf7be, 0xffff, 0xffff, 
	0xf7be, 0xffff, 0xd69a, 0xd69a, 0xffff, 0xffff, 0xffff, 0xffdf, 0xf7be, 0xef7d, 0xbdd7, 0xf79e, 0xf7be, 0xf7be, 0xffff, 0xffff, 
	0xffdf, 0xc638, 0xf7be, 0xffff, 0xffff, 0xffff, 0xffff, 0xffdf, 0xce79, 0xffdf, 0xffff, 0xffff, 0xffff, 0xffff, 0xf79e, 0xc638, 
	0xffdf, 0xffff, 0xffff, 0xf7be, 0xf7be, 0xf7be, 0xd69a, 0xf7be, 0xf7be, 0xf7be, 0xffdf, 0xffff, 0xf7be, 0xce59, 0xdefb, 0xffff, 
	0xffdf, 0xf79e, 0xffdf, 0xffff, 0xffff, 0xce59, 0xd6ba, 0xffff, 0xffdf, 0xffff, 0x73ae, 0x0000, 0x0000, 0x4228, 0xce59, 0xef7d, 
	0x4a49, 0x0000, 0x0000, 0x7bef, 0xffff, 0xffff, 0xffff, 0xffdf, 0xbdd7, 0xe71c, 0xffff, 0xffff, 0xffff, 0xffff, 0xffff, 0xffff, 
	0xffff, 0xffff, 0xffff, 0xe71c, 0x94b2, 0xbdf7, 0xd6ba, 0x4a69, 0x738e, 0xf79e, 0xffff, 0xffff, 0xffff, 0xffff, 0xe71c, 0x5aeb, 
	0x6b2d, 0x528a, 0x8c51, 0xffdf, 0xffff, 0xffff, 0xffff, 0xffff, 0xffff, 0xffff, 0xffff, 0xffff, 0xffff, 0xffff, 0xffdf, 0xffff, 
	0xef5d, 0x5aab, 0x528a, 0x9471, 0xffff, 0xffdf, 0xffdf, 0xffff, 0xf7be, 0xffff, 0xffff, 0xffff, 0xffff, 0xffff, 0xffff, 0xffff, 
	0xffff, 0xffff, 0xffff, 0xffff, 0xffff, 0xffff, 0xffff, 0xffff, 0xffff, 0xffff, 0xffff, 0xffff, 0xffff, 0xffff, 0xffff, 0xffff, 
	0xffff, 0xffff, 0xffff, 0xffff, 0xffff, 0xffff, 0xffff, 0xffff, 0xffff, 0xffff, 0xffff, 0xffff, 0xffff, 0xffff, 0xffff, 0xffff, 
	0xffff, 0xffff, 0xffff, 0xffff, 0xffff, 0xffff, 0xffff, 0xffff, 0xffff, 0xffff, 0xf7be, 0xf7be, 0xf7be, 0xce59, 0xdedb, 0x52aa, 
	0x7bcf, 0xffff, 0xffff, 0xffff, 0xffff, 0xffff, 0xffff, 0xffff, 0xffff, 0xffff, 0xffff, 0xffff, 0xffdf, 0x8430, 0x4208, 0xb5b6, 
	0xe73c, 0x5acb, 0x632c, 0xef5d, 0xffff, 0xffdf, 0xffff, 0xffff, 0xef7d, 0x6b4d, 0x528a, 0xd6ba, 0xc5f7, 0xbdd7, 0xffff, 0xffdf, 
	0xffdf, 0xffff, 0xffff, 0xffff, 0xffff, 0xffff, 0xdedb, 0xc638, 0xdedb, 0x0861, 0x0000, 0x4a49, 0xffff, 0x7bcf, 0x0000, 0x0020, 
	0xa514, 0xdefb, 0x8c71, 0x0000, 0x0000, 0x9cd3, 0xffff, 0x7bcf, 0x0000, 0x0000, 0x7bef, 0xffdf, 0xffff, 0xf7be, 0xffff, 0xffff, 
	0xf7be, 0xffff, 0xc618, 0xe71c, 0xf7be, 0xf7be, 0xffdf, 0xffff, 0xffff, 0xe73c, 0xc618, 0xffff, 0xffdf, 0xf7be, 0xffff, 0xa514, 
	0xbdd7, 0xce79, 0xffff, 0xdedb, 0xa534, 0xffff, 0xffff, 0xe75d, 0xbdd7, 0xf7be, 0xf7be, 0xffff, 0xf7be, 0x9492, 0x3186, 0x94b2, 
	0xffff, 0xffff, 0xf7be, 0xf7be, 0xffdf, 0xffdf, 0xc638, 0xe71c, 0xffff, 0xf7be, 0xffdf, 0xffff, 0xffdf, 0xef7d, 0xd69a, 0xffff, 
	0xf79e, 0xffdf, 0xffff, 0xffff, 0xffff, 0xef7d, 0xbdf7, 0xffff, 0xffff, 0xffff, 0xef7d, 0x2104, 0x0000, 0x0000, 0x8c71, 0xdefb, 
	0xce59, 0x0020, 0x0000, 0x0861, 0xd6ba, 0xffff, 0xffff, 0xffff, 0xef7d, 0xb5b6, 0xf7be, 0xffff, 0xffff, 0xffff, 0xffff, 0xffff, 
	0xffdf, 0xffff, 0xffdf, 0xb5b6, 0xc5f7, 0xce59, 0x4a49, 0x7bcf, 0xf7be, 0xffff, 0xffff, 0xffdf, 0xffff, 0xe73c, 0x5acb, 0x630c, 
	0xf79e, 0xc618, 0x4228, 0x7bcf, 0xf7be, 0xffff, 0xffff, 0xffff, 0xffff, 0xffff, 0xffff, 0xffff, 0xffff, 0xffff, 0xffff, 0xffdf, 
	0x6b4d, 0x630c, 0xe71c, 0xe71c, 0xffff, 0xffdf, 0xffdf, 0xffff, 0xffff, 0xffff, 0xffff, 0xffff, 0xffff, 0xffff, 0xffff, 0xffff, 
	0xffff, 0xffff, 0xffff, 0xffff, 0xffff, 0xffff, 0xffff, 0xffff, 0xffff, 0xffff, 0xffff, 0xffff, 0xffff, 0xffff, 0xffff, 0xffff, 
	0xffff, 0xffff, 0xffff, 0xffff, 0xffff, 0xffff, 0xffff, 0xffff, 0xffff, 0xffff, 0xffff, 0xffff, 0xffff, 0xffff, 0xffff, 0xffff, 
	0xffff, 0xffff, 0xffff, 0xffff, 0xffff, 0xffff, 0xffff, 0xffff, 0xffff, 0xffff, 0xffdf, 0xffff, 0xffff, 0xffff, 0xffff, 0xce59, 
	0x39e7, 0xa514, 0xffff, 0xffff, 0xffff, 0xffff, 0xffff, 0xffff, 0xffff, 0xffff, 0xffff, 0xf7be, 0x73ae, 0x4228, 0xbdf7, 0xffff, 
	0xffff, 0xdefb, 0x528a, 0x6b4d, 0xef7d, 0xffff, 0xffff, 0xffff, 0xffff, 0xf79e, 0x73ae, 0x4228, 0xce59, 0xc638, 0xb575, 0xffdf, 
	0xffff, 0xffff, 0xffff, 0xffff, 0xffff, 0xef7d, 0xbdd7, 0xffff, 0x5aeb, 0x0000, 0x0841, 0xd6ba, 0xe71c, 0x1082, 0x0000, 0x528a, 
	0xd69a, 0xce79, 0x18e3, 0x0000, 0x31a6, 0xffdf, 0xdefb, 0x1082, 0x0000, 0x39c7, 0xce79, 0xffff, 0xffff, 0xf7be, 0xffff, 0xffff, 
	0xf7be, 0xf79e, 0xbdf7, 0xffff, 0xffff, 0xffdf, 0xf7be, 0xf7be, 0xffff, 0xe71c, 0xdedb, 0xffff, 0xffff, 0xffff, 0xb596, 0x4208, 
	0x10a2, 0x738e, 0xef7d, 0x528a, 0x31a6, 0x8430, 0xdedb, 0xf79e, 0xc618, 0xffff, 0xffff, 0xc618, 0x630c, 0x4a49, 0x18e3, 0x3186, 
	0xb596, 0xffff, 0xf7be, 0xffff, 0xffff, 0xffff, 0xd69a, 0xd69a, 0xffff, 0xf7be, 0xffdf, 0xffff, 0xffff, 0xffff, 0xd69a, 0xe73c, 
	0xffff, 0xffff, 0xffff, 0xffff, 0xffff, 0xffff, 0xc618, 0xe71c, 0xffff, 0xffff, 0xffff, 0xad55, 0x0000, 0x0000, 0x2124, 0xbdd7, 
	0xf79e, 0x6b6d, 0x0000, 0x0000, 0x528a, 0xffff, 0xffff, 0xffff, 0xffff, 0xdedb, 0xbdf7, 0xffff, 0xffff, 0xffff, 0xffff, 0xffff, 
	0xffff, 0xf7be, 0xad75, 0xce59, 0xc5f7, 0x4208, 0x8410, 0xffdf, 0xffff, 0xffff, 0xffff, 0xffff, 0xe73c, 0x5aeb, 0x5aeb, 0xef3d, 
	0xffff, 0xffff, 0xce79, 0x4a69, 0x6b4d, 0xef5d, 0xffff, 0xffff, 0xffff, 0xffff, 0xffff, 0xffff, 0xffff, 0xffff, 0xffff, 0x9492, 
	0x4228, 0xdedb, 0xffff, 0xffdf, 0xffff, 0xf7be, 0xffdf, 0xffff, 0xffff, 0xffff, 0xffff, 0xffff, 0xffff, 0xffff, 0xffff, 0xffff, 
	0xffff, 0xffff, 0xffff, 0xffff, 0xffff, 0xffff, 0xffff, 0xffff, 0xffff, 0xffff, 0xffff, 0xffff, 0xffff, 0xffff, 0xffff, 0xffff, 
	0xffff, 0xffff, 0xffff, 0xffff, 0xffff, 0xffff, 0xffff, 0xffff, 0xffff, 0xffff, 0xffff, 0xffff, 0xffff, 0xffff, 0xffff, 0xffff, 
	0xffff, 0xffff, 0xffff, 0xffff, 0xffff, 0xffff, 0xffff, 0xffff, 0xffff, 0xffff, 0xffdf, 0xffff, 0xffff, 0xffff, 0xffff, 0xffff, 
	0xad55, 0x39e7, 0xc618, 0xffff, 0xffff, 0xffff, 0xffff, 0xffff, 0xffff, 0xffff, 0xef5d, 0x6b4d, 0x4a69, 0xce79, 0xffff, 0xffff, 
	0xffff, 0xffff, 0xdefb, 0x528a, 0x6b4d, 0xef7d, 0xffff, 0xffff, 0xffff, 0xffff, 0xffdf, 0x8430, 0x4208, 0xbdb7, 0xd69a, 0xa534, 
	0xf77e, 0xffff, 0xffff, 0xffff, 0xffdf, 0xbdd7, 0xef7d, 0xbdf7, 0x0020, 0x0000, 0x632c, 0xffff, 0x5acb, 0x0000, 0x0841, 0xb596, 
	0xdefb, 0x738e, 0x0000, 0x0000, 0xbdd7, 0xffff, 0x5aeb, 0x0000, 0x0841, 0x94b2, 0xef7d, 0xffff, 0xffff, 0xf7be, 0xffff, 0xffff, 
	0xffdf, 0xdedb, 0xce79, 0xffff, 0xffff, 0xffff, 0xffff, 0xf7be, 0xffdf, 0xdedb, 0xe73c, 0xffdf, 0xffff, 0xdedb, 0x52aa, 0x4a69, 
	0x0841, 0x31a6, 0x738e, 0x0000, 0x4a69, 0x4208, 0x9492, 0xf7be, 0xce59, 0xffdf, 0x8410, 0x31a6, 0x738e, 0x5acb, 0x2945, 0x39c7, 
	0xc638, 0xffff, 0xf7be, 0xffff, 0xffff, 0xffff, 0xe71c, 0xc638, 0xffff, 0xf7be, 0xffdf, 0xffff, 0xffff, 0xffff, 0xdefb, 0xdedb, 
	0xffdf, 0xffff, 0xffff, 0xffff, 0xffff, 0xffff, 0xe73c, 0xbdf7, 0xffff, 0xffff, 0xffff, 0xffff, 0x4228, 0x0000, 0x0000, 0x6b4d, 
	0xd6ba, 0xe73c, 0x18c3, 0x0000, 0x0000, 0xb5b6, 0xffff, 0xffff, 0xffff, 0xffff, 0xc638, 0xd69a, 0xffff, 0xffff, 0xffff, 0xffff, 
	0xef5d, 0xa514, 0xdebb, 0xad55, 0x39e7, 0x9492, 0xffff, 0xffff, 0xffff, 0xffff, 0xffff, 0xe71c, 0x5aeb, 0x5acb, 0xe73c, 0xffff, 
	0xffff, 0xffff, 0xffff, 0xdedb, 0x52aa, 0x5aeb, 0xe71c, 0xffff, 0xffff, 0xffff, 0xffff, 0xffff, 0xffff, 0xffff, 0xb596, 0x39e7, 
	0xbdd7, 0xffff, 0xffdf, 0xffdf, 0xffff, 0xffdf, 0xffdf, 0xffff, 0xffff, 0xffff, 0xffff, 0xffff, 0xffff, 0xffff, 0xffff, 0xffff, 
	0xffff, 0xffff, 0xffff, 0xffff, 0xffff, 0xffff, 0xffff, 0xffff, 0xffff, 0xffff, 0xffff, 0xffff, 0xffff, 0xffff, 0xffff, 0xffff, 
	0xffff, 0xffff, 0xffff, 0xffff, 0xffff, 0xffff, 0xffff, 0xffff, 0xffff, 0xffff, 0xffff, 0xffff, 0xffff, 0xffff, 0xffff, 0xffff, 
	0xffff, 0xffff, 0xffff, 0xffff, 0xffff, 0xffff, 0xffff, 0xffff, 0xffff, 0xffff, 0xffff, 0xffdf, 0xffff, 0xffff, 0xffff, 0xffff, 
	0xffff, 0x8430, 0x4a49, 0xdedb, 0xffff, 0xffff, 0xffff, 0xffff, 0xffff, 0xe71c, 0x5aeb, 0x5acb, 0xdefb, 0xffff, 0xffff, 0xffff, 
	0xffff, 0xffff, 0xffff, 0xdefb, 0x528a, 0x632c, 0xef5d, 0xffff, 0xffff, 0xffff, 0xffff, 0xffff, 0x9cf3, 0x39c7, 0x9cd3, 0xdefb, 
	0xa534, 0xdefb, 0xffff, 0xffff, 0xce59, 0xdedb, 0x9cf3, 0x0861, 0x0000, 0x18c3, 0xf79e, 0xc638, 0x0000, 0x0000, 0x632c, 0xd6ba, 
	0xc638, 0x0861, 0x0000, 0x4a69, 0xffff, 0xce59, 0x0020, 0x0000, 0x5aeb, 0xd69a, 0xffff, 0xffff, 0xffff, 0xf7be, 0xffff, 0xffff, 
	0xffdf, 0xbdf7, 0xdefb, 0xffdf, 0xffff, 0xffff, 0xffff, 0xffdf, 0xf7be, 0xd69a, 0xf79e, 0xffdf, 0xffff, 0xffdf, 0x94b2, 0x4a49, 
	0x0841, 0x9cf3, 0xd6ba, 0x18c3, 0x39e7, 0x632c, 0xef7d, 0xf7be, 0xad75, 0x4228, 0x0000, 0xce59, 0xffff, 0x738e, 0x10a2, 0x39e7, 
	0xf79e, 0xffff, 0xf79e, 0xffff, 0xffff, 0xffff, 0xef7d, 0xbdd7, 0xffdf, 0xffdf, 0xffdf, 0xffff, 0xf7be, 0xf7be, 0xf79e, 0xd69a, 
	0xf7be, 0xf7be, 0xffff, 0xffff, 0xffff, 0xffff, 0xffff, 0xbdf7, 0xe73c, 0xffff, 0xffff, 0xffff, 0xce79, 0x0841, 0x0000, 0x0861, 
	0xa534, 0xef7d, 0x9cd3, 0x0000, 0x0000, 0x2965, 0xffdf, 0xffff, 0xffff, 0xffff, 0xffdf, 0xb5b6, 0xe73c, 0xffff, 0xffff, 0xd6ba, 
	0xa534, 0xe71c, 0x8c71, 0x39e7, 0xad55, 0xffff, 0xffff, 0xffff, 0xffff, 0xffff, 0xe71c, 0x5acb, 0x5aeb, 0xe73c, 0xffff, 0xffff, 
	0xffff, 0xffff, 0xffff, 0xffff, 0xe73c, 0x630c, 0x528a, 0xd6ba, 0xffff, 0xffff, 0xffff, 0xffff, 0xffff, 0xd69a, 0x4208, 0x9492, 
	0xffff, 0xffff, 0xffdf, 0xffdf, 0xffff, 0xffff, 0xffff, 0xffff, 0xffff, 0xffff, 0xffff, 0xffff, 0xffff, 0xffff, 0xffff, 0xffff, 
	0xffff, 0xffff, 0xffff, 0xffff, 0xffff, 0xffff, 0xffff, 0xffff, 0xffff, 0xffff, 0xffff, 0xffff, 0xffff, 0xffff, 0xffff, 0xffff, 
	0xffff, 0xffff, 0xffff, 0xffff, 0xffff, 0xffff, 0xffff, 0xffff, 0xffff, 0xffff, 0xffff, 0xffff, 0xffff, 0xffff, 0xffff, 0xffff, 
	0xffff, 0xffff, 0xffff, 0xffff, 0xffff, 0xffff, 0xffff, 0xffff, 0xffff, 0xffff, 0xffff, 0xffff, 0xffdf, 0xffff, 0xffff, 0xffff, 
	0xffff, 0xf7be, 0x6b4d, 0x5aeb, 0xef7d, 0xffff, 0xffff, 0xffff, 0xd6ba, 0x528a, 0x632c, 0xe73c, 0xffff, 0xffdf, 0xffff, 0xffff, 
	0xffff, 0xffff, 0xffff, 0xffff, 0xdefb, 0x5acb, 0x630c, 0xc638, 0xdedb, 0xffff, 0xffff, 0xffff, 0xffff, 0xb596, 0x4208, 0x7bef, 
	0xe71c, 0xad75, 0xce59, 0xef5d, 0xbdf7, 0xffff, 0xa514, 0x0000, 0x0000, 0x2104, 0xd6ba, 0x39c7, 0x0000, 0x18c3, 0xbdd7, 0xe73c, 
	0x5aeb, 0x0000, 0x0841, 0xd69a, 0xffff, 0x4208, 0x0000, 0x18c3, 0xb5b6, 0xdefb, 0xffff, 0xffff, 0xffff, 0xf7be, 0xffff, 0xffff, 
	0xef5d, 0xbdd7, 0xffdf, 0xffff, 0xf7be, 0xf7be, 0xf7be, 0xf7be, 0xf7be, 0xd69a, 0xf7be, 0xffdf, 0xffff, 0xffff, 0xad75, 0x4a49, 
	0x2124, 0xa534, 0xffff, 0x2124, 0x18e3, 0x738e, 0xffdf, 0xf7be, 0x39c7, 0x0000, 0x3186, 0xef7d, 0xffff, 0x6b4d, 0x0000, 0x2124, 
	0xe73c, 0xffff, 0xffdf, 0xf7be, 0xf7be, 0xf7be, 0xf7be, 0xce59, 0xef7d, 0xf7be, 0xffdf, 0xffff, 0xf7be, 0xf79e, 0xf7be, 0xd69a, 
	0xf7be, 0xf7be, 0xf7be, 0xffff, 0xffff, 0xffff, 0xffff, 0xdedb, 0xc638, 0xffff, 0xffff, 0xffff, 0xffff, 0x738e, 0x0000, 0x0000, 
	0x4a49, 0xce59, 0xf79e, 0x39e7, 0x0000, 0x0000, 0x4228, 0xc638, 0xffff, 0xffff, 0xffff, 0xe73c, 0xbdd7, 0xffdf, 0xbdf7, 0xb596, 
	0xdefb, 0x736e, 0x4a29, 0xc618, 0xffff, 0xffff, 0xffff, 0xffff, 0xbdf7, 0xad75, 0x5acb, 0x630c, 0xef3d, 0xffff, 0xffff, 0xffff, 
	0xffff, 0xffff, 0xffff, 0xffdf, 0xffff, 0xef7d, 0x738e, 0x4a49, 0xc638, 0xffff, 0xffff, 0xffff, 0xe73c, 0x528a, 0x73ae, 0xffdf, 
	0xffff, 0xffff, 0xffdf, 0xffdf, 0xffff, 0xffff, 0xffff, 0xffff, 0xffff, 0xffff, 0xffff, 0xffff, 0xffff, 0xffff, 0xffff, 0xffff, 
	0xffff, 0xffff, 0xffff, 0xffff, 0xffff, 0xffff, 0xffff, 0xffff, 0xffff, 0xffff, 0xffff, 0xffff, 0xffff, 0xffff, 0xffff, 0xffff, 
	0xffff, 0xffff, 0xffff, 0xffff, 0xffff, 0xffff, 0xffff, 0xffff, 0xffff, 0xffff, 0xffff, 0xffff, 0xffff, 0xffff, 0xffff, 0xffff, 
	0xffff, 0xffff, 0xffff, 0xffff, 0xffff, 0xffff, 0xffff, 0xffff, 0xffff, 0xffff, 0xffff, 0xffff, 0xffff, 0xf7be, 0xffff, 0xffff, 
	0xffff, 0xffff, 0xe73c, 0x528a, 0x73ae, 0xffdf, 0xffff, 0xce39, 0x4a49, 0x738e, 0xef7d, 0xffff, 0xffff, 0xffff, 0xffff, 0xffff, 
	0xffff, 0xffff, 0xffff, 0xffff, 0xffff, 0xef5d, 0x6b4d, 0x39e7, 0x8c51, 0xffff, 0xffdf, 0xffdf, 0xffff, 0xffff, 0xd69a, 0x528a, 
	0x5acb, 0xd6ba, 0xc618, 0xad34, 0xef7d, 0xffff, 0xf79e, 0x2124, 0x4228, 0xb596, 0x2124, 0x0000, 0x0000, 0x6b6d, 0xe71c, 0xb5b6, 
	0x0020, 0x0000, 0x6b4d, 0xffff, 0xad55, 0x0000, 0x0000, 0x8410, 0xce79, 0xf7be, 0xffff, 0xffff, 0xffff, 0xf7be, 0xffff, 0xffff, 
	0xd69a, 0xc638, 0xffff, 0xffff, 0xffff, 0xffff, 0xffff, 0xffff, 0xef7d, 0xd6ba, 0xf7be, 0xffff, 0xffff, 0xffff, 0xad55, 0x4a49, 
	0x4a49, 0xc618, 0xffdf, 0x2945, 0x0000, 0x5acb, 0xffdf, 0xffff, 0x6b4d, 0x4228, 0x5aeb, 0xef7d, 0xffff, 0x39e7, 0x0000, 0x1082, 
	0xce59, 0xffff, 0xffff, 0xffff, 0xffff, 0xffff, 0xffff, 0xdedb, 0xe71c, 0xf7be, 0xffdf, 0xffff, 0xf7be, 0xffdf, 0xffdf, 0xd69a, 
	0xe71c, 0xffff, 0xf7be, 0xf7be, 0xffff, 0xffff, 0xffff, 0xffdf, 0xbdd7, 0xf79e, 0xffff, 0xffff, 0xffff, 0xef5d, 0x2104, 0x0000, 
	0x0000, 0x8c51, 0xe71c, 0xc638, 0x0841, 0x0020, 0x0000, 0x9cd3, 0xffff, 0xffff, 0xffdf, 0xffff, 0xce79, 0x9492, 0xce59, 0xce79, 
	0x528a, 0x5aeb, 0xdefb, 0xffff, 0xffff, 0xffdf, 0xffdf, 0xffff, 0x7bcf, 0x39c7, 0x738e, 0xf79e, 0xffff, 0xffff, 0xffff, 0xffff, 
	0xffff, 0xffff, 0xffff, 0xffff, 0xffff, 0xffff, 0xf7be, 0x83f0, 0x4208, 0xbdd7, 0xffff, 0xf79e, 0x632c, 0x5aeb, 0xf79e, 0xffff, 
	0xffff, 0xffff, 0xffdf, 0xf7be, 0xffff, 0xffff, 0xffff, 0xffff, 0xffff, 0xffff, 0xffff, 0xffff, 0xffff, 0xffff, 0xffff, 0xffff, 
	0xffff, 0xffff, 0xffff, 0xffff, 0xffff, 0xffff, 0xffff, 0xffff, 0xffff, 0xffff, 0xffff, 0xffff, 0xffff, 0xffff, 0xffff, 0xffff, 
	0xffff, 0xffff, 0xffff, 0xffff, 0xffff, 0xffff, 0xffff, 0xffff, 0xffff, 0xffff, 0xffff, 0xffff, 0xffff, 0xffff, 0xffff, 0xffff, 
	0xffff, 0xffff, 0xffff, 0xffff, 0xffff, 0xffff, 0xffff, 0xffff, 0xffff, 0xffff, 0xffff, 0xffff, 0xffff, 0xffff, 0xf7be, 0xffff, 
	0xffff, 0xffff, 0xffff, 0xd69a, 0x4228, 0x8c71, 0xbdd7, 0x4208, 0x8410, 0xf7be, 0xffff, 0xffff, 0xffff, 0xffff, 0xffff, 0xffff, 
	0xffff, 0xffff, 0xffff, 0xffff, 0xffff, 0xef7d, 0x632c, 0x528a, 0x52aa, 0xc638, 0xffff, 0xffff, 0xffff, 0xffff, 0xffff, 0xe73c, 
	0x73ae, 0x4208, 0xb596, 0xdedb, 0xad34, 0xdedb, 0xffff, 0xdedb, 0xffdf, 0xffff, 0x6b4d, 0x0000, 0x0000, 0x632c, 0xdedb, 0x39e7, 
	0x0000, 0x18c3, 0xe73c, 0xf7be, 0x2945, 0x0000, 0x2945, 0xce59, 0xd6ba, 0xffff, 0xffff, 0xffff, 0xffff, 0xf7be, 0xffdf, 0xffff, 
	0xbdf7, 0xdefb, 0xf7be, 0xf7be, 0xffff, 0xffff, 0xffff, 0xffff, 0xd6ba, 0xd6ba, 0xffff, 0xffff, 0xffff, 0xffff, 0x94b2, 0x31a6, 
	0x4a49, 0xce59, 0xffff, 0x3186, 0x0000, 0x2945, 0xef7d, 0xffdf, 0x738e, 0x4a69, 0x5acb, 0xe73c, 0xf7be, 0x3186, 0x0000, 0x1082, 
	0xc618, 0xffdf, 0xffdf, 0xffff, 0xffff, 0xffff, 0xffff, 0xd69a, 0xce79, 0xffdf, 0xffdf, 0xffff, 0xf7be, 0xffdf, 0xffff, 0xe71c, 
	0xc638, 0xffff, 0xffff, 0xf7be, 0xffdf, 0xffff, 0xffff, 0xffff, 0xd69a, 0xce79, 0xffff, 0xffff, 0xffff, 0xffff, 0x9cf3, 0x0000, 
	0x0000, 0x2945, 0xc618, 0xdefb, 0x0020, 0x0000, 0x0000, 0xbdf7, 0xffff, 0xffff, 0xffff, 0xd69a, 0xad55, 0xdefb, 0xa534, 0x41e8, 
	0x7bef, 0xef7d, 0xffff, 0xffff, 0xffff, 0xffff, 0xffff, 0xbdd7, 0x528a, 0x5acb, 0x630c, 0xe73c, 0xffff, 0xffff, 0xffff, 0xffff, 
	0xffff, 0xffff, 0xffff, 0xffff, 0xffff, 0xffff, 0xffff, 0xffdf, 0x9472, 0x41e8, 0xad55, 0x8410, 0x528a, 0xdefb, 0xffff, 0xffff, 
	0xffff, 0xffff, 0xffdf, 0xf7be, 0xffff, 0xffff, 0xffff, 0xffff, 0xffff, 0xffff, 0xffff, 0xffff, 0xffff, 0xffff, 0xffff, 0xffff, 
	0xffff, 0xffff, 0xffff, 0xffff, 0xffff, 0xffff, 0xffff, 0xffff, 0xffff, 0xffff, 0xffff, 0xffff, 0xffff, 0xffff, 0xffff, 0xffff, 
	0xffff, 0xffff, 0xffff, 0xffff, 0xffff, 0xffff, 0xffff, 0xffff, 0xffff, 0xffff, 0xffff, 0xffff, 0xffff, 0xffff, 0xffff, 0xffff, 
	0xffff, 0xffff, 0xffff, 0xffff, 0xffff, 0xffff, 0xffff, 0xffff, 0xffff, 0xffff, 0xffff, 0xffff, 0xffff, 0xffff, 0xffff, 0xffff, 
	0xffff, 0xffff, 0xffff, 0xffff, 0xc638, 0x4a69, 0x4a29, 0x94b2, 0xffff, 0xffff, 0xffdf, 0xffff, 0xffff, 0xffff, 0xffff, 0xffff, 
	0xffff, 0xffff, 0xffff, 0xffff, 0xef7d, 0x632c, 0x630c, 0xdefb, 0x8430, 0x41e8, 0xad75, 0xffff, 0xffff, 0xffff, 0xffff, 0xffff, 
	0xffdf, 0x9cd3, 0x41e7, 0x8410, 0xdefb, 0xb596, 0xbdd7, 0xffff, 0xffff, 0xffff, 0xc618, 0x4a69, 0xad55, 0xbdd7, 0x2945, 0x0000, 
	0x0000, 0x8410, 0xffff, 0x8c71, 0x0000, 0x0000, 0xa514, 0xce59, 0xef7d, 0xffff, 0xffff, 0xffff, 0xffff, 0xffdf, 0xf7be, 0xef7d, 
	0xbdd7, 0xffdf, 0xffff, 0xffdf, 0xf7be, 0xf7be, 0xf7be, 0xffdf, 0xbdf7, 0xe73c, 0xffff, 0xffff, 0xffff, 0xffff, 0x8430, 0x0000, 
	0x1082, 0xad75, 0xffdf, 0x2965, 0x0000, 0x2124, 0xf79e, 0xf7be, 0x4208, 0x18c3, 0x2104, 0xdefb, 0xffff, 0x31a6, 0x0000, 0x1082, 
	0xbdf7, 0xffff, 0xf7be, 0xf7be, 0xf7be, 0xf7be, 0xffdf, 0xe73c, 0xc638, 0xffff, 0xf7be, 0xf7be, 0xffdf, 0xffff, 0xffff, 0xffdf, 
	0xbdd7, 0xef5d, 0xf7be, 0xf7be, 0xffdf, 0xffff, 0xffff, 0xffff, 0xf79e, 0xbdd7, 0xffdf, 0xffff, 0xffff, 0xffff, 0xffff, 0x4a49, 
	0x0000, 0x0000, 0x2124, 0x8c51, 0x9cf3, 0x7bcf, 0x6b4d, 0xe73c, 0xffff, 0xf7be, 0xb596, 0xbdd7, 0xdefb, 0x73ae, 0x4208, 0xad35, 
	0xffff, 0xffff, 0xffff, 0xffff, 0xffff, 0xffff, 0xa514, 0x39e7, 0x9492, 0xe73c, 0x6b2d, 0x5acb, 0xef5d, 0xffff, 0xffff, 0xffff, 
	0xffff, 0xffff, 0xffff, 0xffff, 0xffff, 0xffff, 0xffdf, 0xffff, 0xffff, 0xa534, 0x4228, 0x4a69, 0xce79, 0xffff, 0xffff, 0xffff, 
	0xffff, 0xffff, 0xffff, 0xffdf, 0xffff, 0xffff, 0xffff, 0xffff, 0xffff, 0xffff, 0xffff, 0xffff, 0xffff, 0xffff, 0xffff, 0xffff, 
	0xffff, 0xffff, 0xffff, 0xffff, 0xffff, 0xffff, 0xffff, 0xffff, 0xffff, 0xffff, 0xffff, 0xffff, 0xffff, 0xffff, 0xffff, 0xffff, 
	0xffff, 0xffff, 0xffff, 0xffff, 0xffff, 0xffff, 0xffff, 0xffff, 0xffff, 0xffff, 0xffff, 0xffff, 0xffff, 0xffff, 0xffff, 0xffff, 
	0xffff, 0xffff, 0xffff, 0xffff, 0xffff, 0xffff, 0xffff, 0xffff, 0xffff, 0xffff, 0xffff, 0xffff, 0xffff, 0xffff, 0xffff, 0xffff, 
	0xffff, 0xffff, 0xffff, 0xffff, 0xad75, 0x4228, 0x4a49, 0xad55, 0xffff, 0xffff, 0xffdf, 0xffff, 0xffff, 0xffff, 0xffff, 0xffff, 
	0xffff, 0xffdf, 0xffff, 0xf7be, 0x738e, 0x528a, 0xdefb, 0xffff, 0xffff, 0x9cd3, 0x41e7, 0x9492, 0xffdf, 0xffff, 0xffff, 0xffff, 
	0xffff, 0xffff, 0xce39, 0x52aa, 0x52aa, 0xc618, 0xce79, 0xa534, 0xdedb, 0xffff, 0xffff, 0xffff, 0xc638, 0xef7d, 0x4a49, 0x0000, 
	0x0000, 0x8c71, 0xbdf7, 0x10a2, 0x0000, 0x4208, 0xe71c, 0xce59, 0xffff, 0xffff, 0xffff, 0xffff, 0xffff, 0xffff, 0xffff, 0xdefb, 
	0xce59, 0xffff, 0xffff, 0xffff, 0xffff, 0xffff, 0xffff, 0xffdf, 0xbdf7, 0xf7be, 0xffff, 0xffff, 0xffff, 0xffff, 0x8c51, 0x0000, 
	0x0000, 0xa534, 0xffff, 0x3186, 0x0000, 0x2124, 0xf7be, 0xffff, 0x2965, 0x0000, 0x1082, 0xe73c, 0xffff, 0x3186, 0x0000, 0x10a2, 
	0xb5b6, 0xffff, 0xffff, 0xffff, 0xffff, 0xffff, 0xffff, 0xf7be, 0xbdf7, 0xffdf, 0xffff, 0xffff, 0xffff, 0xffff, 0xffff, 0xffff, 
	0xce79, 0xdedb, 0xffff, 0xffff, 0xffff, 0xffff, 0xffff, 0xffff, 0xffff, 0xce59, 0xd6ba, 0xffff, 0xffff, 0xffff, 0xffff, 0xc638, 
	0x0841, 0x0020, 0x0000, 0x8430, 0xf7be, 0xffff, 0xffff, 0xffff, 0xd69a, 0xa534, 0xd6ba, 0xbdd7, 0x5269, 0x5aeb, 0xd679, 0xffff, 
	0xffff, 0xffff, 0xffff, 0xffff, 0xf7be, 0x8410, 0x41e7, 0xad34, 0xffff, 0xffff, 0xe73c, 0x5acb, 0x6b4d, 0xf79e, 0xffff, 0xffdf, 
	0xffff, 0xffff, 0xffff, 0xffff, 0xffff, 0xffff, 0xffdf, 0xffff, 0xffff, 0x9cf3, 0x4a69, 0x4a49, 0xad55, 0xffff, 0xffff, 0xffff, 
	0xffff, 0xffdf, 0xffff, 0xffff, 0xffff, 0xffff, 0xffff, 0xffff, 0xffff, 0xffff, 0xffff, 0xffff, 0xffff, 0xffff, 0xffff, 0xffff, 
	0xffff, 0xffff, 0xffff, 0xffff, 0xffff, 0xffff, 0xffff, 0xffff, 0xffff, 0xffff, 0xffff, 0xffff, 0xffff, 0xffff, 0xffff, 0xffff, 
	0xffff, 0xffff, 0xffff, 0xffff, 0xffff, 0xffff, 0xffff, 0xffff, 0xffff, 0xffff, 0xffff, 0xffff, 0xffff, 0xffff, 0xffff, 0xffff, 
	0xffff, 0xffff, 0xffff, 0xffff, 0xffff, 0xffff, 0xffff, 0xffff, 0xffff, 0xffff, 0xffff, 0xffff, 0xffff, 0xffff, 0xffff, 0xffff, 
	0xffff, 0xffff, 0xffff, 0xffff, 0xc638, 0xbdf7, 0xad35, 0x41e7, 0xb596, 0xffff, 0xffff, 0xffff, 0xffff, 0xffff, 0xffff, 0xffff, 
	0xffff, 0xffff, 0xffff, 0x8410, 0x4a49, 0xd6ba, 0xffff, 0xffdf, 0xffff, 0xffff, 0xb596, 0x4208, 0x738e, 0xe73c, 0xffff, 0xffff, 
	0xffff, 0xffff, 0xffff, 0xef7d, 0x83f0, 0x41e7, 0x9471, 0xdedb, 0xb5b6, 0xb596, 0xf7be, 0xdefb, 0xc638, 0xffff, 0xad75, 0x31a6, 
	0xad55, 0xd6ba, 0x0841, 0x0000, 0x0000, 0xa534, 0xce79, 0xef5d, 0xffff, 0xffff, 0xffff, 0xffff, 0xffff, 0xffff, 0xffff, 0xc638, 
	0xe71c, 0xffff, 0xffff, 0xffff, 0xffff, 0xffff, 0xffff, 0xef7d, 0xbdf7, 0xffdf, 0xffdf, 0xffdf, 0xffff, 0xffff, 0x8c51, 0x0000, 
	0x0000, 0xa534, 0xffff, 0x3186, 0x0000, 0x2124, 0xf7be, 0xffff, 0x3186, 0x0000, 0x10a2, 0xe71c, 0xffff, 0x3186, 0x0000, 0x18c3, 
	0xb5b6, 0xffdf, 0xffff, 0xffff, 0xffff, 0xffff, 0xffff, 0xffff, 0xc618, 0xef7d, 0xffff, 0xffff, 0xffff, 0xffff, 0xffff, 0xffff, 
	0xe73c, 0xc618, 0xffdf, 0xffdf, 0xffff, 0xffff, 0xffff, 0xffff, 0xffff, 0xef7d, 0xbdd7, 0xffff, 0xffff, 0xffff, 0xffff, 0xd6ba, 
	0x0020, 0x0000, 0x0000, 0xc618, 0xc618, 0xffff, 0xef7d, 0xb596, 0xbdd7, 0xdedb, 0x8410, 0x41e7, 0x8c71, 0xf79e, 0xffff, 0xffdf, 
	0xffff, 0xffff, 0xffff, 0xe71c, 0x632c, 0x4a49, 0xc618, 0xffff, 0xffff, 0xffff, 0xffff, 0xdedb, 0x4a69, 0x73ae, 0xffdf, 0xffff, 
	0xffff, 0xffff, 0xffff, 0xffff, 0xffff, 0xffff, 0xffff, 0xffff, 0xa514, 0x39e7, 0xb596, 0xce79, 0xdedb, 0xffff, 0xffff, 0xffff, 
	0xffff, 0xffff, 0xffff, 0xffff, 0xffff, 0xffff, 0xffff, 0xffff, 0xffff, 0xffff, 0xffff, 0xffff, 0xffff, 0xffff, 0xffff, 0xffff, 
	0xffff, 0xffff, 0xffff, 0xffff, 0xffff, 0xffff, 0xffff, 0xffff, 0xffff, 0xffff, 0xffff, 0xffff, 0xffff, 0xffff, 0xffff, 0xffff, 
	0xffff, 0xffff, 0xffff, 0xffff, 0xffff, 0xffff, 0xffff, 0xffff, 0xffff, 0xffff, 0xffff, 0xffff, 0xffff, 0xffff, 0xffff, 0xffff, 
	0xffff, 0xffff, 0xffff, 0xffff, 0xffff, 0xffff, 0xffff, 0xffff, 0xffff, 0xffff, 0xffff, 0xffff, 0xffff, 0xffff, 0xffff, 0xffff, 
	0xffff, 0xffff, 0xffff, 0xffff, 0xffff, 0xffff, 0xffff, 0x9cd3, 0x39e7, 0xb5b6, 0xffff, 0xffff, 0xffff, 0xffff, 0xffff, 0xffff, 
	0xffff, 0xffff, 0x9492, 0x4208, 0xce59, 0xffff, 0xffff, 0xffff, 0xffff, 0xffff, 0xffff, 0xd69a, 0x5acb, 0x528a, 0xce79, 0xf7be, 
	0xf7be, 0xffff, 0xffdf, 0xffff, 0xffff, 0xbdd7, 0x526a, 0x52aa, 0xbdf7, 0xd6ba, 0xad55, 0xb596, 0xf7be, 0xffff, 0xffdf, 0xffdf, 
	0xffff, 0xffff, 0x4a69, 0x0000, 0x10a2, 0x9cf3, 0xce59, 0xffff, 0xffff, 0xffff, 0xffff, 0xffff, 0xffff, 0xffdf, 0xef5d, 0xb596, 
	0xf7be, 0xffff, 0xffdf, 0xffff, 0xffdf, 0xffdf, 0xffff, 0xdedb, 0xce59, 0xf7be, 0xf79e, 0xf7be, 0xffff, 0xffff, 0x8c71, 0x0000, 
	0x0020, 0xb5b6, 0xffff, 0x4a49, 0x0000, 0x2945, 0xf79e, 0xffdf, 0x2965, 0x0000, 0x4208, 0xe71c, 0xffdf, 0x31a6, 0x0000, 0x18e3, 
	0xb5b6, 0xf79e, 0xffff, 0xffdf, 0xffdf, 0xffdf, 0xffff, 0xffff, 0xce59, 0xdedb, 0xffff, 0xffdf, 0xffdf, 0xffdf, 0xffff, 0xffdf, 
	0xf7be, 0xb5b6, 0xe71c, 0xef7d, 0xf7be, 0xffff, 0xffff, 0xffff, 0xffff, 0xffff, 0xc618, 0xe71c, 0xffff, 0xffff, 0xffff, 0xef7d, 
	0xbdb6, 0xa534, 0x9cd3, 0xffdf, 0xd6ba, 0xa534, 0xb595, 0xdedb, 0xb5b6, 0x4a69, 0x5aaa, 0xc638, 0xffff, 0xffff, 0xffff, 0xffff, 
	0xf79e, 0xf79e, 0xc618, 0x4a69, 0x630c, 0xdedb, 0xffff, 0xffdf, 0xffff, 0xffff, 0xffff, 0xffff, 0xd69a, 0x4228, 0x8c51, 0xffff, 
	0xffff, 0xffff, 0xffff, 0xffff, 0xffff, 0xffff, 0xffff, 0xa534, 0x39e7, 0xad55, 0xffff, 0xffff, 0xffff, 0xffff, 0xffff, 0xffff, 
	0xffff, 0xffff, 0xffff, 0xffff, 0xffff, 0xffff, 0xffff, 0xffff, 0xffff, 0xffff, 0xffff, 0xffff, 0xffff, 0xffff, 0xffff, 0xffff, 
	0xffff, 0xffff, 0xffff, 0xffff, 0xffff, 0xffff, 0xffff, 0xffff, 0xffff, 0xffff, 0xffff, 0xffff, 0xffff, 0xffff, 0xffff, 0xffff, 
	0xffff, 0xffff, 0xffff, 0xffff, 0xffff, 0xffff, 0xffff, 0xffff, 0xffff, 0xffff, 0xffff, 0xffff, 0xffff, 0xffff, 0xffff, 0xffff, 
	0xffff, 0xffff, 0xffff, 0xffff, 0xffff, 0xffff, 0xffff, 0xffff, 0xffff, 0xffff, 0xffff, 0xffff, 0xffff, 0xffff, 0xffff, 0xffff, 
	0xffff, 0xffff, 0xffff, 0xffff, 0xffff, 0xffff, 0xffff, 0xffff, 0x94b2, 0x39e7, 0xb5b6, 0xffff, 0xffdf, 0xffdf, 0xffff, 0xffff, 
	0xffff, 0xa514, 0x39e7, 0xb5b6, 0xffff, 0xffff, 0xffff, 0xffff, 0xffff, 0xffff, 0xffff, 0xffff, 0xef5d, 0x7bcf, 0x528a, 0x5aeb, 
	0xad55, 0xffff, 0xffff, 0xffff, 0xffff, 0xffff, 0xef5d, 0x8c50, 0x4207, 0x7bcf, 0xd6ba, 0xce38, 0xad75, 0xdedb, 0xffff, 0xffff, 
	0xffff, 0xffff, 0xb596, 0x6b4d, 0xe71c, 0xce59, 0xe71c, 0xffff, 0xffff, 0xffff, 0xffff, 0xffff, 0xffff, 0xffdf, 0xdedb, 0xc638, 
	0xf7be, 0xef7d, 0xf79e, 0xf79e, 0xf79e, 0xf79e, 0xffff, 0xce79, 0xdedb, 0xffdf, 0xf7be, 0xf7be, 0xffdf, 0xffff, 0x94b2, 0x18c3, 
	0x18c3, 0xbdd7, 0xffdf, 0x5acb, 0x18c3, 0x528a, 0xe73c, 0xf7be, 0x3186, 0x0000, 0x3186, 0xe71c, 0xf7be, 0x52aa, 0x2124, 0x4208, 
	0xbdf7, 0xef5d, 0xf7be, 0xf79e, 0xf79e, 0xf7be, 0xf79e, 0xf7be, 0xd6ba, 0xce59, 0xf7be, 0xef7d, 0xf79e, 0xf79e, 0xf79e, 0xf79e, 
	0xf7be, 0xc618, 0xd6ba, 0xffdf, 0xffdf, 0xffff, 0xffff, 0xffff, 0xffff, 0xffff, 0xe73c, 0xbdf7, 0xffff, 0xffff, 0xffff, 0xffff, 
	0xffff, 0xffff, 0xffff, 0xd6ba, 0xad55, 0xc638, 0xd69a, 0x738e, 0x4207, 0x9492, 0xf79e, 0xffff, 0xffff, 0xffdf, 0xffdf, 0xffff, 
	0x94b2, 0x5aeb, 0x4a69, 0x8430, 0xf79e, 0xffff, 0xffff, 0xffff, 0xffff, 0xffff, 0xffff, 0xffff, 0xffff, 0xc618, 0x4208, 0x9cd3, 
	0xffff, 0xffff, 0xffdf, 0xffdf, 0xffff, 0xffff, 0xad55, 0x39e7, 0xa534, 0xffff, 0xffff, 0xffff, 0xffff, 0xffff, 0xffff, 0xffff, 
	0xffff, 0xffff, 0xffff, 0xffff, 0xffff, 0xffff, 0xffff, 0xffff, 0xffff, 0xffff, 0xffff, 0xffff, 0xffff, 0xffff, 0xffff, 0xffff, 
	0xffff, 0xffff, 0xffff, 0xffff, 0xffff, 0xffff, 0xffff, 0xffff, 0xffff, 0xffff, 0xffff, 0xffff, 0xffff, 0xffff, 0xffff, 0xffff, 
	0xffff, 0xffff, 0xffff, 0xffff, 0xffff, 0xffff, 0xffff, 0xffff, 0xffff, 0xffff, 0xffff, 0xffff, 0xffff, 0xffff, 0xffff, 0xffff, 
	0xffff, 0xffff, 0xffff, 0xffff, 0xffff, 0xffff, 0xffff, 0xffff, 0xffff, 0xffff, 0xffff, 0xffff, 0xffff, 0xffff, 0xffff, 0xffff, 
	0xffff, 0xffff, 0xffff, 0xffff, 0xffff, 0xffff, 0xffdf, 0xffff, 0xffff, 0x94b2, 0x39e7, 0xb5b6, 0xffff, 0xffff, 0xffdf, 0xffff, 
	0xb596, 0x39e7, 0xa534, 0xffff, 0xffff, 0xffff, 0xffff, 0xffff, 0xffff, 0xffff, 0xffff, 0xffff, 0xffff, 0xffff, 0x738e, 0x39e7, 
	0x6b6d, 0xe71c, 0xffff, 0xffff, 0xffff, 0xffff, 0xffff, 0xffff, 0xd69a, 0x736d, 0x5269, 0x9cd3, 0xdefb, 0xbdb7, 0xad75, 0xe6fc, 
	0xffff, 0xffff, 0xffff, 0xffff, 0xf79e, 0xbdd7, 0xffff, 0xffff, 0xffff, 0xffff, 0xffff, 0xffff, 0xffff, 0xffdf, 0xce59, 0xdefb, 
	0xffdf, 0xf79e, 0xef7d, 0xf79e, 0xf79e, 0xf7be, 0xffff, 0xc638, 0xe73c, 0xf7be, 0xef7d, 0xf79e, 0xef7d, 0xffdf, 0x8c71, 0x2965, 
	0x10a2, 0xb596, 0xffff, 0x4228, 0x0000, 0x4a69, 0xe73c, 0xf7be, 0x3186, 0x0000, 0x3186, 0xe73c, 0xffff, 0x39e7, 0x0861, 0x4228, 
	0xb5b6, 0xdefb, 0xf79e, 0xf7be, 0xffdf, 0xf7be, 0xef7d, 0xf79e, 0xe73c, 0xbdf7, 0xf79e, 0xf79e, 0xef7d, 0xf79e, 0xf79e, 0xef7d, 
	0xf79e, 0xdedb, 0xc638, 0xffff, 0xffff, 0xffff, 0xffff, 0xffff, 0xffff, 0xffff, 0xffff, 0xbdf7, 0xef5d, 0xffff, 0xffff, 0xffff, 
	0xffff, 0xdedb, 0xad75, 0xc5f7, 0xdedb, 0x9492, 0x4a49, 0x738e, 0xdefb, 0xffff, 0xffff, 0xffff, 0xffff, 0xffff, 0xffff, 0xdedb, 
	0x632c, 0x39e7, 0x840f, 0xffff, 0xffff, 0xffff, 0xffff, 0xffff, 0xffff, 0xffff, 0xffff, 0xffff, 0xffff, 0xffff, 0xb596, 0x39e7, 
	0xad34, 0xffff, 0xffff, 0xffff, 0xffff, 0xa534, 0x39e7, 0xa514, 0xffff, 0xffff, 0xffff, 0xffff, 0xffff, 0xffff, 0xffff, 0xffff, 
	0xffff, 0xffff, 0xffff, 0xffff, 0xffff, 0xffff, 0xffff, 0xffff, 0xffff, 0xffff, 0xffff, 0xffff, 0xffff, 0xffff, 0xffff, 0xffff, 
	0xffff, 0xffff, 0xffff, 0xffff, 0xffff, 0xffff, 0xffff, 0xffff, 0xffff, 0xffff, 0xffff, 0xffff, 0xffff, 0xffff, 0xffff, 0xffff, 
	0xffff, 0xffff, 0xffff, 0xffff, 0xffff, 0xffff, 0xffff, 0xffff, 0xffff, 0xffff, 0xffff, 0xffff, 0xffff, 0xffff, 0xffff, 0xffff, 
	0xffff, 0xffff, 0xffff, 0xffff, 0xffff, 0xffff, 0xffff, 0xffff, 0xffff, 0xffff, 0xffff, 0xffff, 0xffff, 0xffff, 0xffff, 0xffff, 
	0xffff, 0xffff, 0xffff, 0xffff, 0xffff, 0xffff, 0xffff, 0xffff, 0xffff, 0xffff, 0x94b2, 0x39e7, 0xb596, 0xffff, 0xffff, 0xc618, 
	0x41e7, 0x94b2, 0xffff, 0xffff, 0xffff, 0xffff, 0xffff, 0xffff, 0xffff, 0xffff, 0xffff, 0xffff, 0xffff, 0xbdd7, 0x4a49, 0xa514, 
	0x6b2d, 0x4a49, 0xb5b6, 0xffff, 0xffff, 0xffff, 0xffff, 0xe73c, 0xc638, 0x9471, 0x630c, 0x5aca, 0x528a, 0xad75, 0xdedb, 0xb5b6, 
	0xb576, 0xe6fc, 0xffff, 0xffff, 0xce59, 0xd6ba, 0xffff, 0xffff, 0xffff, 0xffff, 0xffff, 0xffff, 0xffff, 0xf79e, 0xc618, 0xef7d, 
	0xf7be, 0xf7be, 0xf7be, 0xf79e, 0xf79e, 0xffff, 0xf7be, 0xbdd7, 0xf79e, 0xf79e, 0xef7d, 0xf7be, 0xef7d, 0xffff, 0x8c71, 0x2104, 
	0x0861, 0xb5b6, 0xffff, 0x4a69, 0x0000, 0x31a6, 0xef7d, 0xffdf, 0x31a6, 0x0000, 0x39c7, 0xe71c, 0xffdf, 0x39e7, 0x1082, 0x4208, 
	0xbdd7, 0xd6ba, 0xef7d, 0xf7be, 0xf7be, 0xf7be, 0xef7d, 0xf79e, 0xf79e, 0xc618, 0xef5d, 0xf79e, 0xef7d, 0xf79e, 0xef7d, 0xf79e, 
	0xf79e, 0xf79e, 0xb5b6, 0xf7be, 0xffff, 0xffff, 0xffff, 0xffff, 0xffff, 0xffff, 0xffff, 0xdefb, 0xc638, 0xffff, 0xffff, 0xdefb, 
	0xad55, 0xbdb7, 0xdedb, 0xa534, 0x4a69, 0x5acb, 0x5acb, 0x8410, 0xbdb6, 0xdedb, 0xffff, 0xffff, 0xffff, 0xffff, 0xa534, 0x4228, 
	0x738e, 0x9cd3, 0x4a49, 0xce59, 0xffff, 0xffff, 0xffff, 0xffff, 0xffff, 0xffff, 0xffff, 0xffff, 0xffff, 0xffff, 0xffff, 0xa534, 
	0x39e7, 0xbdd7, 0xffff, 0xffff, 0xa514, 0x39e7, 0xa534, 0xffff, 0xffff, 0xffff, 0xffff, 0xffff, 0xffff, 0xffff, 0xffff, 0xffff, 
	0xf79e, 0xffff, 0xffff, 0xffff, 0xffff, 0xffff, 0xffff, 0xffff, 0xffff, 0xffff, 0xffff, 0xffff, 0xffff, 0xffff, 0xffff, 0xffff, 
	0xffff, 0xffff, 0xffff, 0xffff, 0xffff, 0xffff, 0xffff, 0xffff, 0xffff, 0xffff, 0xffff, 0xffff, 0xffff, 0xffff, 0xffff, 0xffff, 
	0xffff, 0xffff, 0xffff, 0xffff, 0xffff, 0xffff, 0xffff, 0xffff, 0xffff, 0xffff, 0xffff, 0xffff, 0xffff, 0xffff, 0xffff, 0xffff, 
	0xffff, 0xffff, 0xffff, 0xffff, 0xffff, 0xffff, 0xffff, 0xffff, 0xffff, 0xffff, 0xffff, 0xffff, 0xffff, 0xffff, 0xffff, 0xffff, 
	0xffff, 0xffff, 0xffff, 0xffff, 0xffff, 0xffff, 0xffff, 0xffff, 0xffff, 0xffff, 0xffff, 0x9cd3, 0x39c7, 0xad55, 0xd69a, 0x4228, 
	0x8c31, 0xffff, 0xffff, 0xffff, 0xffff, 0xffff, 0xffff, 0xffff, 0xffff, 0xffff, 0xffff, 0xffff, 0xe6fc, 0x4a49, 0x8c51, 0xffff, 
	0xf79e, 0x9492, 0x4208, 0x7bcf, 0xe73c, 0xffff, 0xffdf, 0x6b2c, 0x4a28, 0x4a49, 0x6b4d, 0xe73c, 0x9cd3, 0x4a29, 0x5acb, 0xb596, 
	0xdedb, 0xbdd7, 0xad75, 0xd69a, 0xbdf7, 0xffff, 0xffff, 0xffff, 0xffff, 0xffff, 0xffff, 0xffff, 0xffff, 0xdefb, 0xc638, 0xf79e, 
	0xf79e, 0xffdf, 0xffdf, 0xf79e, 0xf7be, 0xffff, 0xef5d, 0xbdf7, 0xf7be, 0xf79e, 0xf7be, 0xf79e, 0xf7be, 0xffff, 0x9cd3, 0x10a2, 
	0x0000, 0xad55, 0xffff, 0x528a, 0x0000, 0x2124, 0xef7d, 0xffff, 0x39c7, 0x0000, 0x31a6, 0xdefb, 0xffdf, 0x4228, 0x10a2, 0x39e7, 
	0xc618, 0xd6ba, 0xf7be, 0xf79e, 0xef7d, 0xf79e, 0xf79e, 0xef7d, 0xef7d, 0xc638, 0xe73c, 0xf7be, 0xf79e, 0xf79e, 0xf79e, 0xf79e, 
	0xf79e, 0xffdf, 0xce59, 0xdefb, 0xffff, 0xffff, 0xffff, 0xffff, 0xffff, 0xffff, 0xffff, 0xffff, 0xbdf7, 0xce79, 0xad75, 0xbdd7, 
	0xdedb, 0xad55, 0x528a, 0x4a49, 0xa514, 0xd699, 0x5aca, 0x5269, 0x4207, 0x7bef, 0xffff, 0xffff, 0xdedb, 0x6b6d, 0x4208, 0x9cd3, 
	0xffdf, 0xffff, 0x7bcf, 0x52aa, 0xef7d, 0xffff, 0xffff, 0xffff, 0xffff, 0xffff, 0xffff, 0xffff, 0xffff, 0xffff, 0xffff, 0xffff, 
	0x9492, 0x4208, 0xc638, 0x9cd3, 0x39e7, 0xad55, 0xffff, 0xffff, 0xffff, 0xffff, 0xffff, 0xffff, 0xffff, 0xffff, 0xffff, 0xf79e, 
	0xffff, 0xffff, 0xffff, 0xffff, 0xffff, 0xffff, 0xffff, 0xffff, 0xffff, 0xffff, 0xffff, 0xffff, 0xffff, 0xffff, 0xffff, 0xffff, 
	0xffff, 0xffff, 0xffff, 0xffff, 0xffff, 0xffff, 0xffff, 0xffff, 0xffff, 0xffff, 0xffff, 0xffff, 0xffff, 0xffff, 0xffff, 0xffff, 
	0xffff, 0xffff, 0xffff, 0xffff, 0xffff, 0xffff, 0xffff, 0xffff, 0xffff, 0xffff, 0xffff, 0xffff, 0xffff, 0xffff, 0xffff, 0xffff, 
	0xffff, 0xffff, 0xffff, 0xffff, 0xffff, 0xffff, 0xffff, 0xffff, 0xffff, 0xffff, 0xffff, 0xffff, 0xffff, 0xffff, 0xffff, 0xffff, 
	0xffff, 0xffff, 0xffdf, 0xffff, 0xffff, 0xffff, 0xffff, 0xffff, 0xffff, 0xffdf, 0xffff, 0xffff, 0xad55, 0x528a, 0x5269, 0x8410, 
	0xffdf, 0xffff, 0xffff, 0xffff, 0xffff, 0xffff, 0xffff, 0xffff, 0xffff, 0xffff, 0xffff, 0xffdf, 0x6b6d, 0x62ec, 0xf79e, 0xffff, 
	0xffff, 0xffff, 0xc638, 0x5aeb, 0x4a49, 0xad55, 0xffff, 0x9492, 0x4a69, 0x5aca, 0x4a49, 0xd69a, 0xffff, 0xe71c, 0x8c51, 0x4a29, 
	0x5aeb, 0xb576, 0xdedb, 0xbdd7, 0x9cf3, 0xd69a, 0xf7be, 0xffff, 0xffff, 0xffff, 0xffff, 0xffff, 0xffff, 0xc638, 0xdedb, 0xffff, 
	0xffff, 0xffff, 0xf7be, 0xf79e, 0xf7be, 0xffff, 0xdedb, 0xd69a, 0xffff, 0xffdf, 0xffff, 0xffff, 0xffff, 0xffff, 0x8c71, 0x0000, 
	0x0000, 0x9cf3, 0xffff, 0x3186, 0x0000, 0x39e7, 0xef5d, 0xffff, 0x39c7, 0x0000, 0x0861, 0xdefb, 0xffff, 0x31a6, 0x0000, 0x18c3, 
	0xce79, 0xce59, 0xffff, 0xffdf, 0xffdf, 0xffff, 0xffdf, 0xf79e, 0xf7be, 0xce59, 0xd6ba, 0xffff, 0xffdf, 0xffdf, 0xffff, 0xffff, 
	0xffff, 0xffff, 0xe71c, 0xc638, 0xffff, 0xffff, 0xffff, 0xffff, 0xffff, 0xffff, 0xf79e, 0xce59, 0xa534, 0xc618, 0xd6ba, 0xa534, 
	0x5aaa, 0x4a49, 0x9492, 0xe73c, 0xffff, 0xad55, 0x4228, 0x5aca, 0x4a49, 0xbdd6, 0xffdf, 0x9cf3, 0x4228, 0x630c, 0xd69a, 0xffff, 
	0xffff, 0xffff, 0xef5d, 0x52aa, 0x7bcf, 0xffff, 0xffff, 0xffff, 0xffff, 0xffff, 0xffff, 0xffff, 0xffff, 0xffff, 0xffff, 0xffff, 
	0xffff, 0x8c51, 0x4a49, 0x528a, 0xb596, 0xffff, 0xffff, 0xffff, 0xffff, 0xffff, 0xffff, 0xffff, 0xffff, 0xffff, 0xffdf, 0xffff, 
	0xffff, 0xffff, 0xffff, 0xffff, 0xffff, 0xffff, 0xffff, 0xffff, 0xffff, 0xffff, 0xffff, 0xffff, 0xffff, 0xffff, 0xffff, 0xffff, 
	0xffff, 0xffff, 0xffff, 0xffff, 0xffff, 0xffff, 0xffff, 0xffff, 0xffff, 0xffff, 0xffff, 0xffff, 0xffff, 0xffff, 0xffff, 0xffff, 
	0xffff, 0xffff, 0xffff, 0xffff, 0xffff, 0xffff, 0xffff, 0xffff, 0xffff, 0xffff, 0xffff, 0xffff, 0xffff, 0xffff, 0xffff, 0xffff, 
	0xffff, 0xffff, 0xffff, 0xffff, 0xffff, 0xffff, 0xffff, 0xffff, 0xffff, 0xffff, 0xffff, 0xffff, 0xffff, 0xffff, 0xffff, 0xffff, 
	0xffff, 0xffff, 0xffff, 0xf7be, 0xffff, 0xffff, 0xffff, 0xffff, 0xffff, 0xffff, 0xffff, 0xffff, 0xef5d, 0x52aa, 0x4208, 0x8c51, 
	0xffdf, 0xffff, 0xffdf, 0xffff, 0xffff, 0xffff, 0xffff, 0xffff, 0xffff, 0xffff, 0xffff, 0x9cf3, 0x4228, 0xdedb, 0xffff, 0xffff, 
	0xffff, 0xffff, 0xffff, 0xf79e, 0x9cb2, 0x4208, 0x738e, 0x94b2, 0x528a, 0x52aa, 0x5aaa, 0xbdf7, 0xffff, 0xffff, 0xffff, 0xdefb, 
	0x8c51, 0x4a49, 0x52aa, 0xa514, 0xd6ba, 0xc638, 0xad75, 0xbdf7, 0xe73c, 0xffff, 0xffff, 0xffff, 0xffbf, 0xbdd7, 0xf7be, 0xffff, 
	0xffff, 0xffff, 0xffff, 0xffdf, 0xffff, 0xffff, 0xce59, 0xe71c, 0xffff, 0xffff, 0xffff, 0xffff, 0xffff, 0xffff, 0x9492, 0x0000, 
	0x0000, 0xad55, 0xffff, 0x31a6, 0x0000, 0x2104, 0xef7d, 0xffff, 0x39c7, 0x0000, 0x0861, 0xdefb, 0xffff, 0x39c7, 0x0000, 0x18e3, 
	0xdefb, 0xce59, 0xffff, 0xffff, 0xffff, 0xffff, 0xffff, 0xffff, 0xffff, 0xe71c, 0xc638, 0xffff, 0xffff, 0xffff, 0xffff, 0xffff, 
	0xffff, 0xffff, 0xf7be, 0xbdd7, 0xf7be, 0xffff, 0xffff, 0xffff, 0xe71c, 0xbdb7, 0xad75, 0xce59, 0xd6ba, 0x9cf3, 0x528a, 0x4a69, 
	0x9492, 0xe73c, 0xffff, 0xffff, 0xffff, 0xad55, 0x632c, 0x5aca, 0x5aca, 0xad54, 0x6b2c, 0x4a28, 0xa514, 0xf7be, 0xffff, 0xffff, 
	0xffff, 0xffff, 0xffff, 0xc638, 0x4208, 0xad75, 0xffff, 0xffff, 0xffff, 0xffff, 0xffff, 0xffff, 0xffff, 0xffff, 0xffff, 0xffff, 
	0xf79e, 0x7bef, 0x4228, 0x52aa, 0xef5d, 0xffff, 0xffff, 0xffff, 0xffff, 0xffff, 0xffff, 0xffff, 0xffff, 0xffff, 0xffff, 0xffff, 
	0xffff, 0xffff, 0xffff, 0xffff, 0xffff, 0xffff, 0xffff, 0xffff, 0xffff, 0xffff, 0xffff, 0xffff, 0xffff, 0xffff, 0xffff, 0xffff, 
	0xffff, 0xffff, 0xffff, 0xffff, 0xffff, 0xffff, 0xffff, 0xffff, 0xffff, 0xffff, 0xffff, 0xffff, 0xffff, 0xffff, 0xffff, 0xffff, 
	0xffff, 0xffff, 0xffff, 0xffff, 0xffff, 0xffff, 0xffff, 0xffff, 0xffff, 0xffff, 0xffff, 0xffff, 0xffff, 0xffff, 0xffff, 0xffff, 
	0xffff, 0xffff, 0xffff, 0xffff, 0xffff, 0xffff, 0xffff, 0xffff, 0xffff, 0xffff, 0xffff, 0xffff, 0xffff, 0xffff, 0xffff, 0xffff, 
	0xffff, 0xffff, 0xffff, 0xffff, 0xffdf, 0xffff, 0xffff, 0xffff, 0xffff, 0xffff, 0xffff, 0xffff, 0xce79, 0x7bef, 0xb5d7, 0x4a69, 
	0x738e, 0xef5d, 0xffff, 0xffff, 0xffff, 0xffff, 0xffff, 0xffff, 0xffff, 0xffff, 0xce59, 0x39e7, 0xad75, 0xffff, 0xffff, 0xffff, 
	0xffff, 0xffff, 0xffff, 0xffff, 0xffff, 0xdeba, 0x736e, 0x4a69, 0x5aca, 0xb595, 0xffde, 0xffff, 0xffff, 0xffff, 0xffff, 0xffff, 
	0xffff, 0xe73c, 0x94b2, 0x528a, 0x4a69, 0x8c51, 0xce59, 0xd69a, 0xbdd7, 0xb596, 0xce38, 0xef7d, 0xe73c, 0xce59, 0xffff, 0xffff, 
	0xffff, 0xffff, 0xffff, 0xffff, 0xffff, 0xffff, 0xbdf7, 0xef7d, 0xffff, 0xffff, 0xffff, 0xffff, 0xffff, 0xffff, 0x8c51, 0x0000, 
	0x0000, 0x7bcf, 0xffdf, 0x3186, 0x0000, 0x18c3, 0xdedb, 0xffff, 0x31a6, 0x0000, 0x0841, 0xbdf7, 0xe71c, 0x2104, 0x0020, 0x0841, 
	0x8430, 0xce59, 0xffff, 0xffff, 0xffff, 0xffff, 0xffff, 0xffff, 0xffff, 0xf79e, 0xbdf7, 0xffff, 0xffff, 0xffff, 0xffff, 0xffff, 
	0xffff, 0xffff, 0xffff, 0xce79, 0xe71c, 0xef7d, 0xc638, 0xb596, 0xbdd7, 0xd6ba, 0xc638, 0x8410, 0x4a49, 0x52aa, 0xa514, 0xe73c, 
	0xffff, 0xffff, 0xffff, 0xffff, 0xffff, 0xffff, 0xffff, 0xb5b6, 0x5acb, 0x4a49, 0x738e, 0xe6fb, 0xffff, 0xffff, 0xffff, 0xffff, 
	0xffff, 0xffff, 0xffff, 0xffff, 0x9cf3, 0x4228, 0xdedb, 0xffff, 0xffff, 0xffff, 0xffff, 0xffff, 0xffff, 0xffff, 0xffff, 0xe73c, 
	0x632c, 0x528a, 0xc618, 0x94b2, 0xe71c, 0xffff, 0xffff, 0xffff, 0xffff, 0xffff, 0xffff, 0xffff, 0xffff, 0xffff, 0xffff, 0xffff, 
	0xffff, 0xffff, 0xffff, 0xffff, 0xffff, 0xffff, 0xffff, 0xffff, 0xffff, 0xffff, 0xffff, 0xffff, 0xffff, 0xffff, 0xffff, 0xffff, 
	0xffff, 0xffff, 0xffff, 0xffff, 0xffff, 0xffff, 0xffff, 0xffff, 0xffff, 0xffff, 0xffff, 0xffff, 0xffff, 0xffff, 0xffff, 0xffff, 
	0xffff, 0xffff, 0xffff, 0xffff, 0xffff, 0xffff, 0xffff, 0xffff, 0xffff, 0xffff, 0xffff, 0xffff, 0xffff, 0xffff, 0xffff, 0xffff, 
	0xffff, 0xffff, 0xffff, 0xffff, 0xffff, 0xffff, 0xffff, 0xffff, 0xffff, 0xffff, 0xffff, 0xffff, 0xffff, 0xffff, 0xffff, 0xffff, 
	0xffff, 0xffff, 0xffff, 0xffff, 0xffff, 0xffff, 0xffff, 0xffff, 0xffff, 0xffff, 0xffff, 0xffff, 0xffff, 0xffff, 0xffff, 0xd6ba, 
	0x528a, 0x5aeb, 0xdedb, 0xffff, 0xffff, 0xffff, 0xffff, 0xffff, 0xffff, 0xef7d, 0x52aa, 0x7bef, 0xffff, 0xffff, 0xffff, 0xffff, 
	0xffff, 0xffff, 0xffff, 0xffff, 0xffff, 0xffff, 0x8410, 0x4a69, 0x52aa, 0x5aaa, 0x9cf3, 0xef5d, 0xffff, 0xffff, 0xffff, 0xffff, 
	0xffff, 0xffff, 0xffff, 0xf79e, 0xad75, 0x632c, 0x4228, 0x6b4d, 0xad75, 0xd69a, 0xce59, 0xb5b6, 0x9cd3, 0xb5b6, 0xef7d, 0xffff, 
	0xffff, 0xffff, 0xffff, 0xffff, 0xffff, 0xf7be, 0xbdd7, 0xffdf, 0xffff, 0xffff, 0xffff, 0xffff, 0xffff, 0xe71c, 0x18c3, 0x0000, 
	0x0000, 0x2124, 0x8410, 0x0000, 0x0020, 0x0000, 0x738e, 0xb596, 0x0000, 0x0020, 0x0000, 0x630c, 0x94b2, 0x0000, 0x0000, 0x0000, 
	0x8430, 0xce59, 0xffdf, 0xffff, 0xffff, 0xffff, 0xffff, 0xffff, 0xffff, 0xffff, 0xbdd7, 0xf79e, 0xffff, 0xffff, 0xffff, 0xffff, 
	0xffff, 0xffff, 0xef5d, 0xb5b6, 0x9cf3, 0xbdd7, 0xd67a, 0xd679, 0xa534, 0x630c, 0x4228, 0x6b4d, 0xb5b6, 0xf79e, 0xffff, 0xffff, 
	0xffdf, 0xffff, 0xffff, 0xffff, 0xffff, 0xe73c, 0x9492, 0x528a, 0x5aaa, 0x5289, 0x7bcf, 0xffdf, 0xffff, 0xffff, 0xffff, 0xffff, 
	0xffff, 0xffff, 0xffff, 0xffff, 0xffdf, 0x6b4d, 0x630c, 0xf7be, 0xffff, 0xffff, 0xffff, 0xffff, 0xffff, 0xffff, 0xce79, 0x52aa, 
	0x5aeb, 0xdefb, 0xffff, 0xffff, 0xffff, 0xffff, 0xffff, 0xffff, 0xffff, 0xffff, 0xffff, 0xffff, 0xffff, 0xffff, 0xffff, 0xffff, 
	0xffff, 0xffff, 0xffff, 0xffff, 0xffff, 0xffff, 0xffff, 0xffff, 0xffff, 0xffff, 0xffff, 0xffff, 0xffff, 0xffff, 0xffff, 0xffff, 
	0xffff, 0xffff, 0xffff, 0xffff, 0xffff, 0xffff, 0xffff, 0xffff, 0xffff, 0xffff, 0xffff, 0xffff, 0xffff, 0xffff, 0xffff, 0xffff, 
	0xffff, 0xffff, 0xffff, 0xffff, 0xffff, 0xffff, 0xffff, 0xffff, 0xffff, 0xffff, 0xffff, 0xffff, 0xffff, 0xffff, 0xffff, 0xffff, 
	0xffff, 0xffff, 0xffff, 0xffff, 0xffff, 0xffff, 0xffff, 0xffff, 0xffff, 0xffff, 0xffff, 0xffff, 0xffff, 0xffff, 0xffff, 0xffff, 
	0xffff, 0xffff, 0xffff, 0xffff, 0xffff, 0xffff, 0xffff, 0xffff, 0xffff, 0xffff, 0xffff, 0xffff, 0xffff, 0xffff, 0xffff, 0xffff, 
	0xe73c, 0x6b4d, 0x4a49, 0xbdf7, 0xffff, 0xffff, 0xffdf, 0xffff, 0xffff, 0x7bef, 0x528a, 0xef5d, 0xffff, 0xffff, 0xf7be, 0xd6ba, 
	0xf7be, 0xffff, 0xffff, 0xffff, 0xf7be, 0x8430, 0x4a49, 0x52aa, 0xce58, 0xad55, 0x4a69, 0x5289, 0xa534, 0xef7d, 0xffff, 0xffff, 
	0xffff, 0xffff, 0xffff, 0xffff, 0xffff, 0xffff, 0xce79, 0x8c31, 0x5269, 0x4a49, 0x7bcf, 0xbdb6, 0xd69a, 0xd69a, 0xb5b6, 0xb596, 
	0xc618, 0xdedb, 0xf79e, 0xffff, 0xffff, 0xef5d, 0xc638, 0xffff, 0xffff, 0xffff, 0xffff, 0xffff, 0xffff, 0xf79e, 0x8410, 0x0020, 
	0x0000, 0xb5b6, 0xc638, 0x3186, 0x0000, 0x2104, 0xe73c, 0xdefb, 0x4208, 0x0000, 0x18e3, 0xdefb, 0xffff, 0x9cf3, 0x1082, 0x5aeb, 
	0xffff, 0xc618, 0xf79e, 0xffff, 0xffff, 0xffff, 0xffff, 0xffff, 0xffff, 0xffff, 0xce59, 0xe73c, 0xffff, 0xffff, 0xf79e, 0xdedb, 
	0xbdf7, 0xb596, 0xbdd7, 0xd69a, 0xd6ba, 0xb596, 0x73ae, 0x4a49, 0x528a, 0x8c71, 0xd6ba, 0xffff, 0xffff, 0xffff, 0xffff, 0xffff, 
	0xffff, 0xffff, 0xffff, 0xef5d, 0x9cd3, 0x4a49, 0x528a, 0xb596, 0xce59, 0x528a, 0x4a69, 0x7baf, 0xe73c, 0xffff, 0xffff, 0xffff, 
	0xef5d, 0xce59, 0xf79e, 0xffdf, 0xffff, 0xe71c, 0x4a49, 0x8c71, 0xffff, 0xffdf, 0xffff, 0xffff, 0xffff, 0xb5b6, 0x4208, 0x73ae, 
	0xef7d, 0xffff, 0xffff, 0xffff, 0xffff, 0xffff, 0xffff, 0xffff, 0xffff, 0xffff, 0xffff, 0xffff, 0xffff, 0xffff, 0xffff, 0xffff, 
	0xffff, 0xffff, 0xffff, 0xffff, 0xffff, 0xffff, 0xffff, 0xffff, 0xffff, 0xffff, 0xffff, 0xffff, 0xffff, 0xffff, 0xffff, 0xffff, 
	0xffff, 0xffff, 0xffff, 0xffff, 0xffff, 0xffff, 0xffff, 0xffff, 0xffff, 0xffff, 0xffff, 0xffff, 0xffff, 0xffff, 0xffff, 0xffff, 
	0xffff, 0xffff, 0xffff, 0xffff, 0xffff, 0xffff, 0xffff, 0xffff, 0xffff, 0xffff, 0xffff, 0xffff, 0xffff, 0xffff, 0xffff, 0xffff, 
	0xffff, 0xffff, 0xffff, 0xffff, 0xffff, 0xffff, 0xffff, 0xffff, 0xffff, 0xffff, 0xffff, 0xffff, 0xffff, 0xffff, 0xffff, 0xffff, 
	0xffff, 0xffff, 0xffff, 0xffff, 0xffff, 0xffff, 0xffff, 0xffff, 0xffff, 0xffff, 0xffff, 0xffff, 0xffff, 0xffff, 0xffff, 0xffff, 
	0xffff, 0xf7be, 0x8430, 0x39e7, 0x9cf3, 0xffff, 0xffff, 0xffff, 0xad75, 0x39e7, 0xce59, 0xffff, 0xffff, 0xdefb, 0x632c, 0x4a49, 
	0xd69a, 0xffff, 0xf79e, 0xc618, 0x736d, 0x4a69, 0x528a, 0x6b6d, 0xffff, 0xffff, 0xef5d, 0x94b2, 0x4a48, 0x528a, 0xa534, 0xef7d, 
	0xf7be, 0xdefb, 0xffff, 0xffff, 0xffff, 0xffff, 0xffff, 0xffff, 0xef5d, 0xbdd7, 0x7bae, 0x4a49, 0x4a69, 0x7bcf, 0xad75, 0xce79, 
	0xd69a, 0xc638, 0xb5b6, 0xb5b6, 0xc638, 0xb5b6, 0xc638, 0xffff, 0xffff, 0xffff, 0xffff, 0xffff, 0xffff, 0xffff, 0xffdf, 0x8c71, 
	0x9492, 0xffff, 0xffff, 0xf79e, 0x738e, 0xbdf7, 0xffff, 0xffdf, 0xce59, 0x8c51, 0xbdd7, 0xffff, 0xffdf, 0xffff, 0xd6ba, 0xef5d, 
	0xffff, 0xbdf7, 0xef7d, 0xffff, 0xffff, 0xffff, 0xffff, 0xffff, 0xffff, 0xffdf, 0xce59, 0xb5b6, 0xc618, 0xb596, 0xb5b6, 0xc638, 
	0xd69a, 0xce79, 0xad55, 0x738e, 0x4a49, 0x4a49, 0x7bcf, 0xbdf7, 0xef7d, 0xffff, 0xffff, 0xffff, 0xffff, 0xffff, 0xffdf, 0xdefb, 
	0xffdf, 0xef5d, 0x9cd3, 0x4a69, 0x4a69, 0xa513, 0xf79d, 0xffff, 0xffde, 0x6b4d, 0x528a, 0x4a69, 0x5aeb, 0xad55, 0xdefb, 0xf7be, 
	0xa534, 0x4208, 0x6b4d, 0xf79e, 0xffff, 0xffff, 0xbdd7, 0x39e7, 0xbdf7, 0xffff, 0xffff, 0xffdf, 0x9492, 0x39e7, 0x9492, 0xffdf, 
	0xffff, 0xffff, 0xffff, 0xffff, 0xffff, 0xffff, 0xffff, 0xffff, 0xffff, 0xffff, 0xffff, 0xffff, 0xffff, 0xffff, 0xffff, 0xffff, 
	0xffff, 0xffff, 0xffff, 0xffff, 0xffff, 0xffff, 0xffff, 0xffff, 0xffff, 0xffff, 0xffff, 0xffff, 0xffff, 0xffff, 0xffff, 0xffff, 
	0xffff, 0xffff, 0xffff, 0xffff, 0xffff, 0xffff, 0xffff, 0xffff, 0xffff, 0xffff, 0xffff, 0xffff, 0xffff, 0xffff, 0xffff, 0xffff, 
	0xffff, 0xffff, 0xffff, 0xffff, 0xffff, 0xffff, 0xffff, 0xffff, 0xffff, 0xffff, 0xffff, 0xffff, 0xffff, 0xffff, 0xffff, 0xffff, 
	0xffff, 0xffff, 0xffff, 0xffff, 0xffff, 0xffff, 0xffff, 0xffff, 0xffff, 0xffff, 0xffff, 0xffff, 0xffff, 0xffff, 0xffff, 0xffff, 
	0xffff, 0xffff, 0xffff, 0xffff, 0xffff, 0xffff, 0xffff, 0xffff, 0xffff, 0xffff, 0xffff, 0xffff, 0xffff, 0xffff, 0xffff, 0xffff, 
	0xffff, 0xffff, 0xffff, 0xad55, 0x4208, 0x7bcf, 0xf79e, 0xdedb, 0x4228, 0x9cd3, 0xffff, 0xffff, 0xffff, 0xef7d, 0x52aa, 0x4228, 
	0x634c, 0x7bcf, 0x630c, 0x4a69, 0x528a, 0x5acb, 0x4a69, 0x8c71, 0xffff, 0xffff, 0xffff, 0xffff, 0xe73c, 0x94b2, 0x4a69, 0x5acb, 
	0x736d, 0x6b6d, 0xffff, 0xffff, 0xffff, 0xffff, 0xffff, 0xffff, 0xffff, 0xffff, 0xffff, 0xef5d, 0xbdb6, 0x7bef, 0x528a, 0x4a49, 
	0x632c, 0x94b2, 0xbdf7, 0xd69a, 0xd69a, 0xc638, 0xbdd7, 0xb5b6, 0xbdd7, 0xc618, 0xd69a, 0xe71c, 0xf79e, 0xffdf, 0xe71c, 0xd69a, 
	0xffff, 0xffff, 0xffff, 0xffff, 0xffff, 0xffff, 0xffff, 0xffdf, 0xc618, 0xffff, 0xffff, 0xffff, 0xffff, 0xffff, 0xffff, 0xffff, 
	0xffff, 0xce59, 0xe73c, 0xffdf, 0xf79e, 0xe71c, 0xd69a, 0xbdf7, 0xbdd7, 0xb5b6, 0xbdd7, 0xc638, 0xd69a, 0xce79, 0xbdd7, 0x8c71, 
	0x5aeb, 0x4228, 0x528a, 0x8410, 0xbdf7, 0xef7d, 0xffff, 0xffff, 0xffff, 0xffff, 0xffff, 0xffff, 0xffff, 0xffff, 0xf79e, 0x5acb, 
	0x7bcf, 0x528a, 0x528a, 0x9cf3, 0xef7d, 0xffff, 0xffff, 0xffff, 0xffff, 0x8410, 0x5269, 0x5acb, 0x528a, 0x4a49, 0x52aa, 0x630c, 
	0x52aa, 0x4228, 0x738e, 0xffff, 0xffff, 0xffff, 0xffff, 0x8c51, 0x4a49, 0xe73c, 0xef3c, 0x6b6d, 0x4228, 0xb5b6, 0xffff, 0xffff, 
	0xffff, 0xffff, 0xffff, 0xffff, 0xffff, 0xffff, 0xffff, 0xffff, 0xffff, 0xffff, 0xffff, 0xffff, 0xffff, 0xffff, 0xffff, 0xffff, 
	0xffff, 0xffff, 0xffff, 0xffff, 0xffff, 0xffff, 0xffff, 0xffff, 0xffff, 0xffff, 0xffff, 0xffff, 0xffff, 0xffff, 0xffff, 0xffff, 
	0xffff, 0xffff, 0xffff, 0xffff, 0xffff, 0xffff, 0xffff, 0xffff, 0xffff, 0xffff, 0xffff, 0xffff, 0xffff, 0xffff, 0xffff, 0xffff, 
	0xffff, 0xffff, 0xffff, 0xffff, 0xffff, 0xffff, 0xffff, 0xffff, 0xffff, 0xffff, 0xffff, 0xffff, 0xffff, 0xffff, 0xffff, 0xffff, 
	0xffff, 0xffff, 0xffff, 0xffff, 0xffff, 0xffff, 0xffff, 0xffff, 0xffff, 0xffff, 0xffff, 0xffff, 0xffff, 0xffff, 0xffff, 0xffff, 
	0xffff, 0xffff, 0xffff, 0xffff, 0xffff, 0xffff, 0xffff, 0xffff, 0xffff, 0xffff, 0xffff, 0xffff, 0xffff, 0xffdf, 0xffff, 0xffff, 
	0xffff, 0xffff, 0xffff, 0xffff, 0xce79, 0x52aa, 0x630c, 0x630c, 0x7baf, 0xffdf, 0xffdf, 0xffdf, 0xffff, 0xffff, 0xbdd7, 0xbdf7, 
	0x5aeb, 0x4a69, 0x52aa, 0x5aca, 0x5aca, 0x5aca, 0x4a69, 0x9cd3, 0xffff, 0xffff, 0xffff, 0xffff, 0xffff, 0xffff, 0xef3c, 0x9cd3, 
	0x4a49, 0x4a49, 0x8410, 0xce79, 0xffdf, 0xffff, 0xffff, 0xffff, 0xffff, 0xffff, 0xffff, 0xffff, 0xffff, 0xffff, 0xef7d, 0xce59, 
	0x9cd3, 0x6b4d, 0x4a49, 0x4a69, 0x630c, 0x8c51, 0xad75, 0xc638, 0xd679, 0xd69a, 0xce59, 0xc618, 0xbdd7, 0xb5b6, 0xad75, 0xad34, 
	0xbdd7, 0xbdf7, 0xc638, 0xce79, 0xd69a, 0xd6ba, 0xdedb, 0xd69a, 0xad55, 0xdedb, 0xdebb, 0xd6ba, 0xd69a, 0xce79, 0xc638, 0xbdf7, 
	0xbdd7, 0xad34, 0xad75, 0xb5b6, 0xbdd7, 0xc638, 0xce59, 0xd69a, 0xd67a, 0xc638, 0xad55, 0x8430, 0x630c, 0x4a49, 0x4a69, 0x6b6d, 
	0x9cf3, 0xce79, 0xf79e, 0xffff, 0xffff, 0xffff, 0xffff, 0xffff, 0xffff, 0xffff, 0xffff, 0xffff, 0xffdf, 0xc638, 0x7bcf, 0x4a28, 
	0x5269, 0xa534, 0xef7d, 0xffff, 0xffff, 0xffff, 0xffff, 0xffff, 0xffff, 0x8c51, 0x4a69, 0x5aca, 0x5aca, 0x5aca, 0x5aaa, 0x4a69, 
	0x73ae, 0xce59, 0xd69a, 0xffff, 0xffff, 0xffdf, 0xffff, 0xf7be, 0x6b4d, 0x6b4d, 0x5aeb, 0x5aeb, 0xd6ba, 0xffff, 0xffff, 0xffff, 
	0xffff, 0xffff, 0xffff, 0xffff, 0xffff, 0xffff, 0xffff, 0xffff, 0xffff, 0xffff, 0xffff, 0xffff, 0xffff, 0xffff, 0xffff, 0xffff, 
	0xffff, 0xffff, 0xffff, 0xffff, 0xffff, 0xffff, 0xffff, 0xffff, 0xffff, 0xffff, 0xffff, 0xffff, 0xffff, 0xffff, 0xffff, 0xffff, 
	0xffff, 0xffff, 0xffff, 0xffff, 0xffff, 0xffff, 0xffff, 0xffff, 0xffff, 0xffff, 0xffff, 0xffff, 0xffff, 0xffff, 0xffff, 0xffff, 
	0xffff, 0xffff, 0xffff, 0xffff, 0xffff, 0xffff, 0xffff, 0xffff, 0xffff, 0xffff, 0xffff, 0xffff, 0xffff, 0xffff, 0xffff, 0xffff, 
	0xffff, 0xffff, 0xffff, 0xffff, 0xffff, 0xffff, 0xffff, 0xffff, 0xffff, 0xffff, 0xffff, 0xffff, 0xffff, 0xffff, 0xffff, 0xffff, 
	0xffff, 0xffff, 0xffff, 0xffff, 0xffff, 0xffff, 0xffff, 0xffff, 0xffff, 0xffff, 0xffff, 0xffff, 0xffff, 0xffff, 0xffff, 0xffff, 
	0xffff, 0xffff, 0xffff, 0xffff, 0xffff, 0xe73c, 0x5aeb, 0x41e7, 0x9492, 0xffdf, 0xffff, 0xffdf, 0xffff, 0xffff, 0xffff, 0xffff, 
	0xa534, 0x4a49, 0x5aca, 0x5aca, 0x5aca, 0x5aca, 0x4a69, 0x8c51, 0xffff, 0xffff, 0xffff, 0xffff, 0xffff, 0xffdf, 0xffff, 0xb5b6, 
	0x52aa, 0xad55, 0x6b4d, 0x4208, 0x630c, 0xad55, 0xe73c, 0xffff, 0xffff, 0xffff, 0xffff, 0xffff, 0xffff, 0xffff, 0xffff, 0xffff, 
	0xffff, 0xffff, 0xe73c, 0xc638, 0x9cf3, 0x73ae, 0x5acb, 0x4a49, 0x5269, 0x62eb, 0x73ae, 0x9492, 0xad55, 0xbdd7, 0xce59, 0xd69a, 
	0xce79, 0xd69a, 0xd69a, 0xd67a, 0xce59, 0xce39, 0xce38, 0xce39, 0xc618, 0xce59, 0xce38, 0xce39, 0xce79, 0xd69a, 0xd6ba, 0xd69a, 
	0xce79, 0xd69a, 0xce59, 0xbdd7, 0xad55, 0x9492, 0x738e, 0x5acb, 0x5269, 0x4a49, 0x5acb, 0x7bcf, 0xa514, 0xce59, 0xe73c, 0xffff, 
	0xffff, 0xffff, 0xffff, 0xffff, 0xffff, 0xffff, 0xffff, 0xffff, 0xffff, 0xffff, 0xe71c, 0xa514, 0x5aeb, 0x4208, 0x738e, 0xa514, 
	0x5269, 0xd6ba, 0xffff, 0xffff, 0xffff, 0xffff, 0xffff, 0xffff, 0xffff, 0x7bcf, 0x5289, 0x5aca, 0x5aca, 0x5aca, 0x5aca, 0x4a69, 
	0xbdf7, 0xffff, 0xffff, 0xffff, 0xffff, 0xffff, 0xffff, 0xf7be, 0x8410, 0x39c7, 0x6b4d, 0xef7d, 0xffff, 0xffff, 0xffff, 0xffff, 
	0xffff, 0xffff, 0xffff, 0xffff, 0xffff, 0xffff, 0xffff, 0xffff, 0xffff, 0xffff, 0xffff, 0xffff, 0xffff, 0xffff, 0xffff, 0xffff, 
	0xffff, 0xffff, 0xffff, 0xffff, 0xffff, 0xffff, 0xffff, 0xffff, 0xffff, 0xffff, 0xffff, 0xffff, 0xffff, 0xffff, 0xffff, 0xffff, 
	0xffff, 0xffff, 0xffff, 0xffff, 0xffff, 0xffff, 0xffff, 0xffff, 0xffff, 0xffff, 0xffff, 0xffff, 0xffff, 0xffff, 0xffff, 0xffff, 
	0xffff, 0xffff, 0xffff, 0xffff, 0xffff, 0xffff, 0xffff, 0xffff, 0xffff, 0xffff, 0xffff, 0xffff, 0xffff, 0xffff, 0xffff, 0xffff, 
	0xffff, 0xffff, 0xffff, 0xffff, 0xffff, 0xffff, 0xffff, 0xffff, 0xffff, 0xffff, 0xffff, 0xffff, 0xffff, 0xffff, 0xffff, 0xffff, 
	0xffff, 0xffff, 0xffff, 0xffff, 0xffff, 0xffff, 0xffff, 0xffff, 0xffff, 0xffff, 0xffff, 0xffff, 0xffff, 0xffff, 0xffff, 0xffff, 
	0xffff, 0xffff, 0xffff, 0xffff, 0xffff, 0xe71c, 0x5aaa, 0x8c51, 0x4a69, 0x6b4d, 0xdedb, 0xffff, 0xffff, 0xffdf, 0xffff, 0xffff, 
	0xd6ba, 0x528a, 0x5aaa, 0x5aca, 0x5aca, 0x5aca, 0x52aa, 0x632c, 0xf7be, 0xffff, 0xffff, 0xffff, 0xffff, 0xffff, 0xffbe, 0x5aeb, 
	0x8c51, 0xffff, 0xffff, 0xce79, 0x8430, 0x4a69, 0x4a69, 0x7bcf, 0xbdf7, 0xf79e, 0xad55, 0xdedb, 0xffff, 0xffff, 0xffff, 0xffff, 
	0xffff, 0xffff, 0xffff, 0xffff, 0xffff, 0xffff, 0xf7be, 0xe71c, 0xc618, 0xa514, 0x8430, 0x6b6d, 0x5acb, 0x526a, 0x4a49, 0x4a49, 
	0x528a, 0x5aeb, 0x632c, 0x6b4d, 0x738e, 0x7bcf, 0x7bef, 0x8430, 0x8c71, 0x8410, 0x7bef, 0x7baf, 0x738e, 0x6b4d, 0x632c, 0x5acb, 
	0x528a, 0x4a69, 0x4a49, 0x528a, 0x5aeb, 0x738e, 0x8c31, 0xa534, 0xc638, 0xe71c, 0xf7be, 0xffff, 0xffff, 0xffff, 0xffff, 0xffff, 
	0xffff, 0xffff, 0xffff, 0xffff, 0xffff, 0xdefb, 0xb5b6, 0xef7d, 0xb5b6, 0x73ae, 0x4a49, 0x528a, 0x8c51, 0xd69a, 0xffff, 0xffff, 
	0x6b4d, 0x7bcf, 0xffff, 0xffff, 0xffff, 0xffff, 0xffff, 0xffff, 0xe71c, 0x52aa, 0x52aa, 0x5aaa, 0x5aca, 0x5aca, 0x52aa, 0x5acb, 
	0xe73c, 0xffff, 0xffff, 0xffff, 0xffff, 0xffff, 0xd69a, 0x62ec, 0x52aa, 0x8c30, 0x62eb, 0xf79e, 0xffff, 0xffff, 0xffff, 0xffff, 
	0xffff, 0xffff, 0xffff, 0xffff, 0xffff, 0xffff, 0xffff, 0xffff, 0xffff, 0xffff, 0xffff, 0xffff, 0xffff, 0xffff, 0xffff, 0xffff, 
	0xffff, 0xffff, 0xffff, 0xffff, 0xffff, 0xffff, 0xffff, 0xffff, 0xffff, 0xffff, 0xffff, 0xffff, 0xffff, 0xffff, 0xffff, 0xffff, 
	0xffff, 0xffff, 0xffff, 0xffff, 0xffff, 0xffff, 0xffff, 0xffff, 0xffff, 0xffff, 0xffff, 0xffff, 0xffff, 0xffff, 0xffff, 0xffff, 
	0xffff, 0xffff, 0xffff, 0xffff, 0xffff, 0xffff, 0xffff, 0xffff, 0xffff, 0xffff, 0xffff, 0xffff, 0xffff, 0xffff, 0xffff, 0xffff, 
	0xffff, 0xffff, 0xffff, 0xffff, 0xffff, 0xffff, 0xffff, 0xffff, 0xffff, 0xffff, 0xffff, 0xffff, 0xffff, 0xffff, 0xffff, 0xffff, 
	0xffff, 0xffff, 0xffff, 0xffff, 0xffff, 0xffff, 0xffff, 0xffff, 0xffff, 0xffff, 0xffff, 0xffff, 0xffff, 0xffff, 0xffff, 0xffff, 
	0xffff, 0xffff, 0xffff, 0xffff, 0xffff, 0xf7de, 0xdedb, 0xffff, 0xdeba, 0x6b2c, 0x4228, 0xad34, 0xffdf, 0xffff, 0xffff, 0xffff, 
	0xe73c, 0x5acb, 0x52aa, 0x5aaa, 0x5acb, 0x5aca, 0x5aca, 0x4a49, 0xa534, 0xce59, 0xef7d, 0xffff, 0xffdf, 0xffff, 0xbdf7, 0x4228, 
	0xdebb, 0xffff, 0xffff, 0xffff, 0xffff, 0xef5d, 0xb596, 0x6b6d, 0x4a49, 0x5acb, 0x4228, 0x9492, 0xef5d, 0xffff, 0xffff, 0xffff, 
	0xffff, 0xffff, 0xffff, 0xffff, 0xffff, 0xffff, 0xffff, 0xffff, 0xffff, 0xffff, 0xffff, 0xffff, 0xf7be, 0xe73c, 0xdedb, 0xce59, 
	0xbdd7, 0xad55, 0x9cd3, 0x9492, 0x8c71, 0x8430, 0x8410, 0x738e, 0x4a49, 0x7bcf, 0x8410, 0x8410, 0x8c51, 0x9492, 0x9cf3, 0xad55, 
	0xbdd7, 0xce79, 0xdedb, 0xef5d, 0xffbf, 0xffff, 0xffff, 0xffff, 0xffff, 0xffff, 0xffff, 0xffff, 0xffff, 0xffff, 0xffff, 0xffff, 
	0xffff, 0xffff, 0xffff, 0xffff, 0xef5d, 0x8c51, 0x4a49, 0x5acb, 0x4a49, 0x73ae, 0xb5b6, 0xef7d, 0xffff, 0xffff, 0xffff, 0xffff, 
	0xbdb7, 0x4228, 0xdedb, 0xffff, 0xffdf, 0xffff, 0xd69a, 0xb5b6, 0x8c51, 0x4228, 0x528a, 0x5aaa, 0x5aca, 0x5aca, 0x52aa, 0x630c, 
	0xf79e, 0xffff, 0xffff, 0xffff, 0xf7be, 0x9cf3, 0x4208, 0x736e, 0xe6fb, 0xffff, 0xe6fc, 0xffdf, 0xffff, 0xffff, 0xffff, 0xffff, 
	0xffff, 0xffff, 0xffff, 0xffff, 0xffff, 0xffff, 0xffff, 0xffff, 0xffff, 0xffff, 0xffff, 0xffff, 0xffff, 0xffff, 0xffff, 0xffff, 
	0xffff, 0xffff, 0xffff, 0xffff, 0xffff, 0xffff, 0xffff, 0xffff, 0xffff, 0xffff, 0xffff, 0xffff, 0xffff, 0xffff, 0xffff, 0xffff, 
	0xffff, 0xffff, 0xffff, 0xffff, 0xffff, 0xffff, 0xffff, 0xffff, 0xffff, 0xffff, 0xffff, 0xffff, 0xffff, 0xffff, 0xffff, 0xffff, 
	0xffff, 0xffff, 0xffff, 0xffff, 0xffff, 0xffff, 0xffff, 0xffff, 0xffff, 0xffff, 0xffff, 0xffff, 0xffff, 0xffff, 0xffff, 0xffff, 
	0xffff, 0xffff, 0xffff, 0xffff, 0xffff, 0xffff, 0xffff, 0xffff, 0xffff, 0xffff, 0xffff, 0xffff, 0xffff, 0xffff, 0xffff, 0xffff, 
	0xffff, 0xffff, 0xffff, 0xffff, 0xffff, 0xffff, 0xffff, 0xffff, 0xffff, 0xffff, 0xffff, 0xffff, 0xffff, 0xffff, 0xffff, 0xffff, 
	0xffff, 0xffff, 0xffff, 0xffff, 0xffff, 0xffff, 0xffff, 0xffdf, 0xffff, 0xffdf, 0x9cf3, 0x4208, 0x6b6d, 0xd6ba, 0xffff, 0xffff, 
	0xdefb, 0x52aa, 0x5aaa, 0x5aca, 0x5289, 0x4a69, 0x52aa, 0x5aeb, 0x528a, 0x4208, 0xb5b6, 0xffff, 0xffff, 0xffff, 0x6b6d, 0x7bcf, 
	0xffff, 0xffff, 0xffff, 0xffff, 0xffff, 0xffff, 0xffff, 0xffff, 0xe71c, 0x7bef, 0x528a, 0x528a, 0x4a69, 0x73ae, 0xad55, 0xd6ba, 
	0xf7be, 0xffff, 0xffff, 0xffff, 0xf7be, 0xffff, 0xffff, 0xffff, 0xffff, 0xffff, 0xffff, 0xffff, 0xffff, 0xffff, 0xffff, 0xffff, 
	0xffff, 0xffff, 0xffff, 0xffff, 0xffff, 0xffff, 0xf77d, 0x73ae, 0x4a49, 0x8c51, 0xffdf, 0xffff, 0xffff, 0xffff, 0xffff, 0xffff, 
	0xffff, 0xffff, 0xffff, 0xffff, 0xffff, 0xffff, 0xffff, 0xffff, 0xffff, 0xffff, 0xffff, 0xffff, 0xf7be, 0xffff, 0xffff, 0xffff, 
	0xf7be, 0xd69a, 0xa514, 0x738e, 0x4a69, 0x52aa, 0x528a, 0x8430, 0xe73c, 0xffff, 0xffff, 0xffff, 0xffff, 0xffff, 0xffff, 0xffff, 
	0xf7be, 0x5acb, 0x8c71, 0xffff, 0xffff, 0xffff, 0x8410, 0x39e7, 0x5acb, 0x73ae, 0x6b4d, 0x528a, 0x4a69, 0x5aca, 0x52aa, 0x5acb, 
	0xe73d, 0xffff, 0xffff, 0xce79, 0x630c, 0x4a28, 0xa534, 0xffdf, 0xffff, 0xffdf, 0xffff, 0xffff, 0xffff, 0xffff, 0xffff, 0xffff, 
	0xffff, 0xffff, 0xffff, 0xffff, 0xffff, 0xffff, 0xffff, 0xffff, 0xffff, 0xffff, 0xffff, 0xffff, 0xffff, 0xffff, 0xffff, 0xffff, 
	0xffff, 0xffff, 0xffff, 0xffff, 0xffff, 0xffff, 0xffff, 0xffff, 0xffff, 0xffff, 0xffff, 0xffff, 0xffff, 0xffff, 0xffff, 0xffff, 
	0xffff, 0xffff, 0xffff, 0xffff, 0xffff, 0xffff, 0xffff, 0xffff, 0xffff, 0xffff, 0xffff, 0xffff, 0xffff, 0xffff, 0xffff, 0xffff, 
	0xffff, 0xffff, 0xffff, 0xffff, 0xffff, 0xffff, 0xffff, 0xffff, 0xffff, 0xffff, 0xffff, 0xffff, 0xffff, 0xffff, 0xffff, 0xffff, 
	0xffff, 0xffff, 0xffff, 0xffff, 0xffff, 0xffff, 0xffff, 0xffff, 0xffff, 0xffff, 0xffff, 0xffff, 0xffff, 0xffff, 0xffff, 0xffff, 
	0xffff, 0xffff, 0xffff, 0xffff, 0xffff, 0xffff, 0xffff, 0xffff, 0xffff, 0xffff, 0xffff, 0xffff, 0xffff, 0xffff, 0xffff, 0xffff, 
	0xffff, 0xffff, 0xffff, 0xffff, 0xffff, 0xffff, 0xffff, 0xffff, 0xffff, 0xffff, 0xffff, 0xd69a, 0x632c, 0x4228, 0x9cd3, 0xf7be, 
	0xce38, 0x4a49, 0x5aaa, 0x4a49, 0x6b4d, 0xb5b6, 0xe71c, 0xef5d, 0x6b4d, 0x4208, 0x94b2, 0xffff, 0xffff, 0xd69a, 0x4208, 0xc638, 
	0xffff, 0xffdf, 0xffff, 0xffff, 0xffff, 0xffff, 0xffff, 0xffff, 0xffff, 0x73ae, 0x7bef, 0xe73c, 0xb596, 0x7bcf, 0x528a, 0x4a49, 
	0x5acb, 0x8410, 0xb596, 0xb5b6, 0x6b4d, 0xef7d, 0xffff, 0xffff, 0xffff, 0xffff, 0xffff, 0xffff, 0xffff, 0xffff, 0xffff, 0xffff, 
	0xffdf, 0xffff, 0xffff, 0xffff, 0xffff, 0xf77d, 0x6b2c, 0x4a49, 0x5acb, 0x4a28, 0x83f0, 0xffdf, 0xffff, 0xffff, 0xffff, 0xffff, 
	0xffdf, 0xffff, 0xffff, 0xffff, 0xffff, 0xffff, 0xffff, 0xffff, 0xffff, 0xffff, 0xffff, 0xef3d, 0x6b4d, 0xbdd7, 0xad75, 0x7bef, 
	0x5acb, 0x4228, 0x52aa, 0x7bef, 0xb5b6, 0xe73c, 0x73ae, 0x8410, 0xffff, 0xffff, 0xffff, 0xffff, 0xffff, 0xffff, 0xffff, 0xffff, 
	0xffff, 0xa534, 0x4a49, 0xef5d, 0xffff, 0xffdf, 0x8430, 0x4228, 0x94b2, 0xffff, 0xf7be, 0xce79, 0x83ef, 0x4a49, 0x52aa, 0x4a49, 
	0xce79, 0xf79d, 0x8c71, 0x4208, 0x738d, 0xdefb, 0xffff, 0xffff, 0xffff, 0xffff, 0xffff, 0xffff, 0xffff, 0xffff, 0xffff, 0xffff, 
	0xffff, 0xffff, 0xffff, 0xffff, 0xffff, 0xffff, 0xffff, 0xffff, 0xffff, 0xffff, 0xffff, 0xffff, 0xffff, 0xffff, 0xffff, 0xffff, 
	0xffff, 0xffff, 0xffff, 0xffff, 0xffff, 0xffff, 0xffff, 0xffff, 0xffff, 0xffff, 0xffff, 0xffff, 0xffff, 0xffff, 0xffff, 0xffff, 
	0xffff, 0xffff, 0xffff, 0xffff, 0xffff, 0xffff, 0xffff, 0xffff, 0xffff, 0xffff, 0xffff, 0xffff, 0xffff, 0xffff, 0xffff, 0xffff, 
	0xffff, 0xffff, 0xffff, 0xffff, 0xffff, 0xffff, 0xffff, 0xffff, 0xffff, 0xffff, 0xffff, 0xffff, 0xffff, 0xffff, 0xffff, 0xffff, 
	0xffff, 0xffff, 0xffff, 0xffff, 0xffff, 0xffff, 0xffff, 0xffff, 0xffff, 0xffff, 0xffff, 0xffff, 0xffff, 0xffff, 0xffff, 0xffff, 
	0xffff, 0xffff, 0xffff, 0xffff, 0xffff, 0xffff, 0xffff, 0xffff, 0xffff, 0xffff, 0xffff, 0xffff, 0xffff, 0xffff, 0xffff, 0xffff, 
	0xffff, 0xffff, 0xffff, 0xffff, 0xffff, 0xffff, 0xffff, 0xffff, 0xffff, 0xffff, 0xffff, 0xffff, 0xffdf, 0xad54, 0x4a48, 0x630c, 
	0x7bcf, 0x528a, 0x5269, 0x9492, 0xf7be, 0xffff, 0xffff, 0xffff, 0xce79, 0xd69a, 0xf79e, 0xffff, 0xffff, 0x8410, 0x632c, 0xffdf, 
	0xffff, 0xffff, 0xffff, 0xffff, 0xffff, 0xffff, 0xffff, 0xffff, 0xe73c, 0x4a49, 0xbdd7, 0xffff, 0xffff, 0xffff, 0xf79e, 0xce79, 
	0x9cf3, 0x738e, 0x528a, 0x5269, 0x4a69, 0x6b4d, 0x9492, 0xb596, 0xce59, 0xef5d, 0xf7be, 0xffff, 0xffff, 0xf79e, 0xb5b6, 0xffff, 
	0xffff, 0xffff, 0xffff, 0xffff, 0xffff, 0xffdf, 0x9cd3, 0x4a69, 0x528a, 0x5269, 0xb576, 0xffff, 0xffff, 0xffff, 0xffff, 0xffff, 
	0xffff, 0xffbf, 0xce59, 0xffff, 0xffff, 0xffff, 0xf7be, 0xe73c, 0xce59, 0xb596, 0x8c71, 0x6b2c, 0x4a49, 0x5269, 0x528a, 0x73ae, 
	0xa514, 0xd69a, 0xf7be, 0xffff, 0xffff, 0xffff, 0xad75, 0x4a69, 0xef7d, 0xffff, 0xffff, 0xffff, 0xffff, 0xffff, 0xffff, 0xffff, 
	0xffff, 0xef5d, 0x4a69, 0xa514, 0xffff, 0xffff, 0xffdf, 0xdefb, 0xe73c, 0xffff, 0xffff, 0xffff, 0xffff, 0xad35, 0x528a, 0x528a, 
	0x7bce, 0x5aeb, 0x4a69, 0xb595, 0xffff, 0xffff, 0xffff, 0xffff, 0xffff, 0xffff, 0xffff, 0xffff, 0xffff, 0xffff, 0xffff, 0xffff, 
	0xffff, 0xffff, 0xffff, 0xffff, 0xffff, 0xffff, 0xffff, 0xffff, 0xffff, 0xffff, 0xffff, 0xffff, 0xffff, 0xffff, 0xffff, 0xffff, 
	0xffff, 0xffff, 0xffff, 0xffff, 0xffff, 0xffff, 0xffff, 0xffff, 0xffff, 0xffff, 0xffff, 0xffff, 0xffff, 0xffff, 0xffff, 0xffff, 
	0xffff, 0xffff, 0xffff, 0xffff, 0xffff, 0xffff, 0xffff, 0xffff, 0xffff, 0xffff, 0xffff, 0xffff, 0xffff, 0xffff, 0xffff, 0xffff, 
	0xffff, 0xffff, 0xffff, 0xffff, 0xffff, 0xffff, 0xffff, 0xffff, 0xffff, 0xffff, 0xffff, 0xffff, 0xffff, 0xffff, 0xffff, 0xffff, 
	0xffff, 0xffff, 0xffff, 0xffff, 0xffff, 0xffff, 0xffff, 0xffff, 0xffff, 0xffff, 0xffff, 0xffff, 0xffff, 0xffff, 0xffff, 0xffff, 
	0xffff, 0xffff, 0xffff, 0xffff, 0xffff, 0xffff, 0xffff, 0xffff, 0xffff, 0xffff, 0xffff, 0xffff, 0xffff, 0xffff, 0xffff, 0xffff, 
	0xffff, 0xffff, 0xffff, 0xffff, 0xffff, 0xffff, 0xffff, 0xffff, 0xffff, 0xffff, 0xffff, 0xffff, 0xffff, 0xffff, 0xef7d, 0x8c71, 
	0x5289, 0x4a49, 0x8c30, 0xffff, 0xffff, 0xffdf, 0xffff, 0xffff, 0xffff, 0xffff, 0xffff, 0xffff, 0xe71c, 0x4228, 0xb5b6, 0xffff, 
	0xffff, 0xffff, 0xffff, 0xffff, 0xffff, 0xffff, 0xffff, 0xffff, 0xad75, 0x4a69, 0xef7d, 0xffff, 0xffff, 0xffff, 0xffff, 0xffff, 
	0xffff, 0xffff, 0xf7be, 0x7bef, 0x630c, 0x9471, 0x6b4d, 0x5269, 0x4a49, 0x4a69, 0x5acb, 0x6b6d, 0x8c51, 0x8410, 0x4a29, 0xb596, 
	0xce79, 0xdedb, 0xe71c, 0xef5d, 0xf79e, 0xf79e, 0xf7be, 0x9cd3, 0x4a69, 0xb596, 0xffdf, 0xf79e, 0xf79e, 0xef5d, 0xe71c, 0xdeba, 
	0xce79, 0xa534, 0x4a49, 0x8c71, 0x8430, 0x6b4d, 0x52aa, 0x4a49, 0x4a49, 0x526a, 0x6b4d, 0x9492, 0x62eb, 0x8c31, 0xf7be, 0xffff, 
	0xffff, 0xffff, 0xffff, 0xffff, 0xffff, 0xffff, 0xe73c, 0x4a49, 0xbdd7, 0xffff, 0xffff, 0xffff, 0xffff, 0xffff, 0xffff, 0xffff, 
	0xffff, 0xffff, 0x94b2, 0x52aa, 0xf7be, 0xffff, 0xffff, 0xffff, 0xffff, 0xffdf, 0xffff, 0xffff, 0xffff, 0xffff, 0x8c51, 0x4a49, 
	0x5289, 0x9471, 0xf7be, 0xffff, 0xffff, 0xffff, 0xffff, 0xffff, 0xffff, 0xffff, 0xffff, 0xffff, 0xffff, 0xffff, 0xffff, 0xffff, 
	0xffff, 0xffff, 0xffff, 0xffff, 0xffff, 0xffff, 0xffff, 0xffff, 0xffff, 0xffff, 0xffff, 0xffff, 0xffff, 0xffff, 0xffff, 0xffff, 
	0xffff, 0xffff, 0xffff, 0xffff, 0xffff, 0xffff, 0xffff, 0xffff, 0xffff, 0xffff, 0xffff, 0xffff, 0xffff, 0xffff, 0xffff, 0xffff, 
	0xffff, 0xffff, 0xffff, 0xffff, 0xffff, 0xffff, 0xffff, 0xffff, 0xffff, 0xffff, 0xffff, 0xffff, 0xffff, 0xffff, 0xffff, 0xffff, 
	0xffff, 0xffff, 0xffff, 0xffff, 0xffff, 0xffff, 0xffff, 0xffff, 0xffff, 0xffff, 0xffff, 0xffff, 0xffff, 0xffff, 0xffff, 0xffff, 
	0xffff, 0xffff, 0xffff, 0xffff, 0xffff, 0xffff, 0xffff, 0xffff, 0xffff, 0xffff, 0xffff, 0xffff, 0xffff, 0xffff, 0xffff, 0xffff, 
	0xffff, 0xffff, 0xffff, 0xffff, 0xffff, 0xffff, 0xffff, 0xffff, 0xffff, 0xffff, 0xffff, 0xffff, 0xffff, 0xffff, 0xffff, 0xffff, 
	0xffff, 0xffff, 0xffff, 0xffff, 0xffff, 0xffff, 0xffff, 0xffff, 0xffff, 0xffff, 0xffff, 0xffff, 0xffff, 0xef5c, 0xce58, 0x9cd3, 
	0x630c, 0x6b4d, 0x4a69, 0x8c51, 0xe71c, 0xffff, 0xffff, 0xffff, 0xffff, 0xffff, 0xffff, 0xffff, 0x94b2, 0x52aa, 0xf79e, 0xffff, 
	0xffff, 0xffff, 0xffff, 0xffff, 0xffff, 0xffff, 0xffff, 0xffff, 0x738e, 0x7bcf, 0xffff, 0xffff, 0xffff, 0xffff, 0xffff, 0xffff, 
	0xffff, 0xffff, 0xffff, 0x632c, 0x9cd3, 0xffff, 0xffff, 0xf79e, 0xdefb, 0xc618, 0xa534, 0x8c71, 0x73ae, 0x62eb, 0x52aa, 0x5269, 
	0x4a49, 0x4a49, 0x4a49, 0x5269, 0x526a, 0x528a, 0x5aaa, 0x632c, 0x5acb, 0x632c, 0x52aa, 0x528a, 0x526a, 0x5269, 0x4a49, 0x4a49, 
	0x4a49, 0x5269, 0x528a, 0x630c, 0x7bcf, 0x8c71, 0xad55, 0xc638, 0xdefb, 0xf79e, 0xffff, 0xffff, 0x8c51, 0x6b6d, 0xffff, 0xffff, 
	0xffff, 0xffff, 0xffff, 0xffff, 0xffff, 0xffff, 0xffff, 0x738e, 0x7bef, 0xffff, 0xffff, 0xffff, 0xffff, 0xffff, 0xffff, 0xffff, 
	0xffff, 0xffff, 0xdefb, 0x4228, 0xbdd7, 0xffff, 0xffff, 0xffff, 0xffff, 0xffff, 0xffff, 0xffff, 0xdefb, 0x83ef, 0x4a69, 0x6b6d, 
	0x5acb, 0x8410, 0xad55, 0xd69a, 0xf79d, 0xffff, 0xffff, 0xffff, 0xffff, 0xffff, 0xffff, 0xffff, 0xffff, 0xffff, 0xffff, 0xffff, 
	0xffff, 0xffff, 0xffff, 0xffff, 0xffff, 0xffff, 0xffff, 0xffff, 0xffff, 0xffff, 0xffff, 0xffff, 0xffff, 0xffff, 0xffff, 0xffff, 
	0xffff, 0xffff, 0xffff, 0xffff, 0xffff, 0xffff, 0xffff, 0xffff, 0xffff, 0xffff, 0xffff, 0xffff, 0xffff, 0xffff, 0xffff, 0xffff, 
	0xffff, 0xffff, 0xffff, 0xffff, 0xffff, 0xffff, 0xffff, 0xffff, 0xffff, 0xffff, 0xffff, 0xffff, 0xffff, 0xffff, 0xffff, 0xffff, 
	0xffff, 0xffff, 0xffff, 0xffff, 0xffff, 0xffff, 0xffff, 0xffff, 0xffff, 0xffff, 0xffff, 0xffff, 0xffff, 0xffff, 0xffff, 0xffff, 
	0xffff, 0xffff, 0xffff, 0xffff, 0xffff, 0xffff, 0xffff, 0xffff, 0xffff, 0xffff, 0xffff, 0xffff, 0xffff, 0xffff, 0xffff, 0xffff, 
	0xffff, 0xffff, 0xffff, 0xffff, 0xffff, 0xffff, 0xffff, 0xffff, 0xffff, 0xffff, 0xffff, 0xffff, 0xffff, 0xffff, 0xffff, 0xffff, 
	0xffff, 0xffff, 0xffff, 0xffff, 0xffff, 0xffff, 0xffff, 0xffff, 0xffff, 0xffff, 0xffff, 0xffff, 0x8c30, 0x528a, 0x4a69, 0x4a69, 
	0x5289, 0xd69a, 0xbdd7, 0x5aaa, 0x4a29, 0x9492, 0xef3d, 0xffff, 0xffff, 0xffff, 0xffff, 0xef5d, 0x4a69, 0xa514, 0xffff, 0xffff, 
	0xffff, 0xffff, 0xffff, 0xffff, 0xffff, 0xffff, 0xffff, 0xef5d, 0x4a49, 0xb596, 0xffff, 0xffff, 0xffff, 0xffff, 0xffff, 0xffff, 
	0xffff, 0xffff, 0xef3d, 0x4a69, 0xbdd7, 0xffff, 0xffff, 0xffff, 0xffff, 0xffff, 0xffff, 0xffff, 0xffff, 0x9cf3, 0x62ec, 0xef5d, 
	0xe71c, 0xd69a, 0xce38, 0xbdf7, 0xbdd7, 0xb596, 0xb596, 0x7bae, 0x4a49, 0x7bcf, 0xb596, 0xb596, 0xbdd7, 0xbdf7, 0xce59, 0xd69a, 
	0xe71c, 0xdedb, 0x528a, 0xbdd7, 0xffff, 0xffff, 0xffff, 0xffff, 0xffff, 0xffff, 0xffff, 0xffff, 0xb596, 0x528a, 0xef7d, 0xffff, 
	0xffff, 0xffff, 0xffff, 0xffff, 0xffff, 0xffff, 0xffff, 0xad55, 0x528a, 0xf79e, 0xffff, 0xffff, 0xffff, 0xffff, 0xffff, 0xffff, 
	0xffff, 0xffff, 0xffff, 0x7bef, 0x632c, 0xffff, 0xffff, 0xffff, 0xffff, 0xffff, 0xe71c, 0x8c51, 0x4208, 0x62eb, 0xc638, 0xbdd7, 
	0x4a69, 0x5289, 0x4a49, 0x4a48, 0x8c50, 0xffff, 0xffff, 0xffff, 0xffff, 0xffff, 0xffff, 0xffff, 0xffff, 0xffff, 0xffff, 0xffff, 
	0xffff, 0xffff, 0xffff, 0xffff, 0xffff, 0xffff, 0xffff, 0xffff, 0xffff, 0xffff, 0xffff, 0xffff, 0xffff, 0xffff, 0xffff, 0xffff, 
	0xffff, 0xffff, 0xffff, 0xffff, 0xffff, 0xffff, 0xffff, 0xffff, 0xffff, 0xffff, 0xffff, 0xffff, 0xffff, 0xffff, 0xffff, 0xffff, 
	0xffff, 0xffff, 0xffff, 0xffff, 0xffff, 0xffff, 0xffff, 0xffff, 0xffff, 0xffff, 0xffff, 0xffff, 0xffff, 0xffff, 0xffff, 0xffff, 
	0xffff, 0xffff, 0xffff, 0xffff, 0xffff, 0xffff, 0xffff, 0xffff, 0xffff, 0xffff, 0xffff, 0xffff, 0xffff, 0xffff, 0xffff, 0xffff, 
	0xffff, 0xffff, 0xffff, 0xffff, 0xffff, 0xffff, 0xffff, 0xffff, 0xffff, 0xffff, 0xffff, 0xffff, 0xffff, 0xffff, 0xffff, 0xffff, 
	0xffff, 0xffff, 0xffff, 0xffff, 0xffff, 0xffff, 0xffff, 0xffff, 0xffff, 0xffff, 0xffff, 0xffff, 0xffff, 0xffff, 0xffff, 0xffff, 
	0xffff, 0xffff, 0xffff, 0xffff, 0xffff, 0xffff, 0xffff, 0xffff, 0xffff, 0xffff, 0xffff, 0xffff, 0x9492, 0x4a49, 0x5acb, 0x5acb, 
	0x4a49, 0xa514, 0xffff, 0xf79e, 0xad34, 0x528a, 0x4a49, 0x94b2, 0xef5d, 0xffff, 0xffff, 0xad55, 0x4a49, 0xe73c, 0xffff, 0xffff, 
	0xffff, 0xffff, 0xffff, 0xffff, 0xffff, 0xffff, 0xffff, 0xb5b6, 0x4a69, 0xef5d, 0xffff, 0xffff, 0xffff, 0xffff, 0xffff, 0xffff, 
	0xffff, 0xffff, 0xce59, 0x4a49, 0xe71c, 0xffff, 0xffff, 0xffff, 0xffff, 0xffff, 0xffff, 0xffff, 0xffff, 0x8c51, 0x736e, 0xffff, 
	0xffff, 0xffff, 0xffff, 0xffff, 0xffff, 0xffff, 0xffff, 0x8410, 0x4228, 0x9471, 0xffff, 0xffff, 0xffff, 0xffff, 0xffff, 0xffff, 
	0xffff, 0xffdf, 0x5acb, 0xa534, 0xffff, 0xffff, 0xffff, 0xffff, 0xffff, 0xffff, 0xffff, 0xffff, 0xdebb, 0x4a49, 0xd69a, 0xffff, 
	0xffff, 0xffff, 0xffff, 0xffff, 0xffff, 0xffff, 0xffff, 0xe71c, 0x4a49, 0xc618, 0xffff, 0xffff, 0xffff, 0xffff, 0xffff, 0xffff, 
	0xffff, 0xffff, 0xffff, 0xd69a, 0x4208, 0xce59, 0xffff, 0xffff, 0xe73c, 0x8c71, 0x4a29, 0x5aab, 0xad75, 0xf7be, 0xffff, 0x8c51, 
	0x4a69, 0x5acb, 0x5aca, 0x4a49, 0xad75, 0xffff, 0xffff, 0xffff, 0xffff, 0xffff, 0xffff, 0xffff, 0xffff, 0xffff, 0xffff, 0xffff, 
	0xffff, 0xffff, 0xffff, 0xffff, 0xffff, 0xffff, 0xffff, 0xffff, 0xffff, 0xffff, 0xffff, 0xffff, 0xffff, 0xffff, 0xffff, 0xffff, 
	0xffff, 0xffff, 0xffff, 0xffff, 0xffff, 0xffff, 0xffff, 0xffff, 0xffff, 0xffff, 0xffff, 0xffff, 0xffff, 0xffff, 0xffff, 0xffff, 
	0xffff, 0xffff, 0xffff, 0xffff, 0xffff, 0xffff, 0xffff, 0xffff, 0xffff, 0xffff, 0xffff, 0xffff, 0xffff, 0xffff, 0xffff, 0xffff, 
	0xffff, 0xffff, 0xffff, 0xffff, 0xffff, 0xffff, 0xffff, 0xffff, 0xffff, 0xffff, 0xffff, 0xffff, 0xffff, 0xffff, 0xffff, 0xffff, 
	0xffff, 0xffff, 0xffff, 0xffff, 0xffff, 0xffff, 0xffff, 0xffff, 0xffff, 0xffff, 0xffff, 0xffff, 0xffff, 0xffff, 0xffff, 0xffff, 
	0xffff, 0xffff, 0xffff, 0xffff, 0xffff, 0xffff, 0xffff, 0xffff, 0xffff, 0xffff, 0xffff, 0xffff, 0xffff, 0xffff, 0xffff, 0xffff, 
	0xffff, 0xffff, 0xffff, 0xffff, 0xffff, 0xffff, 0xffff, 0xffff, 0xffdf, 0xffff, 0xffff, 0xffff, 0xc638, 0x4a69, 0x5aab, 0x5acb, 
	0x526a, 0x738e, 0xffff, 0xffff, 0xffff, 0xef7d, 0xa514, 0x528a, 0x4a49, 0x9492, 0xdedb, 0x630c, 0x94b2, 0xffff, 0xffff, 0xffff, 
	0xffff, 0xffff, 0xffff, 0xffff, 0xffff, 0xffff, 0xffff, 0x73ae, 0x73ae, 0xffff, 0xffff, 0xffff, 0xffff, 0xffff, 0xffff, 0xffff, 
	0xffff, 0xffff, 0x9cf3, 0x5acb, 0xffdf, 0xffff, 0xffff, 0xffff, 0xffff, 0xffff, 0xffff, 0xffff, 0xffff, 0x73ae, 0x8430, 0xffff, 
	0xffff, 0xffff, 0xffff, 0xffff, 0xffff, 0xffff, 0xef7d, 0x5aeb, 0x528a, 0x632c, 0xf7be, 0xffff, 0xffff, 0xffff, 0xffff, 0xffff, 
	0xffff, 0xffff, 0x632c, 0x94b2, 0xffff, 0xffff, 0xffff, 0xffff, 0xffff, 0xffff, 0xffff, 0xffff, 0xf79e, 0x52aa, 0xad55, 0xffff, 
	0xffff, 0xffff, 0xffff, 0xffff, 0xffff, 0xffff, 0xffff, 0xffff, 0x6b6d, 0x8410, 0xffff, 0xffff, 0xffff, 0xffff, 0xffff, 0xffff, 
	0xffff, 0xffff, 0xffff, 0xffff, 0x738e, 0x83ef, 0xdedb, 0x8c51, 0x4a49, 0x5aab, 0xad55, 0xf79e, 0xffff, 0xffff, 0xf79e, 0x5aeb, 
	0x528a, 0x5aab, 0x5aaa, 0x528a, 0xdefb, 0xffff, 0xffff, 0xffff, 0xffff, 0xffff, 0xffff, 0xffff, 0xffff, 0xffff, 0xffff, 0xffff, 
	0xffff, 0xffff, 0xffff, 0xffff, 0xffff, 0xffff, 0xffff, 0xffff, 0xffff, 0xffff, 0xffff, 0xffff, 0xffff, 0xffff, 0xffff, 0xffff, 
	0xffff, 0xffff, 0xffff, 0xffff, 0xffff, 0xffff, 0xffff, 0xffff, 0xffff, 0xffff, 0xffff, 0xffff, 0xffff, 0xffff, 0xffff, 0xffff, 
	0xffff, 0xffff, 0xffff, 0xffff, 0xffff, 0xffff, 0xffff, 0xffff, 0xffff, 0xffff, 0xffff, 0xffff, 0xffff, 0xffff, 0xffff, 0xffff, 
	0xffff, 0xffff, 0xffff, 0xffff, 0xffff, 0xffff, 0xffff, 0xffff, 0xffff, 0xffff, 0xffff, 0xffff, 0xffff, 0xffff, 0xffff, 0xffff, 
	0xffff, 0xffff, 0xffff, 0xffff, 0xffff, 0xffff, 0xffff, 0xffff, 0xffff, 0xffff, 0xffff, 0xffff, 0xffff, 0xffff, 0xffff, 0xffff, 
	0xffff, 0xffff, 0xffff, 0xffff, 0xffff, 0xffff, 0xffff, 0xffff, 0xffff, 0xffff, 0xffff, 0xffff, 0xffff, 0xffff, 0xffff, 0xffff, 
	0xffff, 0xffff, 0xffff, 0xffff, 0xffff, 0xffff, 0xffff, 0xffff, 0xffff, 0xffdf, 0xffdf, 0xffff, 0xef5d, 0x5aab, 0x4a69, 0x4a49, 
	0x5269, 0x6b4d, 0xef7d, 0xffff, 0xffdf, 0xffff, 0xffff, 0xf77e, 0xa514, 0x5acb, 0x528a, 0x4a49, 0xb5b6, 0xffff, 0xffff, 0xffff, 
	0xffff, 0xffff, 0xffff, 0xffff, 0xffff, 0xffff, 0xef5d, 0x4a49, 0xb596, 0xffff, 0xffff, 0xffff, 0xffff, 0xffff, 0xffff, 0xffff, 
	0xffff, 0xffff, 0x7bcf, 0x7bcf, 0xffff, 0xffff, 0xffff, 0xffff, 0xffff, 0xffff, 0xffff, 0xffff, 0xffff, 0x632c, 0x9cd3, 0xffff, 
	0xffff, 0xffff, 0xffff, 0xffff, 0xffff, 0xffff, 0xb595, 0x4a49, 0x5aca, 0x4a69, 0xbdd6, 0xffff, 0xffff, 0xffff, 0xffff, 0xffff, 
	0xffff, 0xffff, 0x7bcf, 0x7bef, 0xffff, 0xffff, 0xffff, 0xffff, 0xffff, 0xffff, 0xffff, 0xffff, 0xffff, 0x738e, 0x8410, 0xffff, 
	0xffff, 0xffff, 0xffff, 0xffff, 0xffff, 0xffff, 0xffff, 0xffff, 0xa534, 0x528a, 0xf79e, 0xffff, 0xffff, 0xffff, 0xffff, 0xffff, 
	0xffff, 0xffff, 0xffff, 0xffff, 0x9cf3, 0x4a49, 0x528a, 0x62eb, 0xad55, 0xf79e, 0xffff, 0xffff, 0xffff, 0xffff, 0xef5d, 0x73ae, 
	0x5acb, 0x526a, 0x526a, 0x8410, 0xffff, 0xffff, 0xffff, 0xffff, 0xffff, 0xffff, 0xffff, 0xffff, 0xffff, 0xffff, 0xffff, 0xffff, 
	0xffff, 0xffff, 0xffff, 0xffff, 0xffff, 0xffff, 0xffff, 0xffff, 0xffff, 0xffff, 0xffff, 0xffff, 0xffff, 0xffff, 0xffff, 0xffff, 
	0xffff, 0xffff, 0xffff, 0xffff, 0xffff, 0xffff, 0xffff, 0xffff, 0xffff, 0xffff, 0xffff, 0xffff, 0xffff, 0xffff, 0xffff, 0xffff, 
	0xffff, 0xffff, 0xffff, 0xffff, 0xffff, 0xffff, 0xffff, 0xffff, 0xffff, 0xffff, 0xffff, 0xffff, 0xffff, 0xffff, 0xffff, 0xffff, 
	0xffff, 0xffff, 0xffff, 0xffff, 0xffff, 0xffff, 0xffff, 0xffff, 0xffff, 0xffff, 0xffff, 0xffff, 0xffff, 0xffff, 0xffff, 0xffff, 
	0xffff, 0xffff, 0xffff, 0xffff, 0xffff, 0xffff, 0xffff, 0xffff, 0xffff, 0xffff, 0xffff, 0xffff, 0xffff, 0xffff, 0xffff, 0xffff, 
	0xffff, 0xffff, 0xffff, 0xffff, 0xffff, 0xffff, 0xffff, 0xffff, 0xffff, 0xffff, 0xffff, 0xffff, 0xffff, 0xffff, 0xffff, 0xffff, 
	0xffff, 0xffff, 0xffff, 0xffff, 0xffff, 0xffff, 0xffff, 0xffff, 0xffff, 0xffff, 0xf7be, 0xe71c, 0xffff, 0x9492, 0x7bcf, 0xa534, 
	0xd69a, 0xf79e, 0xffff, 0xffff, 0xffff, 0xffff, 0xffff, 0xffff, 0xffff, 0xf77e, 0x5aeb, 0x528a, 0x4a69, 0x6b6d, 0xb5b6, 0xf79e, 
	0xffff, 0xffff, 0xffff, 0xffff, 0xffff, 0xffff, 0xbdd7, 0x4a49, 0xe73c, 0xffff, 0xffff, 0xffff, 0xffff, 0xffff, 0xffff, 0xffff, 
	0xffff, 0xf7be, 0x5acb, 0xa514, 0xffff, 0xffff, 0xffff, 0xffff, 0xffff, 0xffff, 0xffff, 0xffff, 0xf7be, 0x5acb, 0xad75, 0xffff, 
	0xffff, 0xffff, 0xffff, 0xffff, 0xffff, 0xe71c, 0x5aeb, 0x52aa, 0x5aca, 0x528a, 0x630c, 0xef5c, 0xffff, 0xffff, 0xffff, 0xffff, 
	0xffff, 0xffff, 0x8c71, 0x6b6d, 0xffff, 0xffff, 0xffff, 0xffff, 0xffff, 0xffff, 0xffff, 0xffff, 0xffff, 0x9cd3, 0x630c, 0xffdf, 
	0xffff, 0xffff, 0xffff, 0xffff, 0xffff, 0xffff, 0xffff, 0xffff, 0xdefb, 0x4a49, 0xc638, 0xffff, 0xffff, 0xffff, 0xffff, 0xffff, 
	0xffff, 0xef7d, 0xad75, 0x632c, 0x528a, 0x4a49, 0x73ae, 0xf7be, 0xffff, 0xffff, 0xffff, 0xffff, 0xffff, 0xffff, 0xffff, 0xffff, 
	0xef5d, 0xd69a, 0xce59, 0xf79e, 0xffff, 0xffff, 0xffff, 0xffff, 0xffff, 0xffff, 0xffff, 0xffff, 0xffff, 0xffff, 0xffff, 0xffff, 
	0xffff, 0xffff, 0xffff, 0xffff, 0xffff, 0xffff, 0xffff, 0xffff, 0xffff, 0xffff, 0xffff, 0xffff, 0xffff, 0xffff, 0xffff, 0xffff, 
	0xffff, 0xffff, 0xffff, 0xffff, 0xffff, 0xffff, 0xffff, 0xffff, 0xffff, 0xffff, 0xffff, 0xffff, 0xffff, 0xffff, 0xffff, 0xffff, 
	0xffff, 0xffff, 0xffff, 0xffff, 0xffff, 0xffff, 0xffff, 0xffff, 0xffff, 0xffff, 0xffff, 0xffff, 0xffff, 0xffff, 0xffff, 0xffff, 
	0xffff, 0xffff, 0xffff, 0xffff, 0xffff, 0xffff, 0xffff, 0xffff, 0xffff, 0xffff, 0xffff, 0xffff, 0xffff, 0xffff, 0xffff, 0xffff, 
	0xffff, 0xffff, 0xffff, 0xffff, 0xffff, 0xffff, 0xffff, 0xffff, 0xffff, 0xffff, 0xffff, 0xffff, 0xffff, 0xffff, 0xffff, 0xffff, 
	0xffff, 0xffff, 0xffff, 0xffff, 0xffff, 0xffff, 0xffff, 0xffff, 0xffff, 0xffff, 0xffff, 0xffff, 0xffff, 0xffff, 0xffff, 0xffff, 
	0xffff, 0xffff, 0xffff, 0xffff, 0xffff, 0xffff, 0xffff, 0xffff, 0xffff, 0xffff, 0xffff, 0xffdf, 0xe73c, 0xf79e, 0xffff, 0xffff, 
	0xffff, 0xffff, 0xffff, 0xffff, 0xffff, 0xffff, 0xffff, 0xffff, 0xffff, 0xffff, 0x9cd3, 0xce59, 0xce79, 0x7bcf, 0x4a49, 0x52aa, 
	0x9492, 0xd6ba, 0xffff, 0xffff, 0xffff, 0xffff, 0x7bcf, 0x738e, 0xffff, 0xffff, 0xffff, 0xffff, 0xffff, 0xffff, 0xffff, 0xffff, 
	0xffff, 0xdefb, 0x4a49, 0xce59, 0xffff, 0xffff, 0xffff, 0xffff, 0xffff, 0xffff, 0xffff, 0xffff, 0xe73c, 0x528a, 0xbdf7, 0xffff, 
	0xffff, 0xf79e, 0x94b2, 0xe73c, 0xd6ba, 0x632c, 0x5289, 0x5aca, 0x5aca, 0x5aca, 0x5289, 0x6b4c, 0xd6ba, 0xd6ba, 0xa514, 0xffdf, 
	0xffff, 0xffff, 0xa514, 0x630c, 0xffdf, 0xffff, 0xffff, 0xffff, 0xffff, 0xffff, 0xffff, 0xffff, 0xffff, 0xbdf7, 0x4a69, 0xe73c, 
	0xffff, 0xffff, 0xffff, 0xffff, 0xffff, 0xffff, 0xffff, 0xffff, 0xffff, 0x6b4d, 0x8430, 0xffff, 0xffff, 0xffff, 0xffdf, 0xce79, 
	0x8c51, 0x528a, 0x4a49, 0x7bef, 0xd69a, 0xb596, 0xa514, 0xffff, 0xffff, 0xffff, 0xffff, 0xffff, 0xffff, 0xffff, 0xffff, 0xffff, 
	0xffff, 0xffff, 0xffff, 0xffff, 0xffff, 0xffff, 0xffff, 0xffff, 0xffff, 0xffff, 0xffff, 0xffff, 0xffff, 0xffff, 0xffff, 0xffff, 
	0xffff, 0xffff, 0xffff, 0xffff, 0xffff, 0xffff, 0xffff, 0xffff, 0xffff, 0xffff, 0xffff, 0xffff, 0xffff, 0xffff, 0xffff, 0xffff, 
	0xffff, 0xffff, 0xffff, 0xffff, 0xffff, 0xffff, 0xffff, 0xffff, 0xffff, 0xffff, 0xffff, 0xffff, 0xffff, 0xffff, 0xffff, 0xffff, 
	0xffff, 0xffff, 0xffff, 0xffff, 0xffff, 0xffff, 0xffff, 0xffff, 0xffff, 0xffff, 0xffff, 0xffff, 0xffff, 0xffff, 0xffff, 0xffff, 
	0xffff, 0xffff, 0xffff, 0xffff, 0xffff, 0xffff, 0xffff, 0xffff, 0xffff, 0xffff, 0xffff, 0xffff, 0xffff, 0xffff, 0xffff, 0xffff, 
	0xffff, 0xffff, 0xffff, 0xffff, 0xffff, 0xffff, 0xffff, 0xffff, 0xffff, 0xffff, 0xffff, 0xffff, 0xffff, 0xffff, 0xffff, 0xffff, 
	0xffff, 0xffff, 0xffff, 0xffff, 0xffff, 0xffff, 0xffff, 0xffff, 0xffff, 0xffff, 0xffff, 0xffff, 0xffff, 0xffff, 0xffff, 0xffff, 
	0xffff, 0xffff, 0xffff, 0xffff, 0xffff, 0xffff, 0xffff, 0xffff, 0xffff, 0xffff, 0xffff, 0xffff, 0xffff, 0xffff, 0xffff, 0xffff, 
	0xffff, 0xffff, 0xffff, 0xffff, 0xffff, 0xffff, 0xffff, 0xffff, 0xffff, 0xffff, 0xffff, 0xffff, 0xffff, 0xffff, 0xe71c, 0x9cf3, 
	0x5acb, 0x4228, 0x6b4d, 0xa534, 0xe73c, 0xef7d, 0x4a69, 0xb5b6, 0xffff, 0xffff, 0xffff, 0xffff, 0xffff, 0xffff, 0xffff, 0xffff, 
	0xffff, 0xbdd7, 0x4a69, 0xef5d, 0xffff, 0xffff, 0xffff, 0xffff, 0xffff, 0xffff, 0xffff, 0xffff, 0xdedb, 0x4a49, 0xd69a, 0xffff, 
	0xffdf, 0x7bcf, 0x4208, 0x5aeb, 0x5289, 0x528a, 0x5aca, 0x5aaa, 0x5aaa, 0x5aca, 0x5aca, 0x5289, 0x5289, 0x5aaa, 0x4208, 0x94b2, 
	0xffff, 0xffff, 0xb5b6, 0x52aa, 0xef7d, 0xffff, 0xffff, 0xffff, 0xffff, 0xffff, 0xffff, 0xffff, 0xffff, 0xe71c, 0x4a49, 0xc638, 
	0xffff, 0xffff, 0xffff, 0xffff, 0xffff, 0xffff, 0xffff, 0xffff, 0xffff, 0xa534, 0x52aa, 0xf79e, 0xdefb, 0xa514, 0x630c, 0x4228, 
	0x5aeb, 0xa534, 0xe73c, 0xffff, 0xffff, 0xffff, 0xffff, 0xffff, 0xffff, 0xffff, 0xffff, 0xffff, 0xffff, 0xffff, 0xffff, 0xffff, 
	0xffff, 0xffff, 0xffff, 0xffff, 0xffff, 0xffff, 0xffff, 0xffff, 0xffff, 0xffff, 0xffff, 0xffff, 0xffff, 0xffff, 0xffff, 0xffff, 
	0xffff, 0xffff, 0xffff, 0xffff, 0xffff, 0xffff, 0xffff, 0xffff, 0xffff, 0xffff, 0xffff, 0xffff, 0xffff, 0xffff, 0xffff, 0xffff, 
	0xffff, 0xffff, 0xffff, 0xffff, 0xffff, 0xffff, 0xffff, 0xffff, 0xffff, 0xffff, 0xffff, 0xffff, 0xffff, 0xffff, 0xffff, 0xffff, 
	0xffff, 0xffff, 0xffff, 0xffff, 0xffff, 0xffff, 0xffff, 0xffff, 0xffff, 0xffff, 0xffff, 0xffff, 0xffff, 0xffff, 0xffff, 0xffff, 
	0xffff, 0xffff, 0xffff, 0xffff, 0xffff, 0xffff, 0xffff, 0xffff, 0xffff, 0xffff, 0xffff, 0xffff, 0xffff, 0xffff, 0xffff, 0xffff, 
	0xffff, 0xffff, 0xffff, 0xffff, 0xffff, 0xffff, 0xffff, 0xffff, 0xffff, 0xffff, 0xffff, 0xffff, 0xffff, 0xffff, 0xffff, 0xffff, 
	0xffff, 0xffff, 0xffff, 0xffff, 0xffff, 0xffff, 0xffff, 0xffff, 0xffff, 0xffff, 0xffff, 0xffff, 0xffff, 0xffff, 0xffff, 0xffff, 
	0xffff, 0xffff, 0xffff, 0xffff, 0xffff, 0xffff, 0xffff, 0xffff, 0xffff, 0xffff, 0xffff, 0xffff, 0xffff, 0xffff, 0xffff, 0xffff, 
	0xffff, 0xffff, 0xffff, 0xffff, 0xffff, 0xffff, 0xffff, 0xffff, 0xffff, 0xffff, 0xffff, 0xffff, 0xffff, 0xffff, 0xffff, 0xffff, 
	0xffdf, 0xc638, 0x8410, 0x4a69, 0x4a49, 0x6b4d, 0x528a, 0xce59, 0xffff, 0xffff, 0xffff, 0xffff, 0xffff, 0xffff, 0xffff, 0xffff, 
	0xffff, 0x9492, 0x630c, 0xffff, 0xffff, 0xffff, 0xffff, 0xffff, 0xffff, 0xffff, 0xffff, 0xffff, 0xce79, 0x4a49, 0xe71c, 0xffff, 
	0xffdf, 0x9cf3, 0x4228, 0x8430, 0x6b4d, 0x4a69, 0x5aca, 0x5aca, 0x5aaa, 0x5aca, 0x5aca, 0x4a69, 0x6b6d, 0x738e, 0x4a49, 0xbdd7, 
	0xffff, 0xffff, 0xc638, 0x4a69, 0xe71c, 0xffff, 0xffff, 0xffff, 0xffff, 0xffff, 0xffff, 0xffff, 0xffff, 0xf7be, 0x5aeb, 0x9cd3, 
	0xffff, 0xffff, 0xffff, 0xffff, 0xffff, 0xffff, 0xffff, 0xffff, 0xffff, 0xc618, 0x528a, 0x6b4d, 0x4a49, 0x528a, 0x8c51, 0xce79, 
	0xffdf, 0xffff, 0xffff, 0xffff, 0xffff, 0xffff, 0xffff, 0xffff, 0xffff, 0xffff, 0xffff, 0xffff, 0xffff, 0xffff, 0xffff, 0xffff, 
	0xffff, 0xffff, 0xffff, 0xffff, 0xffff, 0xffff, 0xffff, 0xffff, 0xffff, 0xffff, 0xffff, 0xffff, 0xffff, 0xffff, 0xffff, 0xffff, 
	0xffff, 0xffff, 0xffff, 0xffff, 0xffff, 0xffff, 0xffff, 0xffff, 0xffff, 0xffff, 0xffff, 0xffff, 0xffff, 0xffff, 0xffff, 0xffff, 
	0xffff, 0xffff, 0xffff, 0xffff, 0xffff, 0xffff, 0xffff, 0xffff, 0xffff, 0xffff, 0xffff, 0xffff, 0xffff, 0xffff, 0xffff, 0xffff, 
	0xffff, 0xffff, 0xffff, 0xffff, 0xffff, 0xffff, 0xffff, 0xffff, 0xffff, 0xffff, 0xffff, 0xffff, 0xffff, 0xffff, 0xffff, 0xffff, 
	0xffff, 0xffff, 0xffff, 0xffff, 0xffff, 0xffff, 0xffff, 0xffff, 0xffff, 0xffff, 0xffff, 0xffff, 0xffff, 0xffff, 0xffff, 0xffff, 
	0xffff, 0xffff, 0xffff, 0xffff, 0xffff, 0xffff, 0xffff, 0xffff, 0xffff, 0xffff, 0xffff, 0xffff, 0xffff, 0xffff, 0xffff, 0xffff, 
	0xffff, 0xffff, 0xffff, 0xffff, 0xffff, 0xffff, 0xffff, 0xffff, 0xffff, 0xffff, 0xffff, 0xffff, 0xffff, 0xffff, 0xffff, 0xffff, 
	0xffff, 0xffff, 0xffff, 0xffff, 0xffff, 0xffff, 0xffff, 0xffff, 0xffff, 0xffff, 0xffff, 0xffff, 0xffff, 0xffff, 0xffff, 0xffff, 
	0xffff, 0xffff, 0xffff, 0xffff, 0xffff, 0xffff, 0xffff, 0xffff, 0xffff, 0xffff, 0xffff, 0xffff, 0xffff, 0xffff, 0xffff, 0xffff, 
	0xffff, 0xffff, 0xffff, 0xef7d, 0xbdd7, 0x52aa, 0x4a69, 0x4a69, 0x632c, 0x9cd3, 0xd69a, 0xf79e, 0xffff, 0xffff, 0xffff, 0xffff, 
	0xffff, 0x736d, 0x8430, 0xffff, 0xffff, 0xffff, 0xffff, 0xffff, 0xffff, 0xffff, 0xffff, 0xffff, 0xb5b6, 0x528a, 0xef7d, 0xffff, 
	0xffdf, 0xffff, 0xce59, 0xffff, 0xf79e, 0x83ef, 0x4a69, 0x5aca, 0x5aca, 0x5aca, 0x4a69, 0x8430, 0xf7be, 0xef7d, 0xce59, 0xffff, 
	0xffdf, 0xffff, 0xdedb, 0x4a49, 0xd6ba, 0xffff, 0xffff, 0xffff, 0xffff, 0xffff, 0xffff, 0xffff, 0xffff, 0xffff, 0x7bcf, 0x7bcf, 
	0xffff, 0xffff, 0xffff, 0xffff, 0xffff, 0xf79e, 0xce59, 0x94b2, 0x630c, 0x4a69, 0x4a69, 0x632c, 0xc638, 0xf79e, 0xffff, 0xffff, 
	0xffff, 0xffff, 0xffff, 0xffff, 0xffff, 0xffff, 0xffff, 0xffff, 0xffff, 0xffff, 0xffff, 0xffff, 0xffff, 0xffff, 0xffff, 0xffff, 
	0xffff, 0xffff, 0xffff, 0xffff, 0xffff, 0xffff, 0xffff, 0xffff, 0xffff, 0xffff, 0xffff, 0xffff, 0xffff, 0xffff, 0xffff, 0xffff, 
	0xffff, 0xffff, 0xffff, 0xffff, 0xffff, 0xffff, 0xffff, 0xffff, 0xffff, 0xffff, 0xffff, 0xffff, 0xffff, 0xffff, 0xffff, 0xffff, 
	0xffff, 0xffff, 0xffff, 0xffff, 0xffff, 0xffff, 0xffff, 0xffff, 0xffff, 0xffff, 0xffff, 0xffff, 0xffff, 0xffff, 0xffff, 0xffff, 
	0xffff, 0xffff, 0xffff, 0xffff, 0xffff, 0xffff, 0xffff, 0xffff, 0xffff, 0xffff, 0xffff, 0xffff, 0xffff, 0xffff, 0xffff, 0xffff, 
	0xffff, 0xffff, 0xffff, 0xffff, 0xffff, 0xffff, 0xffff, 0xffff, 0xffff, 0xffff, 0xffff, 0xffff, 0xffff, 0xffff, 0xffff, 0xffff, 
	0xffff, 0xffff, 0xffff, 0xffff, 0xffff, 0xffff, 0xffff, 0xffff, 0xffff, 0xffff, 0xffff, 0xffff, 0xffff, 0xffff, 0xffff, 0xffff, 
	0xffff, 0xffff, 0xffff, 0xffff, 0xffff, 0xffff, 0xffff, 0xffff, 0xffff, 0xffff, 0xffff, 0xffff, 0xffff, 0xffff, 0xffff, 0xffff, 
	0xffff, 0xffff, 0xffff, 0xffff, 0xffff, 0xffff, 0xffff, 0xffff, 0xffff, 0xffff, 0xffff, 0xffff, 0xffff, 0xffff, 0xffff, 0xffff, 
	0xffff, 0xffff, 0xffff, 0xffff, 0xffff, 0xffff, 0xffff, 0xffff, 0xffff, 0xffff, 0xffff, 0xffff, 0xffff, 0xffff, 0xffff, 0xffff, 
	0xffff, 0xffff, 0xffff, 0xffff, 0xffff, 0x8410, 0xa534, 0xce59, 0x8c51, 0x5acb, 0x4228, 0x528a, 0x7bef, 0xad55, 0xdeba, 0xffbe, 
	0xf79e, 0x528a, 0xb5b6, 0xffff, 0xffff, 0xffff, 0xffff, 0xffff, 0xffff, 0xffff, 0xffff, 0xffff, 0xa514, 0x5acb, 0xffdf, 0xffff, 
	0xffff, 0xffff, 0xffff, 0xffff, 0xffff, 0xf79e, 0x6b4c, 0x528a, 0x5aca, 0x5289, 0x738d, 0xf7be, 0xffff, 0xffff, 0xffff, 0xffff, 
	0xffdf, 0xffff, 0xe73c, 0x4a69, 0xc638, 0xffff, 0xffff, 0xffff, 0xffff, 0xffff, 0xffff, 0xffff, 0xffff, 0xffff, 0xad55, 0x5acb, 
	0xffdf, 0xf7be, 0xd69a, 0xad34, 0x7bae, 0x52aa, 0x5acb, 0x73ae, 0xa534, 0xdedb, 0xbdd7, 0xad75, 0xffff, 0xffff, 0xffff, 0xffff, 
	0xffff, 0xffff, 0xffff, 0xffff, 0xffff, 0xffff, 0xffff, 0xffff, 0xffff, 0xffff, 0xffff, 0xffff, 0xffff, 0xffff, 0xffff, 0xffff, 
	0xffff, 0xffff, 0xffff, 0xffff, 0xffff, 0xffff, 0xffff, 0xffff, 0xffff, 0xffff, 0xffff, 0xffff, 0xffff, 0xffff, 0xffff, 0xffff, 
	0xffff, 0xffff, 0xffff, 0xffff, 0xffff, 0xffff, 0xffff, 0xffff, 0xffff, 0xffff, 0xffff, 0xffff, 0xffff, 0xffff, 0xffff, 0xffff, 
	0xffff, 0xffff, 0xffff, 0xffff, 0xffff, 0xffff, 0xffff, 0xffff, 0xffff, 0xffff, 0xffff, 0xffff, 0xffff, 0xffff, 0xffff, 0xffff, 
	0xffff, 0xffff, 0xffff, 0xffff, 0xffff, 0xffff, 0xffff, 0xffff, 0xffff, 0xffff, 0xffff, 0xffff, 0xffff, 0xffff, 0xffff, 0xffff, 
	0xffff, 0xffff, 0xffff, 0xffff, 0xffff, 0xffff, 0xffff, 0xffff, 0xffff, 0xffff, 0xffff, 0xffff, 0xffff, 0xffff, 0xffff, 0xffff, 
	0xffff, 0xffff, 0xffff, 0xffff, 0xffff, 0xffff, 0xffff, 0xffff, 0xffff, 0xffff, 0xffff, 0xffff, 0xffff, 0xffff, 0xffff, 0xffff, 
	0xffff, 0xffff, 0xffff, 0xffff, 0xffff, 0xffff, 0xffff, 0xffff, 0xffff, 0xffff, 0xffff, 0xffff, 0xffff, 0xffff, 0xffff, 0xffff, 
	0xffff, 0xffff, 0xffff, 0xffff, 0xffff, 0xffff, 0xffff, 0xffff, 0xffff, 0xffff, 0xffff, 0xffff, 0xffff, 0xffff, 0xffff, 0xffff, 
	0xffff, 0xffff, 0xffff, 0xffff, 0xffff, 0xffff, 0xffff, 0xffff, 0xffff, 0xffff, 0xffff, 0xffff, 0xffff, 0xffff, 0xffff, 0xffff, 
	0xffff, 0xffff, 0xffff, 0xffff, 0xffff, 0xffff, 0xffff, 0xffff, 0xffff, 0xf7be, 0xd6ba, 0xa534, 0x73ae, 0x528a, 0x4a28, 0x5aaa, 
	0x738e, 0x528a, 0xad55, 0xe71c, 0xffdf, 0xffff, 0xffff, 0xffff, 0xffff, 0xffff, 0xffff, 0xffff, 0x9492, 0x632c, 0xffff, 0xffff, 
	0xffff, 0xffff, 0xffff, 0xffff, 0xffff, 0xffff, 0xbdf7, 0x4a49, 0x5aca, 0x4a69, 0xc638, 0xffff, 0xffff, 0xffff, 0xffff, 0xffff, 
	0xffff, 0xffff, 0xf79e, 0x52aa, 0xad75, 0xffff, 0xffff, 0xffff, 0xffff, 0xffff, 0xffff, 0xffff, 0xf7be, 0xe71c, 0xa514, 0x528a, 
	0x738e, 0x52aa, 0x4a29, 0x5acb, 0x9492, 0xce79, 0xf79e, 0xffff, 0xffff, 0xffff, 0xffff, 0xffff, 0xffff, 0xffff, 0xffff, 0xffff, 
	0xffff, 0xffff, 0xffff, 0xffff, 0xffff, 0xffff, 0xffff, 0xffff, 0xffff, 0xffff, 0xffff, 0xffff, 0xffff, 0xffff, 0xffff, 0xffff, 
	0xffff, 0xffff, 0xffff, 0xffff, 0xffff, 0xffff, 0xffff, 0xffff, 0xffff, 0xffff, 0xffff, 0xffff, 0xffff, 0xffff, 0xffff, 0xffff, 
	0xffff, 0xffff, 0xffff, 0xffff, 0xffff, 0xffff, 0xffff, 0xffff, 0xffff, 0xf7be, 0xffde, 0xffff, 0xffff, 0xffff, 0xffff, 0xffff, 
	0xffff, 0xffff, 0xffff, 0xffff, 0xffff, 0xffff, 0xffff, 0xffff, 0xffff, 0xffff, 0xffff, 0xffff, 0xffff, 0xffff, 0xffff, 0xffff, 
	0xffff, 0xffff, 0xffff, 0xffff, 0xffff, 0xffff, 0xffff, 0xffff, 0xffff, 0xffff, 0xffff, 0xffff, 0xffff, 0xffff, 0xffff, 0xffff, 
	0xffff, 0xffff, 0xffff, 0xffff, 0xffff, 0xffff, 0xffff, 0xffff, 0xffff, 0xffff, 0xffff, 0xffff, 0xffff, 0xffff, 0xffff, 0xffff, 
	0xffff, 0xffff, 0xffff, 0xffff, 0xffff, 0xffff, 0xffff, 0xffff, 0xffff, 0xffff, 0xffff, 0xffff, 0xffff, 0xffff, 0xffff, 0xffff, 
	0xffff, 0xffff, 0xffff, 0xffff, 0xffff, 0xffff, 0xffff, 0xffff, 0xffff, 0xffff, 0xffff, 0xffff, 0xffff, 0xffff, 0xffff, 0xffff, 
	0xffff, 0xffff, 0xffff, 0xffff, 0xffff, 0xffff, 0xffff, 0xffff, 0xffff, 0xffff, 0xffff, 0xffff, 0xffff, 0xffff, 0xffff, 0xffff, 
	0xffff, 0xffff, 0xffff, 0xffff, 0xffff, 0xffff, 0xffff, 0xffff, 0xffff, 0xffff, 0xffff, 0xffff, 0xffff, 0xffff, 0xffff, 0xffff, 
	0xffff, 0xffff, 0xffff, 0xffff, 0xffff, 0xffff, 0xffff, 0xffff, 0xffff, 0xffff, 0xffff, 0xffff, 0xffff, 0xef7d, 0xce79, 0xad34, 
	0x6b2c, 0x4a69, 0x528a, 0x4a49, 0x5acb, 0x738e, 0x9492, 0xad75, 0xce79, 0xe71c, 0xef7d, 0xffff, 0x7bef, 0x7bef, 0xffff, 0xffff, 
	0xffff, 0xffff, 0xffff, 0xffff, 0xffff, 0xffff, 0xffbe, 0x632c, 0x5269, 0x6b4d, 0xffff, 0xffff, 0xffff, 0xffff, 0xffff, 0xffff, 
	0xffff, 0xffff, 0xffff, 0x630c, 0x9cf3, 0xffff, 0xef7d, 0xdefb, 0xce59, 0xad55, 0x8c71, 0x738e, 0x52aa, 0x4a49, 0x528a, 0x4a69, 
	0x6b6d, 0xad55, 0xdebb, 0xffbe, 0xffff, 0xffff, 0xffff, 0xffff, 0xffff, 0xffff, 0xffff, 0xffff, 0xffff, 0xffff, 0xffff, 0xffff, 
	0xffff, 0xffff, 0xffff, 0xffff, 0xffff, 0xffff, 0xffff, 0xffff, 0xffff, 0xffff, 0xffff, 0xffff, 0xffff, 0xffff, 0xffff, 0xffff, 
	0xffff, 0xffff, 0xffff, 0xffff, 0xffff, 0xffff, 0xffff, 0xffff, 0xffff, 0xffff, 0xffff, 0xffff, 0xffff, 0xffff, 0xffff, 0xffff, 
	0xffff, 0xffff, 0xffff, 0xffff, 0xffff, 0xffff, 0xffff, 0xffff, 0xffdf, 0xffde, 0xffde, 0xffff, 0xffff, 0xffff, 0xffff, 0xffff, 
	0xffff, 0xffff, 0xffff, 0xffff, 0xffff, 0xffff, 0xffff, 0xffff, 0xffff, 0xffff, 0xffff, 0xffff, 0xffff, 0xffff, 0xffff, 0xffff, 
	0xffff, 0xffff, 0xffff, 0xffff, 0xffff, 0xffff, 0xffff, 0xffff, 0xffff, 0xffff, 0xffff, 0xffff, 0xffff, 0xffff, 0xffff, 0xffff, 
	0xffff, 0xffff, 0xffff, 0xffff, 0xffff, 0xffff, 0xffff, 0xffff, 0xffff, 0xffff, 0xffff, 0xffff, 0xffff, 0xffff, 0xffff, 0xffff, 
	0xffff, 0xffff, 0xffff, 0xffff, 0xffff, 0xffff, 0xffff, 0xffff, 0xffff, 0xffff, 0xffff, 0xffff, 0xffff, 0xffff, 0xffff, 0xffff, 
	0xffff, 0xffff, 0xffff, 0xffff, 0xffff, 0xffff, 0xffff, 0xffff, 0xffff, 0xffff, 0xffff, 0xffff, 0xffff, 0xffff, 0xffff, 0xffff, 
	0xffff, 0xffff, 0xffff, 0xffff, 0xffff, 0xffff, 0xffff, 0xffff, 0xffff, 0xffff, 0xffff, 0xffff, 0xffff, 0xffff, 0xffff, 0xffff, 
	0xffff, 0xffff, 0xffff, 0xffff, 0xffff, 0xffff, 0xffff, 0xffff, 0xffff, 0xffff, 0xffff, 0xffff, 0xffff, 0xffff, 0xffff, 0xffff, 
	0xffff, 0xffff, 0xffff, 0xffff, 0xffff, 0xffff, 0xffff, 0xffff, 0xffff, 0xffff, 0xffff, 0xffff, 0xffff, 0xffff, 0xffff, 0xffff, 
	0xad55, 0x7bef, 0xe73c, 0xc618, 0xa514, 0x8410, 0x6b4d, 0x52aa, 0x4a69, 0x4a69, 0x528a, 0x632c, 0x5acb, 0x632c, 0x94b2, 0x9cf3, 
	0xad75, 0xbdd7, 0xce59, 0xd699, 0xdeda, 0xdefb, 0xe71c, 0x7bcf, 0x4a49, 0x840f, 0xe71c, 0xe6fb, 0xdeda, 0xd699, 0xce59, 0xbdd7, 
	0xad75, 0x9cf3, 0x94b2, 0x5acb, 0x5aeb, 0x632c, 0x528a, 0x4a49, 0x4a69, 0x52aa, 0x6b4d, 0x8430, 0xa534, 0xc638, 0xe73c, 0x73ae, 
	0xb596, 0xffff, 0xffff, 0xffff, 0xffff, 0xffff, 0xffff, 0xffff, 0xffff, 0xffff, 0xffff, 0xffff, 0xffff, 0xffff, 0xffff, 0xffff, 
	0xffff, 0xffff, 0xffff, 0xffff, 0xffff, 0xffff, 0xffff, 0xffff, 0xffff, 0xffff, 0xffff, 0xffff, 0xffff, 0xffff, 0xffff, 0xffff, 
	0xffff, 0xffff, 0xffff, 0xffff, 0xffff, 0xffff, 0xffff, 0xffff, 0xffff, 0xffff, 0xffff, 0xffff, 0xffff, 0xffff, 0xffff, 0xffff, 
	0xffff, 0xffff, 0xffff, 0xffff, 0xffff, 0xffff, 0xffff, 0xffff, 0xffff, 0xffff, 0xffff, 0xffff, 0xffff, 0xffff, 0xffff, 0xffff, 
	0xffff, 0xffff, 0xffff, 0xffff, 0xffff, 0xffff, 0xffff, 0xffff, 0xffff, 0xffff, 0xffff, 0xffff, 0xffff, 0xffff, 0xffff, 0xffff, 
	0xffff, 0xffff, 0xffff, 0xffff, 0xffff, 0xffff, 0xffff, 0xffff, 0xffff, 0xffff, 0xffff, 0xffff, 0xffff, 0xffff, 0xffff, 0xffff, 
	0xffff, 0xffff, 0xffff, 0xffff, 0xffff, 0xffff, 0xffff, 0xffff, 0xffff, 0xffff, 0xffff, 0xffff, 0xffff, 0xffff, 0xffff, 0xffff, 
	0xffff, 0xffff, 0xffff, 0xffff, 0xffff, 0xffff, 0xffff, 0xffff, 0xffff, 0xffff, 0xffff, 0xffff, 0xffff, 0xffff, 0xffff, 0xffff, 
	0xffff, 0xffff, 0xffff, 0xffff, 0xffff, 0xffff, 0xffff, 0xffff, 0xffff, 0xffff, 0xffff, 0xffff, 0xffff, 0xffff, 0xffff, 0xffff, 
	0xffff, 0xffff, 0xffff, 0xffff, 0xffff, 0xffff, 0xffff, 0xffff, 0xffff, 0xffff, 0xffff, 0xffff, 0xffff, 0xffff, 0xffff, 0xffff, 
	0xffff, 0xffff, 0xffff, 0xffff, 0xffff, 0xffff, 0xffff, 0xffff, 0xffff, 0xffff, 0xffff, 0xffff, 0xffff, 0xffff, 0xffff, 0xffff, 
	0xffff, 0xffff, 0xffff, 0xffff, 0xffff, 0xffff, 0xffff, 0xffff, 0xffff, 0xffff, 0xffff, 0xffff, 0xffff, 0xffff, 0xffff, 0xffff, 
	0xffdf, 0xf7be, 0xffff, 0xffff, 0xffff, 0xffff, 0xffff, 0xef7d, 0xe71c, 0xce59, 0xb596, 0x9cd3, 0x528a, 0x630c, 0x6b4d, 0x5aeb, 
	0x52aa, 0x528a, 0x4a69, 0x4a49, 0x4a69, 0x4a49, 0x4a69, 0x5aca, 0x5aca, 0x52aa, 0x4a69, 0x4a69, 0x4a49, 0x4a49, 0x4a69, 0x528a, 
	0x52aa, 0x5aeb, 0x6b4d, 0x5aeb, 0x5acb, 0x9cf3, 0xad75, 0xce59, 0xe71c, 0xf79e, 0xffff, 0xffff, 0xffff, 0xffff, 0xffff, 0xf7be, 
	0xffdf, 0xffff, 0xffff, 0xffff, 0xffff, 0xffff, 0xffff, 0xffff, 0xffff, 0xffff, 0xffff, 0xffff, 0xffff, 0xffff, 0xffff, 0xffff, 
	0xffff, 0xffff, 0xffff, 0xffff, 0xffff, 0xffff, 0xffff, 0xffff, 0xffff, 0xffff, 0xffff, 0xffff, 0xffff, 0xffff, 0xffff, 0xffff, 
	0xffff, 0xffff, 0xffff, 0xffff, 0xffff, 0xffff, 0xffff, 0xffff, 0xffff, 0xffff, 0xffff, 0xffff, 0xffff, 0xffff, 0xffff, 0xffff, 
	0xffff, 0xffff, 0xffff, 0xffff, 0xffff, 0xffff, 0xffff, 0xffff, 0xffff, 0xffff, 0xffff, 0xffff, 0xffff, 0xffff, 0xffff, 0xffff, 
	0xffff, 0xffff, 0xffff, 0xffff, 0xffff, 0xffff, 0xffff, 0xffff, 0xffff, 0xffff, 0xffff, 0xffff, 0xffff, 0xffff, 0xffff, 0xffff, 
	0xffff, 0xffff, 0xffff, 0xffff, 0xffff, 0xffff, 0xffff, 0xffff, 0xffff, 0xffff, 0xffff, 0xffff, 0xffff, 0xffff, 0xffff, 0xffff, 
	0xffff, 0xffff, 0xffff, 0xffff, 0xffff, 0xffff, 0xffff, 0xffff, 0xffff, 0xffff, 0xffff, 0xffff, 0xffff, 0xffff, 0xffff, 0xffff, 
	0xffff, 0xffff, 0xffff, 0xffff, 0xffff, 0xffff, 0xffff, 0xffff, 0xffff, 0xffff, 0xffff, 0xffff, 0xffff, 0xffff, 0xffff, 0xffff, 
	0xffff, 0xffff, 0xffff, 0xffff, 0xffff, 0xffff, 0xffff, 0xffff, 0xffff, 0xffff, 0xffff, 0xffff, 0xffff, 0xffff, 0xffff, 0xffff, 
	0xffff, 0xffff, 0xffff, 0xffff, 0xffff, 0xffff, 0xffff, 0xffff, 0xffff, 0xffff, 0xffff, 0xffff, 0xffff, 0xffff, 0xffff, 0xffff, 
	0xffff, 0xffff, 0xffff, 0xffff, 0xffff, 0xffff, 0xffff, 0xffff, 0xffff, 0xffff, 0xffff, 0xffff, 0xffff, 0xffff, 0xffff, 0xffff, 
	0xffff, 0xffff, 0xffff, 0xffff, 0xffff, 0xffff, 0xffff, 0xffff, 0xffff, 0xffff, 0xffff, 0xffff, 0xffff, 0xffff, 0xffff, 0xffff, 
	0xffff, 0xffff, 0xffff, 0xffff, 0xffff, 0xffff, 0xffff, 0xffff, 0xffff, 0xffff, 0xffff, 0xffff, 0x8c71, 0xce79, 0xffff, 0xf7be, 
	0xf79e, 0xef5d, 0xe71c, 0xe6fb, 0xdedb, 0xd69a, 0xdeba, 0x9cb2, 0x4a69, 0xa513, 0xdedb, 0xd69a, 0xdedb, 0xdefb, 0xe71c, 0xef5d, 
	0xf79e, 0xffdf, 0xffff, 0xad55, 0x8c51, 0xffff, 0xffff, 0xffff, 0xffff, 0xffff, 0xffff, 0xffff, 0xffff, 0xffff, 0xffff, 0xffff, 
	0xffff, 0xffff, 0xffff, 0xffff, 0xffff, 0xffff, 0xffff, 0xffff, 0xffff, 0xffff, 0xffff, 0xffff, 0xffff, 0xffff, 0xffff, 0xffff, 
	0xffff, 0xffff, 0xffff, 0xffff, 0xffff, 0xffff, 0xffff, 0xffff, 0xffff, 0xffff, 0xffff, 0xffff, 0xffff, 0xffff, 0xffff, 0xffff, 
	0xffff, 0xffff, 0xffff, 0xffff, 0xffff, 0xffff, 0xffff, 0xffff, 0xffff, 0xffff, 0xffff, 0xffff, 0xffff, 0xffff, 0xffff, 0xffff, 
	0xffff, 0xffff, 0xffff, 0xffff, 0xffff, 0xffff, 0xffff, 0xffff, 0xffff, 0xffff, 0xffff, 0xffff, 0xffff, 0xffff, 0xffff, 0xffff, 
	0xffff, 0xffff, 0xffff, 0xffff, 0xffff, 0xffff, 0xffff, 0xffff, 0xffff, 0xffff, 0xffff, 0xffff, 0xffff, 0xffff, 0xffff, 0xffff, 
	0xffff, 0xffff, 0xffff, 0xffff, 0xffff, 0xffff, 0xffff, 0xffff, 0xffff, 0xffff, 0xffff, 0xffff, 0xffff, 0xffff, 0xffff, 0xffff, 
	0xffff, 0xffff, 0xffff, 0xffff, 0xffff, 0xffff, 0xffff, 0xffff, 0xffff, 0xffff, 0xffff, 0xffff, 0xffff, 0xffff, 0xffff, 0xffff, 
	0xffff, 0xffff, 0xffff, 0xffff, 0xffff, 0xffff, 0xffff, 0xffff, 0xffff, 0xffff, 0xffff, 0xffff, 0xffff, 0xffff, 0xffff, 0xffff, 
	0xffff, 0xffff, 0xffff, 0xffff, 0xffff, 0xffff, 0xffff, 0xffff, 0xffff, 0xffff, 0xffff, 0xffff, 0xffff, 0xffff, 0xffff, 0xffff, 
	0xffff, 0xffff, 0xffff, 0xffff, 0xffff, 0xffff, 0xffff, 0xffff, 0xffff, 0xffff, 0xffff, 0xffff, 0xffff, 0xffff, 0xffff, 0xffff, 
	0xffff, 0xffff, 0xffff, 0xffff, 0xffff, 0xffff, 0xffff, 0xffff, 0xffff, 0xffff, 0xffff, 0xffff, 0xffff, 0xffff, 0xffff, 0xffff, 
	0xffff, 0xffff, 0xffff, 0xffff, 0xffff, 0xffff, 0xffff, 0xffff, 0xffff, 0xffff, 0xffff, 0xffff, 0xffff, 0xffff, 0xffff, 0xffff, 
	0xffff, 0xffff, 0xffff, 0xffff, 0xffff, 0xffff, 0xffff, 0xffff, 0xffff, 0xffff, 0xffff, 0xffff, 0xffff, 0xffff, 0xffff, 0xffff, 
	0xffff, 0xffff, 0xffff, 0xffff, 0xffff, 0xffff, 0xc617, 0x52aa, 0x528a, 0x5acb, 0xce79, 0xffff, 0xffff, 0xffff, 0xffff, 0xffff, 
	0xffff, 0xffff, 0xffff, 0xffff, 0xffff, 0xffff, 0xffff, 0xffff, 0xffff, 0xffff, 0xffff, 0xffff, 0xffff, 0xffff, 0xffff, 0xffff, 
	0xffff, 0xffff, 0xffff, 0xffff, 0xffff, 0xffff, 0xffff, 0xffff, 0xffff, 0xffff, 0xffff, 0xffff, 0xffff, 0xffff, 0xffff, 0xffff, 
	0xffff, 0xffff, 0xffff, 0xffff, 0xffff, 0xffff, 0xffff, 0xffff, 0xffff, 0xffff, 0xffff, 0xffff, 0xffff, 0xffff, 0xffff, 0xffff, 
	0xffff, 0xffff, 0xffff, 0xffff, 0xffff, 0xffff, 0xffff, 0xffff, 0xffff, 0xffff, 0xffff, 0xffff, 0xffff, 0xffff, 0xffff, 0xffff, 
	0xffff, 0xffff, 0xffff, 0xffff, 0xffff, 0xffff, 0xffff, 0xffff, 0xffff, 0xffff, 0xffff, 0xffff, 0xffff, 0xffff, 0xffff, 0xffff, 
	0xffff, 0xffff, 0xffff, 0xffff, 0xffff, 0xffff, 0xffff, 0xffff, 0xffff, 0xffff, 0xffff, 0xffff, 0xffff, 0xffff, 0xffff, 0xffff, 
	0xffff, 0xffff, 0xffff, 0xffff, 0xffff, 0xffff, 0xffff, 0xffff, 0xffff, 0xffff, 0xffff, 0xffff, 0xffff, 0xffff, 0xffff, 0xffff, 
	0xffff, 0xffff, 0xffff, 0xffff, 0xffff, 0xffff, 0xffff, 0xffff, 0xffff, 0xffff, 0xffff, 0xffff, 0xffff, 0xffff, 0xffff, 0xffff, 
	0xffff, 0xffff, 0xffff, 0xffff, 0xffff, 0xffff, 0xffff, 0xffff, 0xffff, 0xffff, 0xffff, 0xffff, 0xffff, 0xffff, 0xffff, 0xffff, 
	0xffff, 0xffff, 0xffff, 0xffff, 0xffff, 0xffff, 0xffff, 0xffff, 0xffff, 0xffff, 0xffff, 0xffff, 0xffff, 0xffff, 0xffff, 0xffff, 
	0xffff, 0xffff, 0xffff, 0xffff, 0xffff, 0xffff, 0xffff, 0xffff, 0xffff, 0xffff, 0xffff, 0xffff, 0xffff, 0xffff, 0xffff, 0xffff, 
	0xffff, 0xffff, 0xffff, 0xffff, 0xffff, 0xffff, 0xffff, 0xffff, 0xffff, 0xffff, 0xffff, 0xffff, 0xffff, 0xffff, 0xffff, 0xffff, 
	0xffff, 0xffff, 0xffff, 0xffff, 0xffff, 0xffff, 0xffff, 0xffff, 0xffff, 0xffff, 0xffff, 0xffff, 0xffff, 0xffff, 0xffff, 0xffff, 
	0xffff, 0xffff, 0xffff, 0xffff, 0xffff, 0xffff, 0xffff, 0xffff, 0xffff, 0xffff, 0xffff, 0xffff, 0xffff, 0xffff, 0xffff, 0xffff, 
	0xffff, 0xffff, 0xffff, 0xffff, 0xffdf, 0xb596, 0x5269, 0x52aa, 0x5aca, 0x528a, 0x528a, 0xbdf7, 0xffff, 0xffff, 0xffff, 0xffff, 
	0xffff, 0xffff, 0xffff, 0xffff, 0xffff, 0xffff, 0xffff, 0xffff, 0xffff, 0xffff, 0xffff, 0xffff, 0xffff, 0xffff, 0xffff, 0xffff, 
	0xffff, 0xffff, 0xffff, 0xffff, 0xffff, 0xffff, 0xffff, 0xffff, 0xffff, 0xffff, 0xffff, 0xffff, 0xffff, 0xffff, 0xffff, 0xffff, 
	0xffff, 0xffff, 0xffff, 0xffff, 0xffff, 0xffff, 0xffff, 0xffff, 0xffff, 0xffff, 0xffff, 0xffff, 0xffff, 0xffff, 0xffff, 0xffff, 
	0xffff, 0xffff, 0xffff, 0xffff, 0xffff, 0xffff, 0xffff, 0xffff, 0xffff, 0xffff, 0xffff, 0xffff, 0xffff, 0xffff, 0xffff, 0xffff, 
	0xffff, 0xffff, 0xffff, 0xffff, 0xffff, 0xffff, 0xffff, 0xffff, 0xffff, 0xffff, 0xffff, 0xffff, 0xffff, 0xffff, 0xffff, 0xffff, 
	0xffff, 0xffff, 0xffff, 0xffff, 0xffff, 0xffff, 0xffff, 0xffff, 0xffff, 0xffff, 0xffff, 0xffff, 0xffff, 0xffff, 0xffff, 0xffff, 
	0xffff, 0xffff, 0xffff, 0xffff, 0xffff, 0xffff, 0xffff, 0xffff, 0xffff, 0xffff, 0xffff, 0xffff, 0xffff, 0xffff, 0xffff, 0xffff, 
	0xffff, 0xffff, 0xffff, 0xffff, 0xffff, 0xffff, 0xffff, 0xffff, 0xffff, 0xffff, 0xffff, 0xffff, 0xffff, 0xffff, 0xffff, 0xffff, 
	0xffff, 0xffff, 0xffff, 0xffff, 0xffff, 0xffff, 0xffff, 0xffff, 0xffff, 0xffff, 0xffff, 0xffff, 0xffff, 0xffff, 0xffff, 0xffff, 
	0xffff, 0xffff, 0xffff, 0xffff, 0xffff, 0xffff, 0xffff, 0xffff, 0xffff, 0xffff, 0xffff, 0xffff, 0xffff, 0xffff, 0xffff, 0xffff, 
	0xffff, 0xffff, 0xffff, 0xffff, 0xffff, 0xffff, 0xffff, 0xffff, 0xffff, 0xffff, 0xffff, 0xffff, 0xffff, 0xffff, 0xffff, 0xffff, 
	0xffff, 0xffff, 0xffff, 0xffff, 0xffff, 0xffff, 0xffff, 0xffff, 0xffff, 0xffff, 0xffff, 0xffff, 0xffff, 0xffff, 0xffff, 0xffff, 
	0xffff, 0xffff, 0xffff, 0xffff, 0xffff, 0xffff, 0xffff, 0xffff, 0xffff, 0xffff, 0xffff, 0xffff, 0xffff, 0xffff, 0xffff, 0xffff, 
	0xffff, 0xffff, 0xffff, 0xffff, 0xffff, 0xffff, 0xffff, 0xffff, 0xffff, 0xffff, 0xffff, 0xffff, 0xffff, 0xffff, 0xffff, 0xffff, 
	0xffff, 0xffff, 0xffff, 0xffff, 0xffdf, 0x8c51, 0x4228, 0x5aca, 0x5aca, 0x5aca, 0x4228, 0x94b2, 0xffff, 0xffff, 0xffff, 0xffff, 
	0xffff, 0xffff, 0xffff, 0xffff, 0xffff, 0xffff, 0xffff, 0xffff, 0xffff, 0xffff, 0xffff, 0xffff, 0xffff, 0xffff, 0xffff, 0xffff, 
	0xffff, 0xffff, 0xffff, 0xffff, 0xffff, 0xffff, 0xffff, 0xffff, 0xffff, 0xffff, 0xffff, 0xffff, 0xffff, 0xffff, 0xffff, 0xffff, 
	0xffff, 0xffff, 0xffff, 0xffff, 0xffff, 0xffff, 0xffff, 0xffff, 0xffff, 0xffff, 0xffff, 0xffff, 0xffff, 0xffff, 0xffff, 0xffff, 
	0xffff, 0xffff, 0xffff, 0xffff, 0xffff, 0xffff, 0xffff, 0xffff, 0xffff, 0xffff, 0xffff, 0xffff, 0xffff, 0xffff, 0xffff, 0xffff, 
	0xffff, 0xffff, 0xffff, 0xffff, 0xffff, 0xffff, 0xffff, 0xffff, 0xffff, 0xffff, 0xffff, 0xffff, 0xffff, 0xffff, 0xffff, 0xffff, 
	0xffff, 0xffff, 0xffff, 0xffff, 0xffff, 0xffff, 0xffff, 0xffff, 0xffff, 0xffff, 0xffff, 0xffff, 0xffff, 0xffff, 0xffff, 0xffff, 
	0xffff, 0xffff, 0xffff, 0xffff, 0xffff, 0xffff, 0xffff, 0xffff, 0xffff, 0xffff, 0xffff, 0xffff, 0xffff, 0xffff, 0xffff, 0xffff, 
	0xffff, 0xffff, 0xffff, 0xffff, 0xffff, 0xffff, 0xffff, 0xffff, 0xffff, 0xffff, 0xffff, 0xffff, 0xffff, 0xffff, 0xffff, 0xffff, 
	0xffff, 0xffff, 0xffff, 0xffff, 0xffff, 0xffff, 0xffff, 0xffff, 0xffff, 0xffff, 0xffff, 0xffff, 0xffff, 0xffff, 0xffff, 0xffff, 
	0xffff, 0xffff, 0xffff, 0xffff, 0xffff, 0xffff, 0xffff, 0xffff, 0xffff, 0xffff, 0xffff, 0xffff, 0xffff, 0xffff, 0xffff, 0xffff, 
	0xffff, 0xffff, 0xffff, 0xffff, 0xffff, 0xffff, 0xffff, 0xffff, 0xffff, 0xffff, 0xffff, 0xffff, 0xffff, 0xffff, 0xffff, 0xffff, 
	0xffff, 0xffff, 0xffff, 0xffff, 0xffff, 0xffff, 0xffff, 0xffff, 0xffff, 0xffff, 0xffff, 0xffff, 0xffff, 0xffff, 0xffff, 0xffff, 
	0xffff, 0xffff, 0xffff, 0xffff, 0xffff, 0xffff, 0xffff, 0xffff, 0xffff, 0xffff, 0xffff, 0xffff, 0xffff, 0xffff, 0xffff, 0xffff, 
	0xffff, 0xffff, 0xffff, 0xffff, 0xffff, 0xffff, 0xffff, 0xffff, 0xffff, 0xffff, 0xffff, 0xffff, 0xffff, 0xffff, 0xffff, 0xffff, 
	0xffff, 0xffff, 0xffff, 0xffff, 0xffff, 0xffdf, 0x8c51, 0x4a49, 0x5aaa, 0x4a49, 0x94b2, 0xffff, 0xffff, 0xffff, 0xffff, 0xffff, 
	0xffff, 0xffff, 0xffff, 0xffff, 0xffff, 0xffff, 0xffff, 0xffff, 0xffff, 0xffff, 0xffff, 0xffff, 0xffff, 0xffff, 0xffff, 0xffff, 
	0xffff, 0xffff, 0xffff, 0xffff, 0xffff, 0xffff, 0xffff, 0xffff, 0xffff, 0xffff, 0xffff, 0xffff, 0xffff, 0xffff, 0xffff, 0xffff, 
	0xffff, 0xffff, 0xffff, 0xffff, 0xffff, 0xffff, 0xffff, 0xffff, 0xffff, 0xffff, 0xffff, 0xffff, 0xffff, 0xffff, 0xffff, 0xffff, 
	0xffff, 0xffff, 0xffff, 0xffff, 0xffff, 0xffff, 0xffff, 0xffff, 0xffff, 0xffff, 0xffff, 0xffff, 0xffff, 0xffff, 0xffff, 0xffff, 
	0xffff, 0xffff, 0xffff, 0xffff, 0xffff, 0xffff, 0xffff, 0xffff, 0xffff, 0xffff, 0xffff, 0xffff, 0xffff, 0xffff, 0xffff, 0xffff, 
	0xffff, 0xffff, 0xffff, 0xffff, 0xffff, 0xffff, 0xffff, 0xffff, 0xffff, 0xffff, 0xffff, 0xffff, 0xffff, 0xffff, 0xffff, 0xffff, 
	0xffff, 0xffff, 0xffff, 0xffff, 0xffff, 0xffff, 0xffff, 0xffff, 0xffff, 0xffff, 0xffff, 0xffff, 0xffff, 0xffff, 0xffff, 0xffff, 
	0xffff, 0xffff, 0xffff, 0xffff, 0xffff, 0xffff, 0xffff, 0xffff, 0xffff, 0xffff, 0xffff, 0xffff, 0xffff, 0xffff, 0xffff, 0xffff, 
	0xffff, 0xffff, 0xffff, 0xffff, 0xffff, 0xffff, 0xffff, 0xffff, 0xffff, 0xffff, 0xffff, 0xffff, 0xffff, 0xffff, 0xffff, 0xffff, 
	0xffff, 0xffff, 0xffff, 0xffff, 0xffff, 0xffff, 0xffff, 0xffff, 0xffff, 0xffff, 0xffff, 0xffff, 0xffff, 0xffff, 0xffff, 0xffff, 
	0xffff, 0xffff, 0xffff, 0xffff, 0xffff, 0xffff, 0xffff, 0xffff, 0xffff, 0xffff, 0xffff, 0xffff, 0xffff, 0xffff, 0xffff, 0xffff, 
	0xffff, 0xffff, 0xffff, 0xffff, 0xffff, 0xffff, 0xffff, 0xffff, 0xffff, 0xffff, 0xffff, 0xffff, 0xffff, 0xffff, 0xffff, 0xffff, 
	0xffff, 0xffff, 0xffff, 0xffff, 0xffff, 0xffff, 0xffff, 0xffff, 0xffff, 0xffff, 0xffff, 0xffff, 0xffff, 0xffff, 0xffff, 0xffff, 
	0xffff, 0xffff, 0xffff, 0xffff, 0xffff, 0xffff, 0xffff, 0xffff, 0xffff, 0xffff, 0xffff, 0xffff, 0xffff, 0xffff, 0xffff, 0xffff, 
	0xffff, 0xffff, 0xffff, 0xffff, 0xffff, 0xffff, 0xffdf, 0x9cb3, 0x4a69, 0x9cd3, 0xffff, 0xffff, 0xffff, 0xffff, 0xffff, 0xffff, 
	0xffff, 0xffff, 0xffff, 0xffff, 0xffff, 0xffff, 0xffff, 0xffff, 0xffff, 0xffff, 0xffff, 0xffff, 0xffff, 0xffff, 0xffff, 0xffff, 
	0xffff, 0xffff, 0xffff, 0xffff, 0xffff, 0xffff, 0xffff, 0xffff, 0xffff, 0xffff, 0xffff, 0xffff, 0xffff, 0xffff, 0xffff, 0xffff, 
	0xffff, 0xffff, 0xffff, 0xffff, 0xffff, 0xffff, 0xffff, 0xffff, 0xffff, 0xffff, 0xffff, 0xffff, 0xffff, 0xffff, 0xffff, 0xffff, 
	0xffff, 0xffff, 0xffff, 0xffff, 0xffff, 0xffff, 0xffff, 0xffff, 0xffff, 0xffff, 0xffff, 0xffff, 0xffff, 0xffff, 0xffff, 0xffff, 
	0xffff, 0xffff, 0xffff, 0xffff, 0xffff, 0xffff, 0xffff, 0xffff, 0xffff, 0xffff, 0xffff, 0xffff, 0xffff, 0xffff, 0xffff, 0xffff, 
	0xffff, 0xffff, 0xffff, 0xffff, 0xffff, 0xffff, 0xffff, 0xffff, 0xffff, 0xffff, 0xffff, 0xffff, 0xffff, 0xffff, 0xffff, 0xffff, 
	0xffff, 0xffff, 0xffff, 0xffff, 0xffff, 0xffff, 0xffff, 0xffff, 0xffff, 0xffff, 0xffff, 0xffff, 0xffff, 0xffff, 0xffff, 0xffff, 
	0xffff, 0xffff, 0xffff, 0xffff, 0xffff, 0xffff, 0xffff, 0xffff, 0xffff, 0xffff, 0xffff, 0xffff, 0xffff, 0xffff, 0xffff, 0xffff, 
	0xffff, 0xffff, 0xffff, 0xffff, 0xffff, 0xffff, 0xffff, 0xffff, 0xffff, 0xffff, 0xffff, 0xffff, 0xffff, 0xffff, 0xffff, 0xffff, 
	0xffff, 0xffff, 0xffff, 0xffff, 0xffff, 0xffff, 0xffff, 0xffff, 0xffff, 0xffff, 0xffff, 0xffff, 0xffff, 0xffff, 0xffff, 0xffff, 
	0xffff, 0xffff, 0xffff, 0xffff, 0xffff, 0xffff, 0xffff, 0xffff, 0xffff, 0xffff, 0xffff, 0xffff, 0xffff, 0xffff, 0xffff, 0xffff, 
	0xffff, 0xffff, 0xffff, 0xffff, 0xffff, 0xffff, 0xffff, 0xffff, 0xffff, 0xffff, 0xffff, 0xffff, 0xffff, 0xffff, 0xffff, 0xffff, 
	0xffff, 0xffff, 0xffff, 0xffff, 0xffff, 0xffff, 0xffff, 0xffff, 0xffff, 0xffff, 0xffff, 0xffff, 0xffff, 0xffff, 0xffff, 0xffff, 
	0xffff, 0xffff, 0xffff, 0xffff, 0xffff, 0xffff, 0xffff, 0xffff, 0xffff, 0xffff, 0xffff, 0xffff, 0xffff, 0xffff, 0xffff, 0xffff, 
	0xffff, 0xffff, 0xffff, 0xffff, 0xffff, 0xffff, 0xffff, 0xffff, 0xe71c, 0xffff, 0xffff, 0xffff, 0xffff, 0xffff, 0xffff, 0xffff, 
	0xffff, 0xffff, 0xffff, 0xffff, 0xffff, 0xffff, 0xffff, 0xffff, 0xffff, 0xffff, 0xffff, 0xffff, 0xffff, 0xffff, 0xffff, 0xffff, 
	0xffff, 0xffff, 0xffff, 0xffff, 0xffff, 0xffff, 0xffff, 0xffff, 0xffff, 0xffff, 0xffff, 0xffff, 0xffff, 0xffff, 0xffff, 0xffff, 
	0xffff, 0xffff, 0xffff, 0xffff, 0xffff, 0xffff, 0xffff, 0xffff, 0xffff, 0xffff, 0xffff, 0xffff, 0xffff, 0xffff, 0xffff, 0xffff, 
	0xffff, 0xffff, 0xffff, 0xffff, 0xffff, 0xffff, 0xffff, 0xffff, 0xffff, 0xffff, 0xffff, 0xffff, 0xffff, 0xffff, 0xffff, 0xffff, 
	0xffff, 0xffff, 0xffff, 0xffff, 0xffff, 0xffff, 0xffff, 0xffff, 0xffff, 0xffff, 0xffff, 0xffff, 0xffff, 0xffff, 0xffff, 0xffff, 
	0xffff, 0xffff, 0xffff, 0xffff, 0xffff, 0xffff, 0xffff, 0xffff, 0xffff, 0xffff, 0xffff, 0xffff, 0xffff, 0xffff, 0xffff, 0xffff, 
	0xffff, 0xffff, 0xffff, 0xffff, 0xffff, 0xffff, 0xffff, 0xffff, 0xffff, 0xffff, 0xffff, 0xffff, 0xffff, 0xffff, 0xffff, 0xffff, 
	0xffff, 0xffff, 0xffff, 0xffff, 0xffff, 0xffff, 0xffff, 0xffff, 0xffff, 0xffff, 0xffff, 0xffff, 0xffff, 0xffff, 0xffff, 0xffff, 
	0xffff, 0xffff, 0xffff, 0xffff, 0xffff, 0xffff, 0xffff, 0xffff, 0xffff, 0xffff, 0xffff, 0xffff, 0xffff, 0xffff, 0xffff, 0xffff, 
	0xffff, 0xffff, 0xffff, 0xffff, 0xffff, 0xffff, 0xffff, 0xffff, 0xffff, 0xffff, 0xffff, 0xffff, 0xffff, 0xffff, 0xffff, 0xffff, 
	0xffff, 0xffff, 0xffff, 0xffff, 0xffff, 0xffff, 0xffff, 0xffff, 0xffff, 0xffff, 0xffff, 0xffff, 0xffff, 0xffff, 0xffff, 0xffff, 
	0xffff, 0xffff, 0xffff, 0xffff, 0xffff, 0xffff, 0xffff, 0xffff, 0xffff, 0xffff, 0xffff, 0xffff, 0xffff, 0xffff, 0xffff, 0xffff, 
	0xffff, 0xffff, 0xffff, 0xffff, 0xffff, 0xffff, 0xffff, 0xffff, 0xffff, 0xffff, 0xffff, 0xffff, 0xffff, 0xffff, 0xffff, 0xffff, 
	0xffff, 0xffff, 0xffff, 0xffff, 0xffff, 0xffff, 0xffff, 0xffff, 0xffff, 0xffff, 0xffff, 0xffff, 0xffff, 0xffff, 0xffff, 0xffff, 
	0xffff, 0xffff, 0xffff, 0xffff, 0xffff, 0xffff, 0xffff, 0xffff, 0xffff, 0xffff, 0xffff, 0xffff, 0xffff, 0xffff, 0xffff, 0xffff, 
	0xffff, 0xffff, 0xffff, 0xffff, 0xffff, 0xffff, 0xffff, 0xffff, 0xffff, 0xffff, 0xffff, 0xffff, 0xffff, 0xffff, 0xffff, 0xffff, 
	0xffff, 0xffff, 0xffff, 0xffff, 0xffff, 0xffff, 0xffff, 0xffff, 0xffff, 0xffff, 0xffff, 0xffff, 0xffff, 0xffff, 0xffff, 0xffff, 
	0xffff, 0xffff, 0xffff, 0xffff, 0xffff, 0xffff, 0xffff, 0xffff, 0xffff, 0xffff, 0xffff, 0xffff, 0xffff, 0xffff, 0xffff, 0xffff, 
	0xffff, 0xffff, 0xffff, 0xffff, 0xffff, 0xffff, 0xffff, 0xffff, 0xffff, 0xffff, 0xffff, 0xffff, 0xffff, 0xffff, 0xffff, 0xffff, 
	0xffff, 0xffff, 0xffff, 0xffff, 0xffff, 0xffff, 0xffff, 0xffff, 0xffff, 0xffff, 0xffff, 0xffff, 0xffff, 0xffff, 0xffff, 0xffff, 
	0xffff, 0xffff, 0xffff, 0xffff, 0xffff, 0xffff, 0xffff, 0xffff, 0xffff, 0xffff, 0xffff, 0xffff, 0xffff, 0xffff, 0xffff, 0xffff, 
	0xffff, 0xffff, 0xffff, 0xffff, 0xffff, 0xffff, 0xffff, 0xffff, 0xffff, 0xffff, 0xffff, 0xffff, 0xffff, 0xffff, 0xffff, 0xffff, 
	0xffff, 0xffff, 0xffff, 0xffff, 0xffff, 0xffff, 0xffff, 0xffff, 0xffff, 0xffff, 0xffff, 0xffff, 0xffff, 0xffff, 0xffff, 0xffff, 
	0xffff, 0xffff, 0xffff, 0xffff, 0xffff, 0xffff, 0xffff, 0xffff, 0xffff, 0xffff, 0xffff, 0xffff, 0xffff, 0xffff, 0xffff, 0xffff, 
	0xffff, 0xffff, 0xffff, 0xffff, 0xffff, 0xffff, 0xffff, 0xffff, 0xffff, 0xffff, 0xffff, 0xffff, 0xffff, 0xffff, 0xffff, 0xffff, 
	0xffff, 0xffff, 0xffff, 0xffff, 0xffff, 0xffff, 0xffff, 0xffff, 0xffff, 0xffff, 0xffff, 0xffff, 0xffff, 0xffff, 0xffff, 0xffff, 
	0xffff, 0xffff, 0xffff, 0xffff, 0xffff, 0xffff, 0xffff, 0xffff, 0xffff, 0xffff, 0xffff, 0xffff, 0xffff, 0xffff, 0xffff, 0xffff, 
	0xffff, 0xffff, 0xffff, 0xffff, 0xffff, 0xffff, 0xffff, 0xffff, 0xffff, 0xffff, 0xffff, 0xffff, 0xffff, 0xffff, 0xffff, 0xffff, 
	0xffff, 0xffff, 0xffff, 0xffff, 0xffff, 0xffff, 0xffff, 0xffff, 0xffff, 0xffff, 0xffff, 0xffff, 0xffff, 0xffff, 0xffff, 0xffff, 
	0xffff, 0xffff, 0xffff, 0xffff, 0xffff, 0xffff, 0xffff, 0xffff, 0xffff, 0xffff, 0xffff, 0xffff, 0xffff, 0xffff, 0xffff, 0xffff, 
	0xffff, 0xffff, 0xffff, 0xffff, 0xffff, 0xffff, 0xffff, 0xffff, 0xffff, 0xffff, 0xffff, 0xffff, 0xffff, 0xffff, 0xffff, 0xffff, 
	0xffff, 0xffff, 0xffff, 0xffff, 0xffff, 0xffff, 0xffff, 0xffff, 0xffff, 0xffff, 0xffff, 0xffff, 0xffff, 0xffff, 0xffff, 0xffff, 
	0xffff, 0xffff, 0xffff, 0xffff, 0xffff, 0xffff, 0xffff, 0xffff, 0xffff, 0xffff, 0xffff, 0xffff, 0xffff, 0xffff, 0xffff, 0xffff, 
	0xffff, 0xffff, 0xffff, 0xffff, 0xffff, 0xffff, 0xffff, 0xffff, 0xffff, 0xffff, 0xffff, 0xffff, 0xffff, 0xffff, 0xffff, 0xffff, 
	0xffff, 0xffff, 0xffff, 0xffff, 0xffff, 0xffff, 0xffff, 0xffff, 0xffff, 0xffff, 0xffff, 0xffff, 0xffff, 0xffff, 0xffff, 0xffff, 
	0xffff, 0xffff, 0xffff, 0xffff, 0xffff, 0xffff, 0xffff, 0xffff, 0xffff, 0xffff, 0xffff, 0xffff, 0xffff, 0xffff, 0xffff, 0xffff, 
	0xffff, 0xffff, 0xffff, 0xffff, 0xffff, 0xffff, 0xffff, 0xffff, 0xffff, 0xffff, 0xffff, 0xffff, 0xffff, 0xffff, 0xffff, 0xffff, 
	
};